elapsed_s,stage,host_monotonic_ns,device_timestamp_ms,axis,roll_deg,pitch_deg,relative_angle_deg,effective_error_deg,p_us,i_us,d_us,output_us,actual_pwm_us,saturated,in_deadband,mode
0.000000,00-120_STILL,36875648672900,87700,PITCH,-0.03,0.0,-0.03,0.0,0.0,0.0,0.0,0,1500,0,1,PID_ATTITUDE
0.108941,00-120_STILL,36875757614200,87800,PITCH,-0.02,0.01,-0.02,0.0,0.0,0.0,0.0,0,1500,0,1,PID_ATTITUDE
0.202657,00-120_STILL,36875851329600,87900,PITCH,-0.02,0.01,-0.02,0.0,0.0,0.0,0.0,0,1500,0,1,PID_ATTITUDE
0.297108,00-120_STILL,36875945780800,88000,PITCH,-0.03,0.01,-0.02,0.0,0.0,0.0,0.0,0,1500,0,1,PID_ATTITUDE
0.407005,00-120_STILL,36876055678100,88100,PITCH,-0.02,0.0,-0.03,0.0,0.0,0.0,0.0,0,1500,0,1,PID_ATTITUDE
0.499027,00-120_STILL,36876147700200,88200,PITCH,-0.03,0.0,-0.03,0.0,0.0,0.0,0.0,0,1500,0,1,PID_ATTITUDE
0.608284,00-120_STILL,36876256956500,88300,PITCH,-0.04,0.0,-0.03,0.0,0.0,0.0,0.0,0,1500,0,1,PID_ATTITUDE
0.702012,00-120_STILL,36876350684800,88400,PITCH,-0.05,0.0,-0.03,0.0,0.0,0.0,0.0,0,1500,0,1,PID_ATTITUDE
0.748552,00-120_STILL,36876397225100,88500,PITCH,-0.05,0.0,-0.03,0.0,0.0,0.0,0.0,0,1500,0,1,PID_ATTITUDE
0.904117,00-120_STILL,36876552790200,88600,PITCH,-0.04,-0.01,-0.04,0.0,0.0,0.0,0.0,0,1500,0,1,PID_ATTITUDE
0.998372,00-120_STILL,36876647045400,88700,PITCH,-0.03,-0.02,-0.05,0.0,0.0,0.0,0.0,0,1500,0,1,PID_ATTITUDE
1.107186,00-120_STILL,36876755858900,88800,PITCH,-0.03,-0.02,-0.05,0.0,0.0,0.0,0.0,0,1500,0,1,PID_ATTITUDE
1.198740,00-120_STILL,36876847413100,88900,PITCH,-0.01,-0.01,-0.04,0.0,0.0,0.0,0.0,0,1500,0,1,PID_ATTITUDE
1.308281,00-120_STILL,36876956954000,89000,PITCH,-0.01,-0.01,-0.04,0.0,0.0,0.0,0.0,0,1500,0,1,PID_ATTITUDE
1.403610,00-120_STILL,36877052283300,89100,PITCH,-0.02,-0.01,-0.04,0.0,0.0,0.0,0.0,0,1500,0,1,PID_ATTITUDE
1.497276,00-120_STILL,36877145948600,89200,PITCH,-0.02,0.0,-0.03,0.0,0.0,0.0,0.0,0,1500,0,1,PID_ATTITUDE
1.607094,00-120_STILL,36877255766900,89300,PITCH,-0.01,0.01,-0.02,0.0,0.0,0.0,0.0,0,1500,0,1,PID_ATTITUDE
1.701376,00-120_STILL,36877350048500,89400,PITCH,-0.01,0.01,-0.02,0.0,0.0,0.0,0.0,0,1500,0,1,PID_ATTITUDE
1.748157,00-120_STILL,36877396829700,89500,PITCH,-0.02,0.0,-0.03,0.0,0.0,0.0,0.0,0,1500,0,1,PID_ATTITUDE
1.903788,00-120_STILL,36877552460500,89600,PITCH,-0.02,-0.01,-0.04,0.0,0.0,0.0,0.0,0,1500,0,1,PID_ATTITUDE
1.996956,00-120_STILL,36877645628500,89700,PITCH,-0.02,0.0,-0.03,0.0,0.0,0.0,0.0,0,1500,0,1,PID_ATTITUDE
2.106342,00-120_STILL,36877755014500,89800,PITCH,-0.01,0.0,-0.03,0.0,0.0,0.0,0.0,0,1500,0,1,PID_ATTITUDE
2.198695,00-120_STILL,36877847368100,89900,PITCH,0.0,0.0,-0.03,0.0,0.0,0.0,0.0,0,1500,0,1,PID_ATTITUDE
2.308511,00-120_STILL,36877957184100,90000,PITCH,-0.01,0.01,-0.02,0.0,0.0,0.0,0.0,0,1500,0,1,PID_ATTITUDE
2.403060,00-120_STILL,36878051733300,90100,PITCH,-0.02,0.02,-0.01,0.0,0.0,0.0,0.0,0,1500,0,1,PID_ATTITUDE
2.497096,00-120_STILL,36878145769300,90200,PITCH,-0.02,0.01,-0.02,0.0,0.0,0.0,0.0,0,1500,0,1,PID_ATTITUDE
2.604772,00-120_STILL,36878253444800,90300,PITCH,-0.02,0.0,-0.03,0.0,0.0,0.0,0.0,0,1500,0,1,PID_ATTITUDE
2.698910,00-120_STILL,36878347582600,90400,PITCH,-0.02,0.0,-0.03,0.0,0.0,0.0,0.0,0,1500,0,1,PID_ATTITUDE
2.747699,00-120_STILL,36878396372400,90500,PITCH,-0.02,0.0,-0.03,0.0,0.0,0.0,0.0,0,1500,0,1,PID_ATTITUDE
2.902833,00-120_STILL,36878551505800,90600,PITCH,-0.03,0.0,-0.03,0.0,0.0,0.0,0.0,0,1500,0,1,PID_ATTITUDE
2.995634,00-120_STILL,36878644306700,90700,PITCH,-0.02,0.01,-0.02,0.0,0.0,0.0,0.0,0,1500,0,1,PID_ATTITUDE
3.103565,00-120_STILL,36878752237600,90800,PITCH,-0.02,0.0,-0.03,0.0,0.0,0.0,0.0,0,1500,0,1,PID_ATTITUDE
3.197182,00-120_STILL,36878845855300,90900,PITCH,-0.01,0.0,-0.03,0.0,0.0,0.0,0.0,0,1500,0,1,PID_ATTITUDE
3.305370,00-120_STILL,36878954043200,91000,PITCH,-0.01,0.0,-0.03,0.0,0.0,0.0,0.0,0,1500,0,1,PID_ATTITUDE
3.399867,00-120_STILL,36879048539600,91100,PITCH,-0.02,0.01,-0.02,0.0,0.0,0.0,0.0,0,1500,0,1,PID_ATTITUDE
3.493443,00-120_STILL,36879142115900,91200,PITCH,-0.02,0.02,-0.01,0.0,0.0,0.0,0.0,0,1500,0,1,PID_ATTITUDE
3.602610,00-120_STILL,36879251282900,91300,PITCH,-0.02,0.02,-0.01,0.0,0.0,0.0,0.0,0,1500,0,1,PID_ATTITUDE
3.695091,00-120_STILL,36879343764200,91400,PITCH,-0.02,0.01,-0.02,0.0,0.0,0.0,0.0,0,1500,0,1,PID_ATTITUDE
3.747552,00-120_STILL,36879396225000,91500,PITCH,-0.03,0.0,-0.03,0.0,0.0,0.0,0.0,0,1500,0,1,PID_ATTITUDE
3.899642,00-120_STILL,36879548314700,91600,PITCH,-0.02,0.0,-0.04,0.0,0.0,0.0,0.0,0,1500,0,1,PID_ATTITUDE
4.007692,00-120_STILL,36879656365100,91700,PITCH,-0.02,-0.01,-0.04,0.0,0.0,0.0,0.0,0,1500,0,1,PID_ATTITUDE
4.101913,00-120_STILL,36879750586000,91800,PITCH,0.0,-0.01,-0.04,0.0,0.0,0.0,0.0,0,1500,0,1,PID_ATTITUDE
4.195602,00-120_STILL,36879844275300,91900,PITCH,0.0,-0.01,-0.04,0.0,0.0,0.0,0.0,0,1500,0,1,PID_ATTITUDE
4.304079,00-120_STILL,36879952751900,92000,PITCH,0.0,-0.01,-0.04,0.0,0.0,0.0,0.0,0,1500,0,1,PID_ATTITUDE
4.398994,00-120_STILL,36880047666900,92100,PITCH,0.0,-0.01,-0.04,0.0,0.0,0.0,0.0,0,1500,0,1,PID_ATTITUDE
4.508234,00-120_STILL,36880156907200,92200,PITCH,0.0,-0.01,-0.04,0.0,0.0,0.0,0.0,0,1500,0,1,PID_ATTITUDE
4.601528,00-120_STILL,36880250200400,92300,PITCH,-0.01,-0.02,-0.05,0.0,0.0,0.0,0.0,0,1500,0,1,PID_ATTITUDE
4.695626,00-120_STILL,36880344298600,92400,PITCH,-0.02,-0.01,-0.05,0.0,0.0,0.0,0.0,0,1500,0,1,PID_ATTITUDE
4.747621,00-120_STILL,36880396294300,92500,PITCH,-0.03,-0.02,-0.05,0.0,0.0,0.0,0.0,0,1500,0,1,PID_ATTITUDE
4.895920,00-120_STILL,36880544592600,92600,PITCH,-0.03,-0.02,-0.05,0.0,0.0,0.0,0.0,0,1500,0,1,PID_ATTITUDE
5.005442,00-120_STILL,36880654115000,92700,PITCH,-0.03,-0.01,-0.04,0.0,0.0,0.0,0.0,0,1500,0,1,PID_ATTITUDE
5.099691,00-120_STILL,36880748364400,92800,PITCH,-0.02,-0.01,-0.03,0.0,0.0,0.0,0.0,0,1500,0,1,PID_ATTITUDE
5.193548,00-120_STILL,36880842221300,92900,PITCH,-0.02,-0.01,-0.04,0.0,0.0,0.0,0.0,0,1500,0,1,PID_ATTITUDE
5.300032,00-120_STILL,36880948704800,93000,PITCH,-0.02,0.0,-0.03,0.0,0.0,0.0,0.0,0,1500,0,1,PID_ATTITUDE
5.393568,00-120_STILL,36881042241300,93100,PITCH,-0.03,-0.01,-0.04,0.0,0.0,0.0,0.0,0,1500,0,1,PID_ATTITUDE
5.502088,00-120_STILL,36881150760700,93200,PITCH,-0.02,-0.01,-0.04,0.0,0.0,0.0,0.0,0,1500,0,1,PID_ATTITUDE
5.596889,00-120_STILL,36881245562000,93300,PITCH,-0.02,-0.01,-0.04,0.0,0.0,0.0,0.0,0,1500,0,1,PID_ATTITUDE
5.705582,00-120_STILL,36881354255300,93400,PITCH,-0.02,-0.01,-0.04,0.0,0.0,0.0,0.0,0,1500,0,1,PID_ATTITUDE
5.747409,00-120_STILL,36881396081800,93500,PITCH,-0.01,-0.01,-0.04,0.0,0.0,0.0,0.0,0,1500,0,1,PID_ATTITUDE
5.906707,00-120_STILL,36881555380300,93600,PITCH,0.0,0.0,-0.03,0.0,0.0,0.0,0.0,0,1500,0,1,PID_ATTITUDE
5.999541,00-120_STILL,36881648213600,93700,PITCH,-0.01,-0.01,-0.04,0.0,0.0,0.0,0.0,0,1500,0,1,PID_ATTITUDE
6.094074,00-120_STILL,36881742746600,93800,PITCH,-0.01,-0.03,-0.06,0.0,0.0,0.0,0.0,0,1500,0,1,PID_ATTITUDE
6.203100,00-120_STILL,36881851772400,93900,PITCH,-0.01,-0.03,-0.06,0.0,0.0,0.0,0.0,0,1500,0,1,PID_ATTITUDE
6.296866,00-120_STILL,36881945538500,94000,PITCH,-0.02,-0.03,-0.06,0.0,0.0,0.0,0.0,0,1500,0,1,PID_ATTITUDE
6.405513,00-120_STILL,36882054186400,94100,PITCH,-0.03,-0.02,-0.05,0.0,0.0,0.0,0.0,0,1500,0,1,PID_ATTITUDE
6.499766,00-120_STILL,36882148438800,94200,PITCH,-0.02,-0.01,-0.04,0.0,0.0,0.0,0.0,0,1500,0,1,PID_ATTITUDE
6.593089,00-120_STILL,36882241761900,94300,PITCH,-0.02,-0.01,-0.04,0.0,0.0,0.0,0.0,0,1500,0,1,PID_ATTITUDE
6.701373,00-120_STILL,36882350045700,94400,PITCH,-0.02,-0.02,-0.05,0.0,0.0,0.0,0.0,0,1500,0,1,PID_ATTITUDE
6.747115,00-120_STILL,36882395787800,94500,PITCH,-0.01,-0.01,-0.04,0.0,0.0,0.0,0.0,0,1500,0,1,PID_ATTITUDE
6.903076,00-120_STILL,36882551749200,94600,PITCH,-0.02,0.0,-0.03,0.0,0.0,0.0,0.0,0,1500,0,1,PID_ATTITUDE
6.996617,00-120_STILL,36882645290300,94700,PITCH,-0.02,0.01,-0.02,0.0,0.0,0.0,0.0,0,1500,0,1,PID_ATTITUDE
7.106530,00-120_STILL,36882755203100,94800,PITCH,-0.02,0.01,-0.02,0.0,0.0,0.0,0.0,0,1500,0,1,PID_ATTITUDE
7.199710,00-120_STILL,36882848383100,94900,PITCH,-0.02,0.02,-0.02,0.0,0.0,0.0,0.0,0,1500,0,1,PID_ATTITUDE
7.307358,00-120_STILL,36882956031200,95000,PITCH,-0.02,0.01,-0.02,0.0,0.0,0.0,0.0,0,1500,0,1,PID_ATTITUDE
7.401362,00-120_STILL,36883050035300,95100,PITCH,-0.01,0.0,-0.03,0.0,0.0,0.0,0.0,0,1500,0,1,PID_ATTITUDE
7.495619,00-120_STILL,36883144291700,95200,PITCH,-0.01,0.0,-0.03,0.0,0.0,0.0,0.0,0,1500,0,1,PID_ATTITUDE
7.606163,00-120_STILL,36883254835800,95300,PITCH,-0.02,0.0,-0.03,0.0,0.0,0.0,0.0,0,1500,0,1,PID_ATTITUDE
7.698461,00-120_STILL,36883347134000,95400,PITCH,-0.01,0.0,-0.03,0.0,0.0,0.0,0.0,0,1500,0,1,PID_ATTITUDE
7.746980,00-120_STILL,36883395652700,95500,PITCH,-0.02,0.0,-0.03,0.0,0.0,0.0,0.0,0,1500,0,1,PID_ATTITUDE
7.901743,00-120_STILL,36883550415400,95600,PITCH,-0.02,0.01,-0.02,0.0,0.0,0.0,0.0,0,1500,0,1,PID_ATTITUDE
7.995172,00-120_STILL,36883643844700,95700,PITCH,-0.02,0.02,-0.01,0.0,0.0,0.0,0.0,0,1500,0,1,PID_ATTITUDE
8.105013,00-120_STILL,36883753685700,95800,PITCH,-0.01,0.01,-0.02,0.0,0.0,0.0,0.0,0,1500,0,1,PID_ATTITUDE
8.198635,00-120_STILL,36883847308100,95900,PITCH,-0.03,0.01,-0.02,0.0,0.0,0.0,0.0,0,1500,0,1,PID_ATTITUDE
8.306632,00-120_STILL,36883955305300,96000,PITCH,-0.02,0.0,-0.04,0.0,0.0,0.0,0.0,0,1500,0,1,PID_ATTITUDE
8.399869,00-120_STILL,36884048542100,96100,PITCH,-0.02,-0.01,-0.04,0.0,0.0,0.0,0.0,0,1500,0,1,PID_ATTITUDE
8.493108,00-120_STILL,36884141781400,96200,PITCH,-0.02,-0.01,-0.05,0.0,0.0,0.0,0.0,0,1500,0,1,PID_ATTITUDE
8.602282,00-120_STILL,36884250955400,96300,PITCH,-0.03,-0.02,-0.05,0.0,0.0,0.0,0.0,0,1500,0,1,PID_ATTITUDE
8.695784,00-120_STILL,36884344456500,96400,PITCH,-0.03,-0.03,-0.06,0.0,0.0,0.0,0.0,0,1500,0,1,PID_ATTITUDE
8.746968,00-120_STILL,36884395640700,96500,PITCH,-0.02,-0.03,-0.06,0.0,0.0,0.0,0.0,0,1500,0,1,PID_ATTITUDE
8.897108,00-120_STILL,36884545781300,96600,PITCH,-0.02,-0.02,-0.05,0.0,0.0,0.0,0.0,0,1500,0,1,PID_ATTITUDE
9.006011,00-120_STILL,36884654684000,96700,PITCH,-0.01,-0.02,-0.05,0.0,0.0,0.0,0.0,0,1500,0,1,PID_ATTITUDE
9.099711,00-120_STILL,36884748383900,96800,PITCH,0.0,-0.01,-0.04,0.0,0.0,0.0,0.0,0,1500,0,1,PID_ATTITUDE
9.193125,00-120_STILL,36884841797800,96900,PITCH,0.0,0.0,-0.03,0.0,0.0,0.0,0.0,0,1500,0,1,PID_ATTITUDE
9.303341,00-120_STILL,36884952014200,97000,PITCH,-0.01,0.0,-0.03,0.0,0.0,0.0,0.0,0,1500,0,1,PID_ATTITUDE
9.397846,00-120_STILL,36885046518500,97100,PITCH,-0.01,0.0,-0.03,0.0,0.0,0.0,0.0,0,1500,0,1,PID_ATTITUDE
9.507060,00-120_STILL,36885155733100,97200,PITCH,-0.01,0.01,-0.03,0.0,0.0,0.0,0.0,0,1500,0,1,PID_ATTITUDE
9.599760,00-120_STILL,36885248433000,97300,PITCH,-0.02,0.0,-0.03,0.0,0.0,0.0,0.0,0,1500,0,1,PID_ATTITUDE
9.693556,00-120_STILL,36885342228900,97400,PITCH,-0.04,-0.02,-0.05,0.0,0.0,0.0,0.0,0,1500,0,1,PID_ATTITUDE
9.746646,00-120_STILL,36885395319200,97500,PITCH,-0.05,-0.02,-0.05,0.0,0.0,0.0,0.0,0,1500,0,1,PID_ATTITUDE
9.895137,00-120_STILL,36885543810100,97600,PITCH,-0.05,-0.02,-0.05,0.0,0.0,0.0,0.0,0,1500,0,1,PID_ATTITUDE
10.005077,00-120_STILL,36885653749800,97700,PITCH,-0.04,-0.04,-0.07,0.0,0.0,0.0,0.0,0,1500,0,1,PID_ATTITUDE
10.098222,00-120_STILL,36885746895200,97800,PITCH,-0.04,-0.04,-0.07,0.0,0.0,0.0,0.0,0,1500,0,1,PID_ATTITUDE
10.206873,00-120_STILL,36885855546100,97900,PITCH,-0.04,-0.04,-0.07,0.0,0.0,0.0,0.0,0,1500,0,1,PID_ATTITUDE
10.301353,00-120_STILL,36885950025400,98000,PITCH,-0.04,-0.04,-0.07,0.0,0.0,0.0,0.0,0,1500,0,1,PID_ATTITUDE
10.393989,00-120_STILL,36886042661600,98100,PITCH,-0.04,-0.05,-0.08,0.0,0.0,0.0,0.0,0,1500,0,1,PID_ATTITUDE
10.502079,00-120_STILL,36886150751700,98200,PITCH,-0.03,-0.04,-0.07,0.0,0.0,0.0,0.0,0,1500,0,1,PID_ATTITUDE
10.593461,00-120_STILL,36886242133600,98300,PITCH,-0.02,-0.03,-0.06,0.0,0.0,0.0,0.0,0,1500,0,1,PID_ATTITUDE
10.704126,00-120_STILL,36886352799100,98400,PITCH,-0.01,-0.03,-0.05,0.0,0.0,0.0,0.0,0,1500,0,1,PID_ATTITUDE
10.746527,00-120_STILL,36886395200200,98500,PITCH,0.0,-0.02,-0.05,0.0,0.0,0.0,0.0,0,1500,0,1,PID_ATTITUDE
10.892361,00-120_STILL,36886541033800,98600,PITCH,-0.01,-0.02,-0.05,0.0,0.0,0.0,0.0,0,1500,0,1,PID_ATTITUDE
11.000067,00-120_STILL,36886648739600,98700,PITCH,-0.01,-0.02,-0.05,0.0,0.0,0.0,0.0,0,1500,0,1,PID_ATTITUDE
11.093040,00-120_STILL,36886741712500,98800,PITCH,0.0,-0.01,-0.04,0.0,0.0,0.0,0.0,0,1500,0,1,PID_ATTITUDE
11.201197,00-120_STILL,36886849869500,98900,PITCH,-0.01,-0.02,-0.05,0.0,0.0,0.0,0.0,0,1500,0,1,PID_ATTITUDE
11.293269,00-120_STILL,36886941942200,99000,PITCH,-0.01,-0.01,-0.04,0.0,0.0,0.0,0.0,0,1500,0,1,PID_ATTITUDE
11.401889,00-120_STILL,36887050561700,99100,PITCH,-0.02,-0.01,-0.04,0.0,0.0,0.0,0.0,0,1500,0,1,PID_ATTITUDE
11.494847,00-120_STILL,36887143520300,99200,PITCH,-0.02,-0.01,-0.04,0.0,0.0,0.0,0.0,0,1500,0,1,PID_ATTITUDE
11.603595,00-120_STILL,36887252268300,99300,PITCH,-0.02,-0.01,-0.04,0.0,0.0,0.0,0.0,0,1500,0,1,PID_ATTITUDE
11.697045,00-120_STILL,36887345718400,99400,PITCH,-0.01,-0.01,-0.04,0.0,0.0,0.0,0.0,0,1500,0,1,PID_ATTITUDE
11.746575,00-120_STILL,36887395247900,99500,PITCH,-0.01,-0.02,-0.05,0.0,0.0,0.0,0.0,0,1500,0,1,PID_ATTITUDE
11.900142,00-120_STILL,36887548815000,99600,PITCH,-0.02,-0.03,-0.06,0.0,0.0,0.0,0.0,0,1500,0,1,PID_ATTITUDE
11.992748,00-120_STILL,36887641420900,99700,PITCH,-0.03,-0.04,-0.07,0.0,0.0,0.0,0.0,0,1500,0,1,PID_ATTITUDE
12.101399,00-120_STILL,36887750072100,99800,PITCH,-0.04,-0.03,-0.06,0.0,0.0,0.0,0.0,0,1500,0,1,PID_ATTITUDE
12.193806,00-120_STILL,36887842478700,99900,PITCH,-0.04,-0.03,-0.06,0.0,0.0,0.0,0.0,0,1500,0,1,PID_ATTITUDE
12.300843,00-120_STILL,36887949516400,100000,PITCH,-0.03,-0.02,-0.05,0.0,0.0,0.0,0.0,0,1500,0,1,PID_ATTITUDE
12.394403,00-120_STILL,36888043076000,100100,PITCH,-0.02,-0.02,-0.05,0.0,0.0,0.0,0.0,0,1500,0,1,PID_ATTITUDE
12.503278,00-120_STILL,36888151950500,100200,PITCH,-0.02,-0.02,-0.05,0.0,0.0,0.0,0.0,0,1500,0,1,PID_ATTITUDE
12.597723,00-120_STILL,36888246395800,100300,PITCH,-0.03,-0.03,-0.06,0.0,0.0,0.0,0.0,0,1500,0,1,PID_ATTITUDE
12.706343,00-120_STILL,36888355015900,100400,PITCH,-0.02,-0.03,-0.06,0.0,0.0,0.0,0.0,0,1500,0,1,PID_ATTITUDE
12.746190,00-120_STILL,36888394863000,100500,PITCH,0.0,-0.02,-0.05,0.0,0.0,0.0,0.0,0,1500,0,1,PID_ATTITUDE
12.892123,00-120_STILL,36888540796100,100600,PITCH,0.0,-0.02,-0.05,0.0,0.0,0.0,0.0,0,1500,0,1,PID_ATTITUDE
12.999709,00-120_STILL,36888648381400,100700,PITCH,0.0,-0.03,-0.06,0.0,0.0,0.0,0.0,0,1500,0,1,PID_ATTITUDE
13.107071,00-120_STILL,36888755743700,100800,PITCH,0.0,-0.03,-0.05,0.0,0.0,0.0,0.0,0,1500,0,1,PID_ATTITUDE
13.201073,00-120_STILL,36888849745600,100900,PITCH,0.0,-0.03,-0.07,0.0,0.0,0.0,0.0,0,1500,0,1,PID_ATTITUDE
13.294112,00-120_STILL,36888942785000,101000,PITCH,-0.01,-0.04,-0.06,0.0,0.0,0.0,0.0,0,1500,0,1,PID_ATTITUDE
13.404784,00-120_STILL,36889053456600,101100,PITCH,-0.01,-0.02,-0.05,0.0,0.0,0.0,0.0,0,1500,0,1,PID_ATTITUDE
13.497494,00-120_STILL,36889146167100,101200,PITCH,-0.01,-0.02,-0.04,0.0,0.0,0.0,0.0,0,1500,0,1,PID_ATTITUDE
13.605751,00-120_STILL,36889254423600,101300,PITCH,-0.01,-0.01,-0.04,0.0,0.0,0.0,0.0,0,1500,0,1,PID_ATTITUDE
13.698918,00-120_STILL,36889347590500,101400,PITCH,0.0,0.0,-0.03,0.0,0.0,0.0,0.0,0,1500,0,1,PID_ATTITUDE
13.746082,00-120_STILL,36889394755100,101500,PITCH,-0.01,0.0,-0.02,0.0,0.0,0.0,0.0,0,1500,0,1,PID_ATTITUDE
13.899096,00-120_STILL,36889547768900,101600,PITCH,-0.01,0.01,-0.02,0.0,0.0,0.0,0.0,0,1500,0,1,PID_ATTITUDE
13.991708,00-120_STILL,36889640381400,101700,PITCH,-0.01,0.01,-0.02,0.0,0.0,0.0,0.0,0,1500,0,1,PID_ATTITUDE
14.100605,00-120_STILL,36889749278200,101800,PITCH,-0.01,0.01,-0.02,0.0,0.0,0.0,0.0,0,1500,0,1,PID_ATTITUDE
14.194540,00-120_STILL,36889843212900,101900,PITCH,0.0,0.01,-0.02,0.0,0.0,0.0,0.0,0,1500,0,1,PID_ATTITUDE
14.303721,00-120_STILL,36889952393900,102000,PITCH,-0.01,0.01,-0.02,0.0,0.0,0.0,0.0,0,1500,0,1,PID_ATTITUDE
14.397227,00-120_STILL,36890045900100,102100,PITCH,-0.01,-0.01,-0.04,0.0,0.0,0.0,0.0,0,1500,0,1,PID_ATTITUDE
14.505770,00-120_STILL,36890154442500,102200,PITCH,-0.02,-0.02,-0.05,0.0,0.0,0.0,0.0,0,1500,0,1,PID_ATTITUDE
14.599730,00-120_STILL,36890248403400,102300,PITCH,-0.02,-0.03,-0.06,0.0,0.0,0.0,0.0,0,1500,0,1,PID_ATTITUDE
14.693351,00-120_STILL,36890342024300,102400,PITCH,-0.03,-0.03,-0.06,0.0,0.0,0.0,0.0,0,1500,0,1,PID_ATTITUDE
14.745899,00-120_STILL,36890394572300,102500,PITCH,-0.03,-0.03,-0.06,0.0,0.0,0.0,0.0,0,1500,0,1,PID_ATTITUDE
14.895154,00-120_STILL,36890543827100,102600,PITCH,-0.02,-0.03,-0.07,0.0,0.0,0.0,0.0,0,1500,0,1,PID_ATTITUDE
15.003428,00-120_STILL,36890652100700,102700,PITCH,0.0,-0.03,-0.06,0.0,0.0,0.0,0.0,0,1500,0,1,PID_ATTITUDE
15.095989,00-120_STILL,36890744661400,102800,PITCH,0.01,-0.02,-0.05,0.0,0.0,0.0,0.0,0,1500,0,1,PID_ATTITUDE
15.204629,00-120_STILL,36890853302100,102900,PITCH,0.01,-0.01,-0.04,0.0,0.0,0.0,0.0,0,1500,0,1,PID_ATTITUDE
15.296925,00-120_STILL,36890945598300,103000,PITCH,0.01,-0.01,-0.04,0.0,0.0,0.0,0.0,0,1500,0,1,PID_ATTITUDE
15.392331,00-120_STILL,36891041004200,103100,PITCH,0.0,-0.01,-0.04,0.0,0.0,0.0,0.0,0,1500,0,1,PID_ATTITUDE
15.502473,00-120_STILL,36891151146000,103200,PITCH,0.0,-0.02,-0.05,0.0,0.0,0.0,0.0,0,1500,0,1,PID_ATTITUDE
15.594767,00-120_STILL,36891243440400,103300,PITCH,0.0,-0.01,-0.04,0.0,0.0,0.0,0.0,0,1500,0,1,PID_ATTITUDE
15.704011,00-120_STILL,36891352684300,103400,PITCH,0.0,-0.01,-0.04,0.0,0.0,0.0,0.0,0,1500,0,1,PID_ATTITUDE
15.745798,00-120_STILL,36891394470800,103500,PITCH,0.0,-0.01,-0.04,0.0,0.0,0.0,0.0,0,1500,0,1,PID_ATTITUDE
15.906054,00-120_STILL,36891554726600,103600,PITCH,0.01,-0.01,-0.04,0.0,0.0,0.0,0.0,0,1500,0,1,PID_ATTITUDE
16.000782,00-120_STILL,36891649455300,103700,PITCH,0.0,-0.01,-0.04,0.0,0.0,0.0,0.0,0,1500,0,1,PID_ATTITUDE
16.094853,00-120_STILL,36891743525500,103800,PITCH,-0.02,-0.01,-0.04,0.0,0.0,0.0,0.0,0,1500,0,1,PID_ATTITUDE
16.204680,00-120_STILL,36891853352400,103900,PITCH,-0.02,-0.02,-0.05,0.0,0.0,0.0,0.0,0,1500,0,1,PID_ATTITUDE
16.297805,00-120_STILL,36891946478200,104000,PITCH,-0.02,-0.01,-0.04,0.0,0.0,0.0,0.0,0,1500,0,1,PID_ATTITUDE
16.406913,00-120_STILL,36892055586100,104100,PITCH,-0.02,-0.01,-0.03,0.0,0.0,0.0,0.0,0,1500,0,1,PID_ATTITUDE
16.500986,00-120_STILL,36892149659400,104200,PITCH,-0.02,0.0,-0.03,0.0,0.0,0.0,0.0,0,1500,0,1,PID_ATTITUDE
16.593884,00-120_STILL,36892242556600,104300,PITCH,-0.02,0.0,-0.03,0.0,0.0,0.0,0.0,0,1500,0,1,PID_ATTITUDE
16.703981,00-120_STILL,36892352653500,104400,PITCH,-0.02,-0.02,-0.05,0.0,0.0,0.0,0.0,0,1500,0,1,PID_ATTITUDE
16.745599,00-120_STILL,36892394272100,104500,PITCH,-0.02,-0.03,-0.06,0.0,0.0,0.0,0.0,0,1500,0,1,PID_ATTITUDE
16.904478,00-120_STILL,36892553150500,104600,PITCH,-0.02,-0.03,-0.05,0.0,0.0,0.0,0.0,0,1500,0,1,PID_ATTITUDE
16.999382,00-120_STILL,36892648055100,104700,PITCH,-0.02,-0.02,-0.05,0.0,0.0,0.0,0.0,0,1500,0,1,PID_ATTITUDE
17.093973,00-120_STILL,36892742646000,104800,PITCH,-0.02,-0.02,-0.05,0.0,0.0,0.0,0.0,0,1500,0,1,PID_ATTITUDE
17.202946,00-120_STILL,36892851618700,104900,PITCH,-0.02,-0.03,-0.06,0.0,0.0,0.0,0.0,0,1500,0,1,PID_ATTITUDE
17.297375,00-120_STILL,36892946047400,105000,PITCH,-0.02,-0.04,-0.07,0.0,0.0,0.0,0.0,0,1500,0,1,PID_ATTITUDE
17.405178,00-120_STILL,36893053851000,105100,PITCH,-0.02,-0.04,-0.07,0.0,0.0,0.0,0.0,0,1500,0,1,PID_ATTITUDE
17.498083,00-120_STILL,36893146755600,105200,PITCH,-0.02,-0.03,-0.07,0.0,0.0,0.0,0.0,0,1500,0,1,PID_ATTITUDE
17.591595,00-120_STILL,36893240267500,105300,PITCH,-0.02,-0.03,-0.06,0.0,0.0,0.0,0.0,0,1500,0,1,PID_ATTITUDE
17.699650,00-120_STILL,36893348323200,105400,PITCH,-0.02,-0.05,-0.08,0.0,0.0,0.0,0.0,0,1500,0,1,PID_ATTITUDE
17.745826,00-120_STILL,36893394499200,105500,PITCH,-0.01,-0.04,-0.07,0.0,0.0,0.0,0.0,0,1500,0,1,PID_ATTITUDE
17.904054,00-120_STILL,36893552727100,105600,PITCH,0.0,-0.04,-0.07,0.0,0.0,0.0,0.0,0,1500,0,1,PID_ATTITUDE
17.997650,00-120_STILL,36893646322800,105700,PITCH,0.0,-0.03,-0.06,0.0,0.0,0.0,0.0,0,1500,0,1,PID_ATTITUDE
18.090787,00-120_STILL,36893739460000,105800,PITCH,0.0,-0.03,-0.06,0.0,0.0,0.0,0.0,0,1500,0,1,PID_ATTITUDE
18.201072,00-120_STILL,36893849744600,105900,PITCH,0.01,-0.03,-0.07,0.0,0.0,0.0,0.0,0,1500,0,1,PID_ATTITUDE
18.295478,00-120_STILL,36893944150800,106000,PITCH,0.02,-0.04,-0.06,0.0,0.0,0.0,0.0,0,1500,0,1,PID_ATTITUDE
18.404385,00-120_STILL,36894053057500,106100,PITCH,0.02,-0.03,-0.06,0.0,0.0,0.0,0.0,0,1500,0,1,PID_ATTITUDE
18.496429,00-120_STILL,36894145101900,106200,PITCH,0.02,-0.02,-0.05,0.0,0.0,0.0,0.0,0,1500,0,1,PID_ATTITUDE
18.604059,00-120_STILL,36894252731900,106300,PITCH,0.01,-0.03,-0.06,0.0,0.0,0.0,0.0,0,1500,0,1,PID_ATTITUDE
18.696820,00-120_STILL,36894345492600,106400,PITCH,0.0,-0.04,-0.06,0.0,0.0,0.0,0.0,0,1500,0,1,PID_ATTITUDE
18.745233,00-120_STILL,36894393906200,106500,PITCH,-0.01,-0.02,-0.05,0.0,0.0,0.0,0.0,0,1500,0,1,PID_ATTITUDE
18.899048,00-120_STILL,36894547721200,106600,PITCH,-0.01,-0.03,-0.06,0.0,0.0,0.0,0.0,0,1500,0,1,PID_ATTITUDE
18.991707,00-120_STILL,36894640379600,106700,PITCH,-0.01,-0.03,-0.06,0.0,0.0,0.0,0.0,0,1500,0,1,PID_ATTITUDE
19.101521,00-120_STILL,36894750194200,106800,PITCH,0.0,-0.02,-0.05,0.0,0.0,0.0,0.0,0,1500,0,1,PID_ATTITUDE
19.194328,00-120_STILL,36894843000600,106900,PITCH,-0.01,-0.01,-0.03,0.0,0.0,0.0,0.0,0,1500,0,1,PID_ATTITUDE
19.304163,00-120_STILL,36894952836000,107000,PITCH,-0.01,0.0,-0.03,0.0,0.0,0.0,0.0,0,1500,0,1,PID_ATTITUDE
19.396923,00-120_STILL,36895045596100,107100,PITCH,-0.01,0.01,-0.02,0.0,0.0,0.0,0.0,0,1500,0,1,PID_ATTITUDE
19.491157,00-120_STILL,36895139829800,107200,PITCH,-0.01,0.01,-0.02,0.0,0.0,0.0,0.0,0,1500,0,1,PID_ATTITUDE
19.600110,00-120_STILL,36895248782800,107300,PITCH,0.0,0.01,-0.02,0.0,0.0,0.0,0.0,0,1500,0,1,PID_ATTITUDE
19.693045,00-120_STILL,36895341717700,107400,PITCH,0.0,0.01,-0.02,0.0,0.0,0.0,0.0,0,1500,0,1,PID_ATTITUDE
19.745141,00-120_STILL,36895393813600,107500,PITCH,0.0,0.03,0.0,0.0,0.0,0.0,0.0,0,1500,0,1,PID_ATTITUDE
19.895048,00-120_STILL,36895543721100,107600,PITCH,0.0,0.02,-0.01,0.0,0.0,0.0,0.0,0,1500,0,1,PID_ATTITUDE
20.003557,00-120_STILL,36895652230000,107700,PITCH,0.0,0.01,-0.02,0.0,0.0,0.0,0.0,0,1500,0,1,PID_ATTITUDE
20.094886,00-120_STILL,36895743559000,107800,PITCH,0.0,0.01,-0.02,0.0,0.0,0.0,0.0,0,1500,0,1,PID_ATTITUDE
20.203511,00-120_STILL,36895852183700,107900,PITCH,-0.01,0.01,-0.02,0.0,0.0,0.0,0.0,0,1500,0,1,PID_ATTITUDE
20.296109,00-120_STILL,36895944781500,108000,PITCH,0.0,0.01,-0.02,0.0,0.0,0.0,0.0,0,1500,0,1,PID_ATTITUDE
20.403770,00-120_STILL,36896052443200,108100,PITCH,-0.01,0.0,-0.03,0.0,0.0,0.0,0.0,0,1500,0,1,PID_ATTITUDE
20.495422,00-120_STILL,36896144094600,108200,PITCH,-0.01,0.0,-0.03,0.0,0.0,0.0,0.0,0,1500,0,1,PID_ATTITUDE
20.605106,00-120_STILL,36896253778600,108300,PITCH,-0.01,0.0,-0.03,0.0,0.0,0.0,0.0,0,1500,0,1,PID_ATTITUDE
20.699480,00-120_STILL,36896348153200,108400,PITCH,-0.01,0.01,-0.02,0.0,0.0,0.0,0.0,0,1500,0,1,PID_ATTITUDE
20.745027,00-120_STILL,36896393700400,108500,PITCH,-0.01,0.02,-0.01,0.0,0.0,0.0,0.0,0,1500,0,1,PID_ATTITUDE
20.900020,00-120_STILL,36896548692600,108600,PITCH,-0.01,0.02,-0.01,0.0,0.0,0.0,0.0,0,1500,0,1,PID_ATTITUDE
20.994163,00-120_STILL,36896642835600,108700,PITCH,-0.01,0.01,-0.02,0.0,0.0,0.0,0.0,0,1500,0,1,PID_ATTITUDE
21.102846,00-120_STILL,36896751519300,108800,PITCH,0.01,0.02,-0.01,0.0,0.0,0.0,0.0,0,1500,0,1,PID_ATTITUDE
21.195266,00-120_STILL,36896843939200,108900,PITCH,0.0,0.01,-0.02,0.0,0.0,0.0,0.0,0,1500,0,1,PID_ATTITUDE
21.302639,00-120_STILL,36896951311700,109000,PITCH,-0.01,0.02,-0.01,0.0,0.0,0.0,0.0,0,1500,0,1,PID_ATTITUDE
21.394717,00-120_STILL,36897043389900,109100,PITCH,-0.01,0.02,-0.01,0.0,0.0,0.0,0.0,0,1500,0,1,PID_ATTITUDE
21.503725,00-120_STILL,36897152398100,109200,PITCH,0.0,0.01,-0.02,0.0,0.0,0.0,0.0,0,1500,0,1,PID_ATTITUDE
21.597170,00-120_STILL,36897245842700,109300,PITCH,0.0,0.02,-0.01,0.0,0.0,0.0,0.0,0,1500,0,1,PID_ATTITUDE
21.705510,00-120_STILL,36897354183300,109400,PITCH,0.0,0.03,0.0,0.0,0.0,0.0,0.0,0,1500,0,1,PID_ATTITUDE
21.744854,00-120_STILL,36897393527000,109500,PITCH,0.0,0.03,0.01,0.0,0.0,0.0,0.0,0,1500,0,1,PID_ATTITUDE
21.892571,00-120_STILL,36897541243800,109600,PITCH,0.0,0.03,0.0,0.0,0.0,0.0,0.0,0,1500,0,1,PID_ATTITUDE
22.002109,00-120_STILL,36897650781700,109700,PITCH,-0.01,0.01,-0.02,0.0,0.0,0.0,0.0,0,1500,0,1,PID_ATTITUDE
22.096189,00-120_STILL,36897744861900,109800,PITCH,-0.01,0.0,-0.03,0.0,0.0,0.0,0.0,0,1500,0,1,PID_ATTITUDE
22.205367,00-120_STILL,36897854040200,109900,PITCH,-0.02,0.0,-0.03,0.0,0.0,0.0,0.0,0,1500,0,1,PID_ATTITUDE
22.298752,00-120_STILL,36897947424600,110000,PITCH,-0.02,-0.01,-0.04,0.0,0.0,0.0,0.0,0,1500,0,1,PID_ATTITUDE
22.391655,00-120_STILL,36898040327900,110100,PITCH,-0.02,-0.02,-0.05,0.0,0.0,0.0,0.0,0,1500,0,1,PID_ATTITUDE
22.501096,00-120_STILL,36898149768600,110200,PITCH,-0.03,-0.02,-0.05,0.0,0.0,0.0,0.0,0,1500,0,1,PID_ATTITUDE
22.593992,00-120_STILL,36898242664600,110300,PITCH,-0.03,-0.03,-0.06,0.0,0.0,0.0,0.0,0,1500,0,1,PID_ATTITUDE
22.703189,00-120_STILL,36898351861900,110400,PITCH,-0.03,-0.02,-0.05,0.0,0.0,0.0,0.0,0,1500,0,1,PID_ATTITUDE
22.744777,00-120_STILL,36898393450300,110500,PITCH,-0.04,-0.02,-0.05,0.0,0.0,0.0,0.0,0,1500,0,1,PID_ATTITUDE
22.904109,00-120_STILL,36898552782000,110600,PITCH,-0.03,-0.03,-0.06,0.0,0.0,0.0,0.0,0,1500,0,1,PID_ATTITUDE
22.996724,00-120_STILL,36898645397400,110700,PITCH,-0.02,-0.04,-0.07,0.0,0.0,0.0,0.0,0,1500,0,1,PID_ATTITUDE
23.105802,00-120_STILL,36898754474600,110800,PITCH,-0.01,-0.05,-0.08,0.0,0.0,0.0,0.0,0,1500,0,1,PID_ATTITUDE
23.199316,00-120_STILL,36898847989300,110900,PITCH,0.0,-0.05,-0.08,0.0,0.0,0.0,0.0,0,1500,0,1,PID_ATTITUDE
23.292601,00-120_STILL,36898941273700,111000,PITCH,0.0,-0.04,-0.07,0.0,0.0,0.0,0.0,0,1500,0,1,PID_ATTITUDE
23.401137,00-120_STILL,36899049810100,111100,PITCH,-0.01,-0.04,-0.07,0.0,0.0,0.0,0.0,0,1500,0,1,PID_ATTITUDE
23.495285,00-120_STILL,36899143957700,111200,PITCH,-0.03,-0.04,-0.06,0.0,0.0,0.0,0.0,0,1500,0,1,PID_ATTITUDE
23.603982,00-120_STILL,36899252655200,111300,PITCH,-0.02,-0.03,-0.06,0.0,0.0,0.0,0.0,0,1500,0,1,PID_ATTITUDE
23.697470,00-120_STILL,36899346143200,111400,PITCH,-0.02,-0.02,-0.05,0.0,0.0,0.0,0.0,0,1500,0,1,PID_ATTITUDE
23.744767,00-120_STILL,36899393439800,111500,PITCH,-0.03,-0.02,-0.05,0.0,0.0,0.0,0.0,0,1500,0,1,PID_ATTITUDE
23.900510,00-120_STILL,36899549183200,111600,PITCH,-0.03,-0.02,-0.05,0.0,0.0,0.0,0.0,0,1500,0,1,PID_ATTITUDE
23.992615,00-120_STILL,36899641288200,111700,PITCH,-0.01,-0.02,-0.05,0.0,0.0,0.0,0.0,0,1500,0,1,PID_ATTITUDE
24.101440,00-120_STILL,36899750112600,111800,PITCH,-0.02,-0.02,-0.06,0.0,0.0,0.0,0.0,0,1500,0,1,PID_ATTITUDE
24.195629,00-120_STILL,36899844301700,111900,PITCH,-0.01,-0.03,-0.06,0.0,0.0,0.0,0.0,0,1500,0,1,PID_ATTITUDE
24.303673,00-120_STILL,36899952345800,112000,PITCH,-0.01,-0.02,-0.05,0.0,0.0,0.0,0.0,0,1500,0,1,PID_ATTITUDE
24.397539,00-120_STILL,36900046212200,112100,PITCH,0.0,-0.02,-0.05,0.0,0.0,0.0,0.0,0,1500,0,1,PID_ATTITUDE
24.491051,00-120_STILL,36900139724100,112200,PITCH,-0.01,-0.02,-0.05,0.0,0.0,0.0,0.0,0,1500,0,1,PID_ATTITUDE
24.600967,00-120_STILL,36900249639600,112300,PITCH,-0.01,-0.01,-0.03,0.0,0.0,0.0,0.0,0,1500,0,1,PID_ATTITUDE
24.693898,00-120_STILL,36900342570900,112400,PITCH,-0.01,0.01,-0.02,0.0,0.0,0.0,0.0,0,1500,0,1,PID_ATTITUDE
24.744271,00-120_STILL,36900392944300,112500,PITCH,-0.01,0.02,-0.01,0.0,0.0,0.0,0.0,0,1500,0,1,PID_ATTITUDE
24.897543,00-120_STILL,36900546216200,112600,PITCH,0.0,0.02,-0.01,0.0,0.0,0.0,0.0,0,1500,0,1,PID_ATTITUDE
24.990667,00-120_STILL,36900639340200,112700,PITCH,0.0,0.02,-0.01,0.0,0.0,0.0,0.0,0,1500,0,1,PID_ATTITUDE
25.100179,00-120_STILL,36900748852100,112800,PITCH,0.0,0.01,-0.02,0.0,0.0,0.0,0.0,0,1500,0,1,PID_ATTITUDE
25.193054,00-120_STILL,36900841726500,112900,PITCH,0.01,-0.01,-0.04,0.0,0.0,0.0,0.0,0,1500,0,1,PID_ATTITUDE
25.300974,00-120_STILL,36900949646900,113000,PITCH,0.02,-0.02,-0.05,0.0,0.0,0.0,0.0,0,1500,0,1,PID_ATTITUDE
25.393156,00-120_STILL,36901041829100,113100,PITCH,0.01,-0.03,-0.06,0.0,0.0,0.0,0.0,0,1500,0,1,PID_ATTITUDE
25.502581,00-120_STILL,36901151254000,113200,PITCH,0.01,-0.03,-0.06,0.0,0.0,0.0,0.0,0,1500,0,1,PID_ATTITUDE
25.597215,00-120_STILL,36901245888200,113300,PITCH,0.0,-0.04,-0.07,0.0,0.0,0.0,0.0,0,1500,0,1,PID_ATTITUDE
25.691701,00-120_STILL,36901340374100,113400,PITCH,-0.01,-0.05,-0.08,0.0,0.0,0.0,0.0,0,1500,0,1,PID_ATTITUDE
25.744222,00-120_STILL,36901392895000,113500,PITCH,0.0,-0.06,-0.09,0.0,0.0,0.0,0.0,0,1500,0,1,PID_ATTITUDE
25.895588,00-120_STILL,36901544260800,113600,PITCH,0.0,-0.07,-0.1,0.0,0.0,0.0,0.0,0,1500,0,1,PID_ATTITUDE
26.003631,00-120_STILL,36901652303600,113700,PITCH,0.0,-0.07,-0.1,0.0,0.0,0.0,0.0,0,1500,0,1,PID_ATTITUDE
26.097619,00-120_STILL,36901746291700,113800,PITCH,0.0,-0.06,-0.09,0.0,0.0,0.0,0.0,0,1500,0,1,PID_ATTITUDE
26.190643,00-120_STILL,36901839316100,113900,PITCH,0.0,-0.05,-0.08,0.0,0.0,0.0,0.0,0,1500,0,1,PID_ATTITUDE
26.299248,00-120_STILL,36901947921300,114000,PITCH,-0.01,-0.04,-0.07,0.0,0.0,0.0,0.0,0,1500,0,1,PID_ATTITUDE
26.390812,00-120_STILL,36902039484900,114100,PITCH,-0.01,-0.03,-0.06,0.0,0.0,0.0,0.0,0,1500,0,1,PID_ATTITUDE
26.500502,00-120_STILL,36902149175200,114200,PITCH,0.0,-0.03,-0.06,0.0,0.0,0.0,0.0,0,1500,0,1,PID_ATTITUDE
26.594189,00-120_STILL,36902242861400,114300,PITCH,0.0,-0.02,-0.05,0.0,0.0,0.0,0.0,0,1500,0,1,PID_ATTITUDE
26.703532,00-120_STILL,36902352204500,114400,PITCH,0.0,-0.01,-0.04,0.0,0.0,0.0,0.0,0,1500,0,1,PID_ATTITUDE
26.744099,00-120_STILL,36902392772100,114500,PITCH,-0.02,-0.01,-0.04,0.0,0.0,0.0,0.0,0,1500,0,1,PID_ATTITUDE
26.905287,00-120_STILL,36902553959500,114600,PITCH,-0.01,0.0,-0.03,0.0,0.0,0.0,0.0,0,1500,0,1,PID_ATTITUDE
26.997866,00-120_STILL,36902646538800,114700,PITCH,-0.01,0.0,-0.03,0.0,0.0,0.0,0.0,0,1500,0,1,PID_ATTITUDE
27.091459,00-120_STILL,36902740132100,114800,PITCH,-0.02,0.02,-0.01,0.0,0.0,0.0,0.0,0,1500,0,1,PID_ATTITUDE
27.200502,00-120_STILL,36902849175000,114900,PITCH,-0.02,0.01,-0.02,0.0,0.0,0.0,0.0,0,1500,0,1,PID_ATTITUDE
27.294089,00-120_STILL,36902942762100,115000,PITCH,-0.02,0.01,-0.02,0.0,0.0,0.0,0.0,0,1500,0,1,PID_ATTITUDE
27.403050,00-120_STILL,36903051723100,115100,PITCH,-0.02,0.01,-0.02,0.0,0.0,0.0,0.0,0,1500,0,1,PID_ATTITUDE
27.496123,00-120_STILL,36903144795800,115200,PITCH,-0.03,0.0,-0.03,0.0,0.0,0.0,0.0,0,1500,0,1,PID_ATTITUDE
27.604179,00-120_STILL,36903252852100,115300,PITCH,-0.03,-0.01,-0.04,0.0,0.0,0.0,0.0,0,1500,0,1,PID_ATTITUDE
27.698110,00-120_STILL,36903346782400,115400,PITCH,-0.03,-0.01,-0.04,0.0,0.0,0.0,0.0,0,1500,0,1,PID_ATTITUDE
27.744045,00-120_STILL,36903392717500,115500,PITCH,-0.03,-0.01,-0.04,0.0,0.0,0.0,0.0,0,1500,0,1,PID_ATTITUDE
27.901359,00-120_STILL,36903550031700,115600,PITCH,-0.02,-0.01,-0.04,0.0,0.0,0.0,0.0,0,1500,0,1,PID_ATTITUDE
27.995442,00-120_STILL,36903644114600,115700,PITCH,-0.02,0.0,-0.03,0.0,0.0,0.0,0.0,0,1500,0,1,PID_ATTITUDE
28.103132,00-120_STILL,36903751804800,115800,PITCH,-0.02,0.0,-0.03,0.0,0.0,0.0,0.0,0,1500,0,1,PID_ATTITUDE
28.197383,00-120_STILL,36903846056100,115900,PITCH,-0.02,0.0,-0.03,0.0,0.0,0.0,0.0,0,1500,0,1,PID_ATTITUDE
28.291130,00-120_STILL,36903939803300,116000,PITCH,-0.02,0.0,-0.02,0.0,0.0,0.0,0.0,0,1500,0,1,PID_ATTITUDE
28.399593,00-120_STILL,36904048265800,116100,PITCH,-0.02,0.01,-0.02,0.0,0.0,0.0,0.0,0,1500,0,1,PID_ATTITUDE
28.491858,00-120_STILL,36904140530600,116200,PITCH,-0.01,-0.01,-0.04,0.0,0.0,0.0,0.0,0,1500,0,1,PID_ATTITUDE
28.600687,00-120_STILL,36904249359700,116300,PITCH,0.0,-0.02,-0.05,0.0,0.0,0.0,0.0,0,1500,0,1,PID_ATTITUDE
28.694014,00-120_STILL,36904342687100,116400,PITCH,0.01,-0.03,-0.06,0.0,0.0,0.0,0.0,0,1500,0,1,PID_ATTITUDE
28.743788,00-120_STILL,36904392461000,116500,PITCH,0.01,-0.04,-0.07,0.0,0.0,0.0,0.0,0,1500,0,1,PID_ATTITUDE
28.896368,00-120_STILL,36904545040600,116600,PITCH,0.0,-0.04,-0.07,0.0,0.0,0.0,0.0,0,1500,0,1,PID_ATTITUDE
28.989985,00-120_STILL,36904638658200,116700,PITCH,0.0,-0.04,-0.07,0.0,0.0,0.0,0.0,0,1500,0,1,PID_ATTITUDE
29.098876,00-120_STILL,36904747548600,116800,PITCH,0.0,-0.05,-0.08,0.0,0.0,0.0,0.0,0,1500,0,1,PID_ATTITUDE
29.193388,00-120_STILL,36904842060900,116900,PITCH,0.01,-0.04,-0.07,0.0,0.0,0.0,0.0,0,1500,0,1,PID_ATTITUDE
29.301493,00-120_STILL,36904950166400,117000,PITCH,0.02,-0.04,-0.07,0.0,0.0,0.0,0.0,0,1500,0,1,PID_ATTITUDE
29.395313,00-120_STILL,36905043986000,117100,PITCH,0.02,-0.04,-0.07,0.0,0.0,0.0,0.0,0,1500,0,1,PID_ATTITUDE
29.503392,00-120_STILL,36905152064900,117200,PITCH,0.01,-0.04,-0.07,0.0,0.0,0.0,0.0,0,1500,0,1,PID_ATTITUDE
29.596760,00-120_STILL,36905245433200,117300,PITCH,0.01,-0.04,-0.07,0.0,0.0,0.0,0.0,0,1500,0,1,PID_ATTITUDE
29.690173,00-120_STILL,36905338845500,117400,PITCH,0.01,-0.04,-0.07,0.0,0.0,0.0,0.0,0,1500,0,1,PID_ATTITUDE
29.743663,00-120_STILL,36905392336200,117500,PITCH,0.0,-0.04,-0.07,0.0,0.0,0.0,0.0,0,1500,0,1,PID_ATTITUDE
29.892294,00-120_STILL,36905540966800,117600,PITCH,-0.01,-0.04,-0.06,0.0,0.0,0.0,0.0,0,1500,0,1,PID_ATTITUDE
30.001464,00-120_STILL,36905650137000,117700,PITCH,-0.02,-0.03,-0.07,0.0,0.0,0.0,0.0,0,1500,0,1,PID_ATTITUDE
30.094003,00-120_STILL,36905742675600,117800,PITCH,-0.01,-0.03,-0.06,0.0,0.0,0.0,0.0,0,1500,0,1,PID_ATTITUDE
30.203621,00-120_STILL,36905852294000,117900,PITCH,-0.02,-0.03,-0.06,0.0,0.0,0.0,0.0,0,1500,0,1,PID_ATTITUDE
30.296815,00-120_STILL,36905945487500,118000,PITCH,-0.01,-0.02,-0.05,0.0,0.0,0.0,0.0,0,1500,0,1,PID_ATTITUDE
30.389673,00-120_STILL,36906038345600,118100,PITCH,-0.02,-0.03,-0.06,0.0,0.0,0.0,0.0,0,1500,0,1,PID_ATTITUDE
30.499586,00-120_STILL,36906148258800,118200,PITCH,-0.01,-0.03,-0.06,0.0,0.0,0.0,0.0,0,1500,0,1,PID_ATTITUDE
30.591826,00-120_STILL,36906240499000,118300,PITCH,-0.01,-0.01,-0.04,0.0,0.0,0.0,0.0,0,1500,0,1,PID_ATTITUDE
30.701887,00-120_STILL,36906350560000,118400,PITCH,-0.02,0.0,-0.03,0.0,0.0,0.0,0.0,0,1500,0,1,PID_ATTITUDE
30.743532,00-120_STILL,36906392205100,118500,PITCH,-0.02,0.0,-0.03,0.0,0.0,0.0,0.0,0,1500,0,1,PID_ATTITUDE
30.891156,00-120_STILL,36906539828600,118600,PITCH,-0.02,-0.01,-0.04,0.0,0.0,0.0,0.0,0,1500,0,1,PID_ATTITUDE
31.000192,00-120_STILL,36906648864800,118700,PITCH,-0.02,-0.01,-0.04,0.0,0.0,0.0,0.0,0,1500,0,1,PID_ATTITUDE
31.094658,00-120_STILL,36906743330600,118800,PITCH,-0.01,-0.01,-0.04,0.0,0.0,0.0,0.0,0,1500,0,1,PID_ATTITUDE
31.204286,00-120_STILL,36906852959200,118900,PITCH,-0.02,-0.01,-0.04,0.0,0.0,0.0,0.0,0,1500,0,1,PID_ATTITUDE
31.298160,00-120_STILL,36906946833300,119000,PITCH,-0.01,-0.01,-0.04,0.0,0.0,0.0,0.0,0,1500,0,1,PID_ATTITUDE
31.391957,00-120_STILL,36907040629800,119100,PITCH,-0.02,-0.01,-0.05,0.0,0.0,0.0,0.0,0,1500,0,1,PID_ATTITUDE
31.500933,00-120_STILL,36907149606400,119200,PITCH,-0.03,-0.02,-0.05,0.0,0.0,0.0,0.0,0,1500,0,1,PID_ATTITUDE
31.593991,00-120_STILL,36907242663700,119300,PITCH,-0.03,-0.02,-0.05,0.0,0.0,0.0,0.0,0,1500,0,1,PID_ATTITUDE
31.702331,00-120_STILL,36907351004100,119400,PITCH,-0.02,-0.01,-0.04,0.0,0.0,0.0,0.0,0,1500,0,1,PID_ATTITUDE
31.743341,00-120_STILL,36907392014100,119500,PITCH,-0.02,-0.02,-0.05,0.0,0.0,0.0,0.0,0,1500,0,1,PID_ATTITUDE
31.904303,00-120_STILL,36907552976000,119600,PITCH,-0.02,-0.03,-0.06,0.0,0.0,0.0,0.0,0,1500,0,1,PID_ATTITUDE
31.998704,00-120_STILL,36907647377200,119700,PITCH,-0.02,-0.03,-0.06,0.0,0.0,0.0,0.0,0,1500,0,1,PID_ATTITUDE
32.092931,00-120_STILL,36907741604100,119800,PITCH,-0.01,-0.03,-0.06,0.0,0.0,0.0,0.0,0,1500,0,1,PID_ATTITUDE
32.201692,00-120_STILL,36907850365200,119900,PITCH,0.0,-0.04,-0.07,0.0,0.0,0.0,0.0,0,1500,0,1,PID_ATTITUDE
32.295247,00-120_STILL,36907943919700,120000,PITCH,-0.01,-0.04,-0.07,0.0,0.0,0.0,0.0,0,1500,0,1,PID_ATTITUDE
32.403374,00-120_STILL,36908052046700,120100,PITCH,-0.01,-0.05,-0.08,0.0,0.0,0.0,0.0,0,1500,0,1,PID_ATTITUDE
32.495444,00-120_STILL,36908144116900,120200,PITCH,-0.01,-0.06,-0.09,0.0,0.0,0.0,0.0,0,1500,0,1,PID_ATTITUDE
32.589487,00-120_STILL,36908238159500,120300,PITCH,0.0,-0.05,-0.08,0.0,0.0,0.0,0.0,0,1500,0,1,PID_ATTITUDE
32.699479,00-120_STILL,36908348152000,120400,PITCH,0.0,-0.05,-0.08,0.0,0.0,0.0,0.0,0,1500,0,1,PID_ATTITUDE
32.743203,00-120_STILL,36908391875900,120500,PITCH,-0.01,-0.05,-0.08,0.0,0.0,0.0,0.0,0,1500,0,1,PID_ATTITUDE
32.901426,00-120_STILL,36908550098600,120600,PITCH,-0.02,-0.05,-0.08,0.0,0.0,0.0,0.0,0,1500,0,1,PID_ATTITUDE
32.995260,00-120_STILL,36908643932400,120700,PITCH,-0.01,-0.03,-0.06,0.0,0.0,0.0,0.0,0,1500,0,1,PID_ATTITUDE
33.102384,00-120_STILL,36908751056500,120800,PITCH,-0.02,-0.03,-0.06,0.0,0.0,0.0,0.0,0,1500,0,1,PID_ATTITUDE
33.195203,00-120_STILL,36908843875800,120900,PITCH,-0.01,-0.03,-0.06,0.0,0.0,0.0,0.0,0,1500,0,1,PID_ATTITUDE
33.304583,00-120_STILL,36908953255800,121000,PITCH,-0.02,-0.04,-0.07,0.0,0.0,0.0,0.0,0,1500,0,1,PID_ATTITUDE
33.398714,00-120_STILL,36909047387400,121100,PITCH,-0.02,-0.04,-0.07,0.0,0.0,0.0,0.0,0,1500,0,1,PID_ATTITUDE
33.492176,00-120_STILL,36909140848400,121200,PITCH,-0.02,-0.03,-0.06,0.0,0.0,0.0,0.0,0,1500,0,1,PID_ATTITUDE
33.599777,00-120_STILL,36909248450200,121300,PITCH,-0.01,-0.02,-0.05,0.0,0.0,0.0,0.0,0,1500,0,1,PID_ATTITUDE
33.693833,00-120_STILL,36909342506300,121400,PITCH,-0.01,-0.02,-0.06,0.0,0.0,0.0,0.0,0,1500,0,1,PID_ATTITUDE
33.742884,00-120_STILL,36909391556700,121500,PITCH,0.0,-0.02,-0.05,0.0,0.0,0.0,0.0,0,1500,0,1,PID_ATTITUDE
33.897018,00-120_STILL,36909545691000,121600,PITCH,0.01,-0.02,-0.05,0.0,0.0,0.0,0.0,0,1500,0,1,PID_ATTITUDE
33.989884,00-120_STILL,36909638557000,121700,PITCH,0.0,-0.02,-0.05,0.0,0.0,0.0,0.0,0,1500,0,1,PID_ATTITUDE
34.099446,00-120_STILL,36909748118600,121800,PITCH,0.0,-0.02,-0.05,0.0,0.0,0.0,0.0,0,1500,0,1,PID_ATTITUDE
34.194266,00-120_STILL,36909842939000,121900,PITCH,0.0,-0.03,-0.06,0.0,0.0,0.0,0.0,0,1500,0,1,PID_ATTITUDE
34.304399,00-120_STILL,36909953072200,122000,PITCH,0.0,-0.03,-0.06,0.0,0.0,0.0,0.0,0,1500,0,1,PID_ATTITUDE
34.397190,00-120_STILL,36910045862600,122100,PITCH,-0.01,-0.03,-0.06,0.0,0.0,0.0,0.0,0,1500,0,1,PID_ATTITUDE
34.490785,00-120_STILL,36910139458200,122200,PITCH,-0.01,-0.04,-0.07,0.0,0.0,0.0,0.0,0,1500,0,1,PID_ATTITUDE
34.600283,00-120_STILL,36910248956000,122300,PITCH,-0.02,-0.04,-0.06,0.0,0.0,0.0,0.0,0,1500,0,1,PID_ATTITUDE
34.694380,00-120_STILL,36910343053000,122400,PITCH,-0.03,-0.04,-0.07,0.0,0.0,0.0,0.0,0,1500,0,1,PID_ATTITUDE
34.742724,00-120_STILL,36910391397300,122500,PITCH,-0.03,-0.03,-0.06,0.0,0.0,0.0,0.0,0,1500,0,1,PID_ATTITUDE
34.894508,00-120_STILL,36910543181000,122600,PITCH,-0.03,-0.03,-0.06,0.0,0.0,0.0,0.0,0,1500,0,1,PID_ATTITUDE
35.003743,00-120_STILL,36910652415600,122700,PITCH,-0.02,-0.03,-0.06,0.0,0.0,0.0,0.0,0,1500,0,1,PID_ATTITUDE
35.097168,00-120_STILL,36910745841100,122800,PITCH,-0.02,-0.03,-0.06,0.0,0.0,0.0,0.0,0,1500,0,1,PID_ATTITUDE
35.192319,00-120_STILL,36910840992200,122900,PITCH,-0.01,-0.03,-0.07,0.0,0.0,0.0,0.0,0,1500,0,1,PID_ATTITUDE
35.301890,00-120_STILL,36910950562400,123000,PITCH,0.0,-0.03,-0.06,0.0,0.0,0.0,0.0,0,1500,0,1,PID_ATTITUDE
35.396167,00-120_STILL,36911044840300,123100,PITCH,0.01,-0.02,-0.05,0.0,0.0,0.0,0.0,0,1500,0,1,PID_ATTITUDE
35.490759,00-120_STILL,36911139431700,123200,PITCH,0.0,-0.01,-0.04,0.0,0.0,0.0,0.0,0,1500,0,1,PID_ATTITUDE
35.599263,00-120_STILL,36911247935600,123300,PITCH,0.0,-0.01,-0.04,0.0,0.0,0.0,0.0,0,1500,0,1,PID_ATTITUDE
35.693203,00-120_STILL,36911341875800,123400,PITCH,0.0,-0.01,-0.04,0.0,0.0,0.0,0.0,0,1500,0,1,PID_ATTITUDE
35.742756,00-120_STILL,36911391428400,123500,PITCH,0.0,0.0,-0.03,0.0,0.0,0.0,0.0,0,1500,0,1,PID_ATTITUDE
35.894396,00-120_STILL,36911543069200,123600,PITCH,0.0,0.0,-0.03,0.0,0.0,0.0,0.0,0,1500,0,1,PID_ATTITUDE
36.003182,00-120_STILL,36911651854500,123700,PITCH,0.0,0.01,-0.02,0.0,0.0,0.0,0.0,0,1500,0,1,PID_ATTITUDE
36.094992,00-120_STILL,36911743664900,123800,PITCH,0.0,0.01,-0.02,0.0,0.0,0.0,0.0,0,1500,0,1,PID_ATTITUDE
36.204239,00-120_STILL,36911852912100,123900,PITCH,-0.01,0.02,-0.01,0.0,0.0,0.0,0.0,0,1500,0,1,PID_ATTITUDE
36.297267,00-120_STILL,36911945939900,124000,PITCH,-0.02,0.01,-0.02,0.0,0.0,0.0,0.0,0,1500,0,1,PID_ATTITUDE
36.389600,00-120_STILL,36912038272700,124100,PITCH,-0.03,0.01,-0.02,0.0,0.0,0.0,0.0,0,1500,0,1,PID_ATTITUDE
36.499107,00-120_STILL,36912147779800,124200,PITCH,-0.02,0.0,-0.03,0.0,0.0,0.0,0.0,0,1500,0,1,PID_ATTITUDE
36.592556,00-120_STILL,36912241228800,124300,PITCH,-0.02,-0.01,-0.04,0.0,0.0,0.0,0.0,0,1500,0,1,PID_ATTITUDE
36.699688,00-120_STILL,36912348361000,124400,PITCH,-0.02,-0.01,-0.04,0.0,0.0,0.0,0.0,0,1500,0,1,PID_ATTITUDE
36.742611,00-120_STILL,36912391284200,124500,PITCH,-0.01,-0.02,-0.05,0.0,0.0,0.0,0.0,0,1500,0,1,PID_ATTITUDE
36.902391,00-120_STILL,36912551064300,124600,PITCH,-0.01,-0.02,-0.05,0.0,0.0,0.0,0.0,0,1500,0,1,PID_ATTITUDE
36.997162,00-120_STILL,36912645835300,124700,PITCH,0.0,-0.02,-0.05,0.0,0.0,0.0,0.0,0,1500,0,1,PID_ATTITUDE
37.090680,00-120_STILL,36912739352600,124800,PITCH,0.01,-0.03,-0.06,0.0,0.0,0.0,0.0,0,1500,0,1,PID_ATTITUDE
37.199656,00-120_STILL,36912848328600,124900,PITCH,0.01,-0.03,-0.06,0.0,0.0,0.0,0.0,0,1500,0,1,PID_ATTITUDE
37.293385,00-120_STILL,36912942058200,125000,PITCH,0.0,-0.02,-0.05,0.0,0.0,0.0,0.0,0,1500,0,1,PID_ATTITUDE
37.403496,00-120_STILL,36913052168800,125100,PITCH,0.0,-0.03,-0.06,0.0,0.0,0.0,0.0,0,1500,0,1,PID_ATTITUDE
37.497579,00-120_STILL,36913146252300,125200,PITCH,0.0,-0.03,-0.06,0.0,0.0,0.0,0.0,0,1500,0,1,PID_ATTITUDE
37.591018,00-120_STILL,36913239691400,125300,PITCH,0.0,-0.03,-0.06,0.0,0.0,0.0,0.0,0,1500,0,1,PID_ATTITUDE
37.699902,00-120_STILL,36913348574800,125400,PITCH,0.0,-0.03,-0.05,0.0,0.0,0.0,0.0,0,1500,0,1,PID_ATTITUDE
37.742461,00-120_STILL,36913391133700,125500,PITCH,-0.01,-0.02,-0.05,0.0,0.0,0.0,0.0,0,1500,0,1,PID_ATTITUDE
37.901787,00-120_STILL,36913550459900,125600,PITCH,0.0,-0.02,-0.04,0.0,0.0,0.0,0.0,0,1500,0,1,PID_ATTITUDE
37.995681,00-120_STILL,36913644354000,125700,PITCH,0.0,-0.01,-0.04,0.0,0.0,0.0,0.0,0,1500,0,1,PID_ATTITUDE
38.088968,00-120_STILL,36913737640400,125800,PITCH,0.01,-0.01,-0.04,0.0,0.0,0.0,0.0,0,1500,0,1,PID_ATTITUDE
38.199104,00-120_STILL,36913847777200,125900,PITCH,0.01,-0.01,-0.04,0.0,0.0,0.0,0.0,0,1500,0,1,PID_ATTITUDE
38.292418,00-120_STILL,36913941091000,126000,PITCH,0.0,0.01,-0.02,0.0,0.0,0.0,0.0,0,1500,0,1,PID_ATTITUDE
38.400583,00-120_STILL,36914049256200,126100,PITCH,-0.01,0.01,-0.02,0.0,0.0,0.0,0.0,0,1500,0,1,PID_ATTITUDE
38.494937,00-120_STILL,36914143609600,126200,PITCH,-0.02,0.0,-0.03,0.0,0.0,0.0,0.0,0,1500,0,1,PID_ATTITUDE
38.588945,00-120_STILL,36914237618300,126300,PITCH,-0.01,-0.01,-0.04,0.0,0.0,0.0,0.0,0,1500,0,1,PID_ATTITUDE
38.697685,00-120_STILL,36914346357400,126400,PITCH,-0.01,0.0,-0.03,0.0,0.0,0.0,0.0,0,1500,0,1,PID_ATTITUDE
38.742515,00-120_STILL,36914391188000,126500,PITCH,-0.02,0.01,-0.02,0.0,0.0,0.0,0.0,0,1500,0,1,PID_ATTITUDE
38.899302,00-120_STILL,36914547974800,126600,PITCH,-0.01,0.01,-0.02,0.0,0.0,0.0,0.0,0,1500,0,1,PID_ATTITUDE
38.992347,00-120_STILL,36914641019800,126700,PITCH,0.0,0.01,-0.02,0.0,0.0,0.0,0.0,0,1500,0,1,PID_ATTITUDE
39.101242,00-120_STILL,36914749915000,126800,PITCH,0.01,0.01,-0.03,0.0,0.0,0.0,0.0,0,1500,0,1,PID_ATTITUDE
39.193818,00-120_STILL,36914842491000,126900,PITCH,0.01,-0.01,-0.04,0.0,0.0,0.0,0.0,0,1500,0,1,PID_ATTITUDE
39.302332,00-120_STILL,36914951004900,127000,PITCH,0.0,0.0,-0.03,0.0,0.0,0.0,0.0,0,1500,0,1,PID_ATTITUDE
39.396318,00-120_STILL,36915044991100,127100,PITCH,0.01,0.0,-0.03,0.0,0.0,0.0,0.0,0,1500,0,1,PID_ATTITUDE
39.489422,00-120_STILL,36915138095200,127200,PITCH,0.02,-0.01,-0.04,0.0,0.0,0.0,0.0,0,1500,0,1,PID_ATTITUDE
39.598755,00-120_STILL,36915247428000,127300,PITCH,0.01,-0.01,-0.04,0.0,0.0,0.0,0.0,0,1500,0,1,PID_ATTITUDE
39.691777,00-120_STILL,36915340450200,127400,PITCH,0.01,0.0,-0.03,0.0,0.0,0.0,0.0,0,1500,0,1,PID_ATTITUDE
39.741977,00-120_STILL,36915390649900,127500,PITCH,0.01,0.0,-0.03,0.0,0.0,0.0,0.0,0,1500,0,1,PID_ATTITUDE
39.894410,00-120_STILL,36915543083400,127600,PITCH,0.01,-0.01,-0.04,0.0,0.0,0.0,0.0,0,1500,0,1,PID_ATTITUDE
39.987405,00-120_STILL,36915636077500,127700,PITCH,0.01,0.0,-0.03,0.0,0.0,0.0,0.0,0,1500,0,1,PID_ATTITUDE
40.095407,00-120_STILL,36915744079400,127800,PITCH,0.0,0.0,-0.03,0.0,0.0,0.0,0.0,0,1500,0,1,PID_ATTITUDE
40.188013,00-120_STILL,36915836685900,127900,PITCH,-0.02,0.0,-0.03,0.0,0.0,0.0,0.0,0,1500,0,1,PID_ATTITUDE
40.297899,00-120_STILL,36915946571700,128000,PITCH,-0.02,0.0,-0.03,0.0,0.0,0.0,0.0,0,1500,0,1,PID_ATTITUDE
40.389549,00-120_STILL,36916038222300,128100,PITCH,-0.02,0.0,-0.03,0.0,0.0,0.0,0.0,0,1500,0,1,PID_ATTITUDE
40.498332,00-120_STILL,36916147004700,128200,PITCH,-0.02,-0.01,-0.04,0.0,0.0,0.0,0.0,0,1500,0,1,PID_ATTITUDE
40.590913,00-120_STILL,36916239586200,128300,PITCH,-0.02,-0.02,-0.05,0.0,0.0,0.0,0.0,0,1500,0,1,PID_ATTITUDE
40.701797,00-120_STILL,36916350470000,128400,PITCH,-0.01,-0.01,-0.04,0.0,0.0,0.0,0.0,0,1500,0,1,PID_ATTITUDE
40.741998,00-120_STILL,36916390671200,128500,PITCH,-0.01,0.0,-0.03,0.0,0.0,0.0,0.0,0,1500,0,1,PID_ATTITUDE
40.888731,00-120_STILL,36916537403800,128600,PITCH,-0.01,0.0,-0.03,0.0,0.0,0.0,0.0,0,1500,0,1,PID_ATTITUDE
40.998770,00-120_STILL,36916647443100,128700,PITCH,0.0,0.0,-0.03,0.0,0.0,0.0,0.0,0,1500,0,1,PID_ATTITUDE
41.092004,00-120_STILL,36916740676900,128800,PITCH,0.0,-0.01,-0.04,0.0,0.0,0.0,0.0,0,1500,0,1,PID_ATTITUDE
41.201035,00-120_STILL,36916849707700,128900,PITCH,0.0,-0.01,-0.04,0.0,0.0,0.0,0.0,0,1500,0,1,PID_ATTITUDE
41.294956,00-120_STILL,36916943628500,129000,PITCH,0.0,0.0,-0.03,0.0,0.0,0.0,0.0,0,1500,0,1,PID_ATTITUDE
41.403405,00-120_STILL,36917052077500,129100,PITCH,-0.01,0.01,-0.02,0.0,0.0,0.0,0.0,0,1500,0,1,PID_ATTITUDE
41.495798,00-120_STILL,36917144471400,129200,PITCH,-0.01,0.01,-0.02,0.0,0.0,0.0,0.0,0,1500,0,1,PID_ATTITUDE
41.588747,00-120_STILL,36917237419900,129300,PITCH,-0.01,0.0,-0.03,0.0,0.0,0.0,0.0,0,1500,0,1,PID_ATTITUDE
41.697224,00-120_STILL,36917345897400,129400,PITCH,0.0,-0.01,-0.04,0.0,0.0,0.0,0.0,0,1500,0,1,PID_ATTITUDE
41.741851,00-120_STILL,36917390523900,129500,PITCH,-0.01,0.0,-0.03,0.0,0.0,0.0,0.0,0,1500,0,1,PID_ATTITUDE
41.900149,00-120_STILL,36917548821800,129600,PITCH,-0.01,-0.01,-0.04,0.0,0.0,0.0,0.0,0,1500,0,1,PID_ATTITUDE
41.993729,00-120_STILL,36917642401800,129700,PITCH,-0.01,-0.02,-0.05,0.0,0.0,0.0,0.0,0,1500,0,1,PID_ATTITUDE
42.088344,00-120_STILL,36917737017000,129800,PITCH,-0.01,-0.03,-0.06,0.0,0.0,0.0,0.0,0,1500,0,1,PID_ATTITUDE
42.196022,00-120_STILL,36917844694500,129900,PITCH,-0.01,-0.03,-0.06,0.0,0.0,0.0,0.0,0,1500,0,1,PID_ATTITUDE
42.289990,00-120_STILL,36917938662700,130000,PITCH,-0.01,-0.03,-0.06,0.0,0.0,0.0,0.0,0,1500,0,1,PID_ATTITUDE
42.398941,00-120_STILL,36918047613500,130100,PITCH,-0.02,-0.02,-0.05,0.0,0.0,0.0,0.0,0,1500,0,1,PID_ATTITUDE
42.492071,00-120_STILL,36918140744100,130200,PITCH,-0.03,-0.02,-0.05,0.0,0.0,0.0,0.0,0,1500,0,1,PID_ATTITUDE
42.601880,00-120_STILL,36918250552800,130300,PITCH,-0.02,-0.01,-0.03,0.0,0.0,0.0,0.0,0,1500,0,1,PID_ATTITUDE
42.694578,00-120_STILL,36918343251400,130400,PITCH,-0.03,-0.01,-0.04,0.0,0.0,0.0,0.0,0,1500,0,1,PID_ATTITUDE
42.741548,00-120_STILL,36918390220500,130500,PITCH,-0.05,0.0,-0.03,0.0,0.0,0.0,0.0,0,1500,0,1,PID_ATTITUDE
42.896029,00-120_STILL,36918544701500,130600,PITCH,-0.05,0.0,-0.03,0.0,0.0,0.0,0.0,0,1500,0,1,PID_ATTITUDE
42.989229,00-120_STILL,36918637901900,130700,PITCH,-0.03,0.0,-0.02,0.0,0.0,0.0,0.0,0,1500,0,1,PID_ATTITUDE
43.099081,00-120_STILL,36918747753800,130800,PITCH,-0.04,0.01,-0.01,0.0,0.0,0.0,0.0,0,1500,0,1,PID_ATTITUDE
43.192797,00-120_STILL,36918841470300,130900,PITCH,-0.03,0.02,-0.01,0.0,0.0,0.0,0.0,0,1500,0,1,PID_ATTITUDE
43.287112,00-120_STILL,36918935785100,131000,PITCH,-0.03,0.01,-0.02,0.0,0.0,0.0,0.0,0,1500,0,1,PID_ATTITUDE
43.396427,00-120_STILL,36919045099800,131100,PITCH,-0.03,0.02,-0.02,0.0,0.0,0.0,0.0,0,1500,0,1,PID_ATTITUDE
43.490010,00-120_STILL,36919138682500,131200,PITCH,-0.02,0.01,-0.02,0.0,0.0,0.0,0.0,0,1500,0,1,PID_ATTITUDE
43.600286,00-120_STILL,36919248958800,131300,PITCH,-0.01,0.0,-0.04,0.0,0.0,0.0,0.0,0,1500,0,1,PID_ATTITUDE
43.692802,00-120_STILL,36919341474500,131400,PITCH,0.0,-0.02,-0.05,0.0,0.0,0.0,0.0,0,1500,0,1,PID_ATTITUDE
43.741418,00-120_STILL,36919390091300,131500,PITCH,0.0,-0.02,-0.05,0.0,0.0,0.0,0.0,0,1500,0,1,PID_ATTITUDE
43.894477,00-120_STILL,36919543150200,131600,PITCH,0.01,-0.01,-0.04,0.0,0.0,0.0,0.0,0,1500,0,1,PID_ATTITUDE
43.988896,00-120_STILL,36919637569000,131700,PITCH,0.01,-0.01,-0.04,0.0,0.0,0.0,0.0,0,1500,0,1,PID_ATTITUDE
44.097549,00-120_STILL,36919746222200,131800,PITCH,0.01,0.0,-0.03,0.0,0.0,0.0,0.0,0,1500,0,1,PID_ATTITUDE
44.191602,00-120_STILL,36919840274500,131900,PITCH,0.0,-0.01,-0.04,0.0,0.0,0.0,0.0,0,1500,0,1,PID_ATTITUDE
44.300975,00-120_STILL,36919949648400,132000,PITCH,0.0,0.0,-0.03,0.0,0.0,0.0,0.0,0,1500,0,1,PID_ATTITUDE
44.395433,00-120_STILL,36920044106200,132100,PITCH,0.0,0.0,-0.03,0.0,0.0,0.0,0.0,0,1500,0,1,PID_ATTITUDE
44.488954,00-120_STILL,36920137627400,132200,PITCH,0.0,0.0,-0.03,0.0,0.0,0.0,0.0,0,1500,0,1,PID_ATTITUDE
44.599795,00-120_STILL,36920248467400,132300,PITCH,0.0,-0.02,-0.05,0.0,0.0,0.0,0.0,0,1500,0,1,PID_ATTITUDE
44.694879,00-120_STILL,36920343552100,132400,PITCH,0.0,-0.03,-0.06,0.0,0.0,0.0,0.0,0,1500,0,1,PID_ATTITUDE
44.741396,00-120_STILL,36920390068900,132500,PITCH,0.0,-0.03,-0.06,0.0,0.0,0.0,0.0,0,1500,0,1,PID_ATTITUDE
44.896693,00-120_STILL,36920545366300,132600,PITCH,0.0,-0.03,-0.06,0.0,0.0,0.0,0.0,0,1500,0,1,PID_ATTITUDE
44.989961,00-120_STILL,36920638634400,132700,PITCH,0.02,-0.03,-0.06,0.0,0.0,0.0,0.0,0,1500,0,1,PID_ATTITUDE
45.099911,00-120_STILL,36920748584400,132800,PITCH,0.02,-0.03,-0.06,0.0,0.0,0.0,0.0,0,1500,0,1,PID_ATTITUDE
45.194366,00-120_STILL,36920843039100,132900,PITCH,0.02,-0.02,-0.05,0.0,0.0,0.0,0.0,0,1500,0,1,PID_ATTITUDE
45.288540,00-120_STILL,36920937213300,133000,PITCH,0.02,-0.01,-0.04,0.0,0.0,0.0,0.0,0,1500,0,1,PID_ATTITUDE
45.397990,00-120_STILL,36921046663300,133100,PITCH,0.02,-0.01,-0.04,0.0,0.0,0.0,0.0,0,1500,0,1,PID_ATTITUDE
45.491689,00-120_STILL,36921140361600,133200,PITCH,0.02,-0.01,-0.04,0.0,0.0,0.0,0.0,0,1500,0,1,PID_ATTITUDE
45.601079,00-120_STILL,36921249751900,133300,PITCH,0.02,-0.01,-0.04,0.0,0.0,0.0,0.0,0,1500,0,1,PID_ATTITUDE
45.694656,00-120_STILL,36921343329300,133400,PITCH,0.02,0.01,-0.02,0.0,0.0,0.0,0.0,0,1500,0,1,PID_ATTITUDE
45.741253,00-120_STILL,36921389925500,133500,PITCH,0.02,0.02,-0.01,0.0,0.0,0.0,0.0,0,1500,0,1,PID_ATTITUDE
45.896312,00-120_STILL,36921544984700,133600,PITCH,0.02,0.01,-0.02,0.0,0.0,0.0,0.0,0,1500,0,1,PID_ATTITUDE
45.988808,00-120_STILL,36921637481300,133700,PITCH,0.01,0.02,-0.01,0.0,0.0,0.0,0.0,0,1500,0,1,PID_ATTITUDE
46.097245,00-120_STILL,36921745918000,133800,PITCH,0.0,0.02,-0.01,0.0,0.0,0.0,0.0,0,1500,0,1,PID_ATTITUDE
46.189610,00-120_STILL,36921838283300,133900,PITCH,0.0,0.02,-0.02,0.0,0.0,0.0,0.0,0,1500,0,1,PID_ATTITUDE
46.297741,00-120_STILL,36921946413700,134000,PITCH,0.0,0.0,-0.03,0.0,0.0,0.0,0.0,0,1500,0,1,PID_ATTITUDE
46.389895,00-120_STILL,36922038568000,134100,PITCH,0.02,-0.01,-0.04,0.0,0.0,0.0,0.0,0,1500,0,1,PID_ATTITUDE
46.499349,00-120_STILL,36922148021800,134200,PITCH,0.02,-0.02,-0.05,0.0,0.0,0.0,0.0,0,1500,0,1,PID_ATTITUDE
46.592933,00-120_STILL,36922241606000,134300,PITCH,0.02,-0.01,-0.04,0.0,0.0,0.0,0.0,0,1500,0,1,PID_ATTITUDE
46.701394,00-120_STILL,36922350066700,134400,PITCH,0.0,-0.01,-0.04,0.0,0.0,0.0,0.0,0,1500,0,1,PID_ATTITUDE
46.741082,00-120_STILL,36922389755100,134500,PITCH,0.01,-0.02,-0.05,0.0,0.0,0.0,0.0,0,1500,0,1,PID_ATTITUDE
46.900836,00-120_STILL,36922549508600,134600,PITCH,0.01,-0.01,-0.04,0.0,0.0,0.0,0.0,0,1500,0,1,PID_ATTITUDE
46.993606,00-120_STILL,36922642278800,134700,PITCH,0.0,0.0,-0.03,0.0,0.0,0.0,0.0,0,1500,0,1,PID_ATTITUDE
47.086499,00-120_STILL,36922735172100,134800,PITCH,0.01,0.0,-0.03,0.0,0.0,0.0,0.0,0,1500,0,1,PID_ATTITUDE
47.194917,00-120_STILL,36922843589600,134900,PITCH,0.0,0.0,-0.03,0.0,0.0,0.0,0.0,0,1500,0,1,PID_ATTITUDE
47.286614,00-120_STILL,36922935287300,135000,PITCH,0.01,-0.01,-0.04,0.0,0.0,0.0,0.0,0,1500,0,1,PID_ATTITUDE
47.395965,00-120_STILL,36923044638300,135100,PITCH,0.01,-0.02,-0.05,0.0,0.0,0.0,0.0,0,1500,0,1,PID_ATTITUDE
47.489450,00-120_STILL,36923138122800,135200,PITCH,-0.01,-0.02,-0.05,0.0,0.0,0.0,0.0,0,1500,0,1,PID_ATTITUDE
47.597386,00-120_STILL,36923246059300,135300,PITCH,-0.01,-0.02,-0.05,0.0,0.0,0.0,0.0,0,1500,0,1,PID_ATTITUDE
47.690558,00-120_STILL,36923339230700,135400,PITCH,-0.01,-0.03,-0.06,0.0,0.0,0.0,0.0,0,1500,0,1,PID_ATTITUDE
47.740847,00-120_STILL,36923389520100,135500,PITCH,-0.02,-0.02,-0.05,0.0,0.0,0.0,0.0,0,1500,0,1,PID_ATTITUDE
47.892187,00-120_STILL,36923540859800,135600,PITCH,-0.03,-0.02,-0.05,0.0,0.0,0.0,0.0,0,1500,0,1,PID_ATTITUDE
48.001065,00-120_STILL,36923649737700,135700,PITCH,-0.03,-0.02,-0.05,0.0,0.0,0.0,0.0,0,1500,0,1,PID_ATTITUDE
48.095146,00-120_STILL,36923743818400,135800,PITCH,-0.04,-0.02,-0.05,0.0,0.0,0.0,0.0,0,1500,0,1,PID_ATTITUDE
48.188904,00-120_STILL,36923837576500,135900,PITCH,-0.04,-0.01,-0.04,0.0,0.0,0.0,0.0,0,1500,0,1,PID_ATTITUDE
48.299358,00-120_STILL,36923948030700,136000,PITCH,-0.05,0.01,-0.02,0.0,0.0,0.0,0.0,0,1500,0,1,PID_ATTITUDE
48.393537,00-120_STILL,36924042209400,136100,PITCH,-0.04,0.0,-0.03,0.0,0.0,0.0,0.0,0,1500,0,1,PID_ATTITUDE
48.487150,00-120_STILL,36924135822700,136200,PITCH,-0.03,-0.01,-0.04,0.0,0.0,0.0,0.0,0,1500,0,1,PID_ATTITUDE
48.595239,00-120_STILL,36924243911400,136300,PITCH,-0.02,-0.02,-0.05,0.0,0.0,0.0,0.0,0,1500,0,1,PID_ATTITUDE
48.687670,00-120_STILL,36924336343200,136400,PITCH,-0.02,-0.02,-0.05,0.0,0.0,0.0,0.0,0,1500,0,1,PID_ATTITUDE
48.740625,00-120_STILL,36924389297700,136500,PITCH,-0.01,-0.02,-0.05,0.0,0.0,0.0,0.0,0,1500,0,1,PID_ATTITUDE
48.888923,00-120_STILL,36924537595700,136600,PITCH,0.0,-0.02,-0.04,0.0,0.0,0.0,0.0,0,1500,0,1,PID_ATTITUDE
48.998137,00-120_STILL,36924646810300,136700,PITCH,0.0,-0.01,-0.04,0.0,0.0,0.0,0.0,0,1500,0,1,PID_ATTITUDE
49.092198,00-120_STILL,36924740871200,136800,PITCH,-0.01,0.0,-0.03,0.0,0.0,0.0,0.0,0,1500,0,1,PID_ATTITUDE
49.186450,00-120_STILL,36924835122600,136900,PITCH,-0.02,-0.01,-0.04,0.0,0.0,0.0,0.0,0,1500,0,1,PID_ATTITUDE
49.295906,00-120_STILL,36924944579200,137000,PITCH,0.0,-0.02,-0.05,0.0,0.0,0.0,0.0,0,1500,0,1,PID_ATTITUDE
49.387850,00-120_STILL,36925036523300,137100,PITCH,0.02,-0.03,-0.06,0.0,0.0,0.0,0.0,0,1500,0,1,PID_ATTITUDE
49.495770,00-120_STILL,36925144442600,137200,PITCH,0.03,-0.02,-0.05,0.0,0.0,0.0,0.0,0,1500,0,1,PID_ATTITUDE
49.589919,00-120_STILL,36925238591600,137300,PITCH,0.02,-0.03,-0.06,0.0,0.0,0.0,0.0,0,1500,0,1,PID_ATTITUDE
49.699270,00-120_STILL,36925347943400,137400,PITCH,0.01,-0.03,-0.06,0.0,0.0,0.0,0.0,0,1500,0,1,PID_ATTITUDE
49.740494,00-120_STILL,36925389167400,137500,PITCH,0.02,-0.02,-0.05,0.0,0.0,0.0,0.0,0,1500,0,1,PID_ATTITUDE
49.886726,00-120_STILL,36925535398800,137600,PITCH,0.03,-0.02,-0.05,0.0,0.0,0.0,0.0,0,1500,0,1,PID_ATTITUDE
49.995814,00-120_STILL,36925644487100,137700,PITCH,0.03,-0.02,-0.05,0.0,0.0,0.0,0.0,0,1500,0,1,PID_ATTITUDE
50.089489,00-120_STILL,36925738161400,137800,PITCH,0.03,-0.02,-0.05,0.0,0.0,0.0,0.0,0,1500,0,1,PID_ATTITUDE
50.198412,00-120_STILL,36925847084900,137900,PITCH,0.02,-0.02,-0.05,0.0,0.0,0.0,0.0,0,1500,0,1,PID_ATTITUDE
50.290577,00-120_STILL,36925939250100,138000,PITCH,0.02,-0.02,-0.05,0.0,0.0,0.0,0.0,0,1500,0,1,PID_ATTITUDE
50.400347,00-120_STILL,36926049019500,138100,PITCH,0.0,-0.03,-0.06,0.0,0.0,0.0,0.0,0,1500,0,1,PID_ATTITUDE
50.493994,00-120_STILL,36926142666700,138200,PITCH,-0.01,-0.02,-0.05,0.0,0.0,0.0,0.0,0,1500,0,1,PID_ATTITUDE
50.587516,00-120_STILL,36926236189100,138300,PITCH,-0.01,-0.02,-0.05,0.0,0.0,0.0,0.0,0,1500,0,1,PID_ATTITUDE
50.696706,00-120_STILL,36926345379300,138400,PITCH,0.0,-0.02,-0.05,0.0,0.0,0.0,0.0,0,1500,0,1,PID_ATTITUDE
50.740424,00-120_STILL,36926389097100,138500,PITCH,0.01,-0.02,-0.05,0.0,0.0,0.0,0.0,0,1500,0,1,PID_ATTITUDE
50.896454,00-120_STILL,36926545126600,138600,PITCH,0.01,-0.02,-0.05,0.0,0.0,0.0,0.0,0,1500,0,1,PID_ATTITUDE
50.991266,00-120_STILL,36926639939300,138700,PITCH,0.0,-0.01,-0.04,0.0,0.0,0.0,0.0,0,1500,0,1,PID_ATTITUDE
51.100472,00-120_STILL,36926749144800,138800,PITCH,0.01,0.0,-0.04,0.0,0.0,0.0,0.0,0,1500,0,1,PID_ATTITUDE
51.193117,00-120_STILL,36926841789400,138900,PITCH,0.01,-0.01,-0.04,0.0,0.0,0.0,0.0,0,1500,0,1,PID_ATTITUDE
51.287232,00-120_STILL,36926935904500,139000,PITCH,0.02,-0.01,-0.04,0.0,0.0,0.0,0.0,0,1500,0,1,PID_ATTITUDE
51.395025,00-120_STILL,36927043698300,139100,PITCH,0.02,-0.01,-0.05,0.0,0.0,0.0,0.0,0,1500,0,1,PID_ATTITUDE
51.487356,00-120_STILL,36927136029200,139200,PITCH,0.02,-0.01,-0.04,0.0,0.0,0.0,0.0,0,1500,0,1,PID_ATTITUDE
51.595163,00-120_STILL,36927243836200,139300,PITCH,0.03,-0.02,-0.05,0.0,0.0,0.0,0.0,0,1500,0,1,PID_ATTITUDE
51.687721,00-120_STILL,36927336393900,139400,PITCH,0.01,-0.02,-0.06,0.0,0.0,0.0,0.0,0,1500,0,1,PID_ATTITUDE
51.740180,00-120_STILL,36927388853300,139500,PITCH,0.02,-0.03,-0.06,0.0,0.0,0.0,0.0,0,1500,0,1,PID_ATTITUDE
51.891621,00-120_STILL,36927540293700,139600,PITCH,0.01,-0.03,-0.06,0.0,0.0,0.0,0.0,0,1500,0,1,PID_ATTITUDE
51.999539,00-120_STILL,36927648212100,139700,PITCH,0.01,-0.02,-0.06,0.0,0.0,0.0,0.0,0,1500,0,1,PID_ATTITUDE
52.092578,00-120_STILL,36927741250500,139800,PITCH,0.02,-0.02,-0.05,0.0,0.0,0.0,0.0,0,1500,0,1,PID_ATTITUDE
52.201223,00-120_STILL,36927849895800,139900,PITCH,0.02,-0.02,-0.05,0.0,0.0,0.0,0.0,0,1500,0,1,PID_ATTITUDE
52.295819,00-120_STILL,36927944492200,140000,PITCH,0.01,-0.01,-0.04,0.0,0.0,0.0,0.0,0,1500,0,1,PID_ATTITUDE
52.387930,00-120_STILL,36928036603000,140100,PITCH,0.01,-0.01,-0.04,0.0,0.0,0.0,0.0,0,1500,0,1,PID_ATTITUDE
52.497349,00-120_STILL,36928146022300,140200,PITCH,0.01,0.0,-0.03,0.0,0.0,0.0,0.0,0,1500,0,1,PID_ATTITUDE
52.592065,00-120_STILL,36928240738000,140300,PITCH,0.01,0.0,-0.03,0.0,0.0,0.0,0.0,0,1500,0,1,PID_ATTITUDE
52.685758,00-120_STILL,36928334430700,140400,PITCH,0.02,0.0,-0.04,0.0,0.0,0.0,0.0,0,1500,0,1,PID_ATTITUDE
52.740215,00-120_STILL,36928388888300,140500,PITCH,0.02,-0.01,-0.04,0.0,0.0,0.0,0.0,0,1500,0,1,PID_ATTITUDE
52.886971,00-120_STILL,36928535644200,140600,PITCH,0.01,-0.01,-0.04,0.0,0.0,0.0,0.0,0,1500,0,1,PID_ATTITUDE
52.997720,00-120_STILL,36928646392600,140700,PITCH,0.01,0.0,-0.03,0.0,0.0,0.0,0.0,0,1500,0,1,PID_ATTITUDE
53.090921,00-120_STILL,36928739593500,140800,PITCH,0.0,-0.01,-0.04,0.0,0.0,0.0,0.0,0,1500,0,1,PID_ATTITUDE
53.185403,00-120_STILL,36928834075800,140900,PITCH,0.01,0.0,-0.03,0.0,0.0,0.0,0.0,0,1500,0,1,PID_ATTITUDE
53.294320,00-120_STILL,36928942992900,141000,PITCH,0.01,0.0,-0.03,0.0,0.0,0.0,0.0,0,1500,0,1,PID_ATTITUDE
53.387329,00-120_STILL,36929036001800,141100,PITCH,0.01,0.0,-0.03,0.0,0.0,0.0,0.0,0,1500,0,1,PID_ATTITUDE
53.495912,00-120_STILL,36929144585100,141200,PITCH,0.01,0.01,-0.02,0.0,0.0,0.0,0.0,0,1500,0,1,PID_ATTITUDE
53.589899,00-120_STILL,36929238571600,141300,PITCH,0.0,0.02,-0.01,0.0,0.0,0.0,0.0,0,1500,0,1,PID_ATTITUDE
53.700159,00-120_STILL,36929348831800,141400,PITCH,0.01,0.02,-0.01,0.0,0.0,0.0,0.0,0,1500,0,1,PID_ATTITUDE
53.739884,00-120_STILL,36929388557300,141500,PITCH,0.02,0.02,-0.01,0.0,0.0,0.0,0.0,0,1500,0,1,PID_ATTITUDE
53.887871,00-120_STILL,36929536543600,141600,PITCH,0.02,0.03,0.0,0.0,0.0,0.0,0.0,0,1500,0,1,PID_ATTITUDE
53.997793,00-120_STILL,36929646466000,141700,PITCH,0.02,0.02,-0.01,0.0,0.0,0.0,0.0,0,1500,0,1,PID_ATTITUDE
54.090819,00-120_STILL,36929739492100,141800,PITCH,0.03,0.01,-0.02,0.0,0.0,0.0,0.0,0,1500,0,1,PID_ATTITUDE
54.199245,00-120_STILL,36929847917800,141900,PITCH,0.03,0.0,-0.03,0.0,0.0,0.0,0.0,0,1500,0,1,PID_ATTITUDE
54.293090,00-120_STILL,36929941763200,142000,PITCH,0.02,-0.01,-0.04,0.0,0.0,0.0,0.0,0,1500,0,1,PID_ATTITUDE
54.387222,00-120_STILL,36930035894900,142100,PITCH,0.03,0.0,-0.03,0.0,0.0,0.0,0.0,0,1500,0,1,PID_ATTITUDE
54.495400,00-120_STILL,36930144072700,142200,PITCH,0.02,-0.01,-0.04,0.0,0.0,0.0,0.0,0,1500,0,1,PID_ATTITUDE
54.586800,00-120_STILL,36930235472700,142300,PITCH,0.01,-0.02,-0.05,0.0,0.0,0.0,0.0,0,1500,0,1,PID_ATTITUDE
54.695739,00-120_STILL,36930344412200,142400,PITCH,0.02,-0.02,-0.04,0.0,0.0,0.0,0.0,0,1500,0,1,PID_ATTITUDE
54.739935,00-120_STILL,36930388608000,142500,PITCH,0.01,-0.02,-0.05,0.0,0.0,0.0,0.0,0,1500,0,1,PID_ATTITUDE
54.897948,00-120_STILL,36930546620800,142600,PITCH,0.01,-0.03,-0.06,0.0,0.0,0.0,0.0,0,1500,0,1,PID_ATTITUDE
54.991778,00-120_STILL,36930640450600,142700,PITCH,0.01,-0.04,-0.07,0.0,0.0,0.0,0.0,0,1500,0,1,PID_ATTITUDE
55.086251,00-120_STILL,36930734923800,142800,PITCH,0.0,-0.04,-0.07,0.0,0.0,0.0,0.0,0,1500,0,1,PID_ATTITUDE
55.195471,00-120_STILL,36930844144300,142900,PITCH,0.0,-0.04,-0.07,0.0,0.0,0.0,0.0,0,1500,0,1,PID_ATTITUDE
55.288210,00-120_STILL,36930936882400,143000,PITCH,0.0,-0.04,-0.07,0.0,0.0,0.0,0.0,0,1500,0,1,PID_ATTITUDE
55.396270,00-120_STILL,36931044942700,143100,PITCH,0.0,-0.03,-0.06,0.0,0.0,0.0,0.0,0,1500,0,1,PID_ATTITUDE
55.489581,00-120_STILL,36931138253800,143200,PITCH,0.01,-0.02,-0.06,0.0,0.0,0.0,0.0,0,1500,0,1,PID_ATTITUDE
55.596889,00-120_STILL,36931245562300,143300,PITCH,0.0,-0.03,-0.06,0.0,0.0,0.0,0.0,0,1500,0,1,PID_ATTITUDE
55.689395,00-120_STILL,36931338068000,143400,PITCH,-0.01,-0.02,-0.05,0.0,0.0,0.0,0.0,0,1500,0,1,PID_ATTITUDE
55.739769,00-120_STILL,36931388441600,143500,PITCH,0.0,-0.01,-0.04,0.0,0.0,0.0,0.0,0,1500,0,1,PID_ATTITUDE
55.892443,00-120_STILL,36931541115800,143600,PITCH,0.01,0.0,-0.03,0.0,0.0,0.0,0.0,0,1500,0,1,PID_ATTITUDE
55.986813,00-120_STILL,36931635485700,143700,PITCH,0.01,0.0,-0.03,0.0,0.0,0.0,0.0,0,1500,0,1,PID_ATTITUDE
56.095118,00-120_STILL,36931743790500,143800,PITCH,0.02,0.01,-0.02,0.0,0.0,0.0,0.0,0,1500,0,1,PID_ATTITUDE
56.187784,00-120_STILL,36931836457000,143900,PITCH,0.02,0.01,-0.02,0.0,0.0,0.0,0.0,0,1500,0,1,PID_ATTITUDE
56.297664,00-120_STILL,36931946336500,144000,PITCH,0.02,0.01,-0.02,0.0,0.0,0.0,0.0,0,1500,0,1,PID_ATTITUDE
56.391916,00-120_STILL,36932040589200,144100,PITCH,0.01,0.0,-0.03,0.0,0.0,0.0,0.0,0,1500,0,1,PID_ATTITUDE
56.500134,00-120_STILL,36932148806500,144200,PITCH,0.0,0.0,-0.03,0.0,0.0,0.0,0.0,0,1500,0,1,PID_ATTITUDE
56.593738,00-120_STILL,36932242411200,144300,PITCH,0.01,-0.01,-0.04,0.0,0.0,0.0,0.0,0,1500,0,1,PID_ATTITUDE
56.686970,00-120_STILL,36932335643100,144400,PITCH,0.02,-0.01,-0.04,0.0,0.0,0.0,0.0,0,1500,0,1,PID_ATTITUDE
56.739434,00-120_STILL,36932388107300,144500,PITCH,0.02,-0.01,-0.04,0.0,0.0,0.0,0.0,0,1500,0,1,PID_ATTITUDE
56.888432,00-120_STILL,36932537104400,144600,PITCH,0.02,-0.01,-0.04,0.0,0.0,0.0,0.0,0,1500,0,1,PID_ATTITUDE
56.997014,00-120_STILL,36932645687000,144700,PITCH,0.01,0.0,-0.03,0.0,0.0,0.0,0.0,0,1500,0,1,PID_ATTITUDE
57.090540,00-120_STILL,36932739212500,144800,PITCH,0.01,-0.01,-0.04,0.0,0.0,0.0,0.0,0,1500,0,1,PID_ATTITUDE
57.198556,00-120_STILL,36932847229000,144900,PITCH,0.01,-0.02,-0.05,0.0,0.0,0.0,0.0,0,1500,0,1,PID_ATTITUDE
57.292301,00-120_STILL,36932940973400,145000,PITCH,0.0,-0.02,-0.05,0.0,0.0,0.0,0.0,0,1500,0,1,PID_ATTITUDE
57.386426,00-120_STILL,36933035098700,145100,PITCH,0.0,-0.01,-0.04,0.0,0.0,0.0,0.0,0,1500,0,1,PID_ATTITUDE
57.495370,00-120_STILL,36933144043300,145200,PITCH,0.0,-0.01,-0.04,0.0,0.0,0.0,0.0,0,1500,0,1,PID_ATTITUDE
57.587628,00-120_STILL,36933236301300,145300,PITCH,-0.01,-0.02,-0.05,0.0,0.0,0.0,0.0,0,1500,0,1,PID_ATTITUDE
57.696126,00-120_STILL,36933344799200,145400,PITCH,-0.01,-0.03,-0.06,0.0,0.0,0.0,0.0,0,1500,0,1,PID_ATTITUDE
57.739449,00-120_STILL,36933388122000,145500,PITCH,-0.01,-0.02,-0.05,0.0,0.0,0.0,0.0,0,1500,0,1,PID_ATTITUDE
57.898770,00-120_STILL,36933547442900,145600,PITCH,0.0,-0.02,-0.04,0.0,0.0,0.0,0.0,0,1500,0,1,PID_ATTITUDE
57.993128,00-120_STILL,36933641801000,145700,PITCH,0.01,-0.01,-0.04,0.0,0.0,0.0,0.0,0,1500,0,1,PID_ATTITUDE
58.087974,00-120_STILL,36933736646600,145800,PITCH,0.02,-0.01,-0.03,0.0,0.0,0.0,0.0,0,1500,0,1,PID_ATTITUDE
58.197113,00-120_STILL,36933845785600,145900,PITCH,0.01,0.0,-0.03,0.0,0.0,0.0,0.0,0,1500,0,1,PID_ATTITUDE
58.291605,00-120_STILL,36933940278300,146000,PITCH,0.0,0.0,-0.03,0.0,0.0,0.0,0.0,0,1500,0,1,PID_ATTITUDE
58.399554,00-120_STILL,36934048226500,146100,PITCH,-0.01,0.0,-0.03,0.0,0.0,0.0,0.0,0,1500,0,1,PID_ATTITUDE
58.493687,00-120_STILL,36934142359700,146200,PITCH,-0.01,0.0,-0.03,0.0,0.0,0.0,0.0,0,1500,0,1,PID_ATTITUDE
58.586245,00-120_STILL,36934234918400,146300,PITCH,-0.01,0.0,-0.04,0.0,0.0,0.0,0.0,0,1500,0,1,PID_ATTITUDE
58.695989,00-120_STILL,36934344662200,146400,PITCH,-0.01,-0.01,-0.04,0.0,0.0,0.0,0.0,0,1500,0,1,PID_ATTITUDE
58.739353,00-120_STILL,36934388025900,146500,PITCH,0.0,-0.01,-0.04,0.0,0.0,0.0,0.0,0,1500,0,1,PID_ATTITUDE
58.897069,00-120_STILL,36934545742100,146600,PITCH,0.01,-0.01,-0.04,0.0,0.0,0.0,0.0,0,1500,0,1,PID_ATTITUDE
58.990116,00-120_STILL,36934638789400,146700,PITCH,0.02,-0.02,-0.05,0.0,0.0,0.0,0.0,0,1500,0,1,PID_ATTITUDE
59.098819,00-120_STILL,36934747492400,146800,PITCH,0.01,-0.03,-0.06,0.0,0.0,0.0,0.0,0,1500,0,1,PID_ATTITUDE
59.193735,00-120_STILL,36934842407700,146900,PITCH,0.01,-0.02,-0.05,0.0,0.0,0.0,0.0,0,1500,0,1,PID_ATTITUDE
59.287393,00-120_STILL,36934936066200,147000,PITCH,0.01,-0.02,-0.05,0.0,0.0,0.0,0.0,0,1500,0,1,PID_ATTITUDE
59.397784,00-120_STILL,36935046456800,147100,PITCH,0.01,-0.03,-0.06,0.0,0.0,0.0,0.0,0,1500,0,1,PID_ATTITUDE
59.490358,00-120_STILL,36935139031200,147200,PITCH,0.0,-0.03,-0.06,0.0,0.0,0.0,0.0,0,1500,0,1,PID_ATTITUDE
59.599802,00-120_STILL,36935248474800,147300,PITCH,0.01,-0.02,-0.05,0.0,0.0,0.0,0.0,0,1500,0,1,PID_ATTITUDE
59.694798,00-120_STILL,36935343470700,147400,PITCH,0.01,-0.01,-0.04,0.0,0.0,0.0,0.0,0,1500,0,1,PID_ATTITUDE
59.739178,00-120_STILL,36935387851200,147500,PITCH,0.0,-0.02,-0.05,0.0,0.0,0.0,0.0,0,1500,0,1,PID_ATTITUDE
59.897754,00-120_STILL,36935546426400,147600,PITCH,-0.01,-0.01,-0.04,0.0,0.0,0.0,0.0,0,1500,0,1,PID_ATTITUDE
59.991443,00-120_STILL,36935640116300,147700,PITCH,-0.02,0.0,-0.03,0.0,0.0,0.0,0.0,0,1500,0,1,PID_ATTITUDE
60.084807,00-120_STILL,36935733479600,147800,PITCH,-0.02,0.0,-0.03,0.0,0.0,0.0,0.0,0,1500,0,1,PID_ATTITUDE
60.193244,00-120_STILL,36935841916500,147900,PITCH,-0.02,0.0,-0.04,0.0,0.0,0.0,0.0,0,1500,0,1,PID_ATTITUDE
60.286143,00-120_STILL,36935934816300,148000,PITCH,-0.02,-0.01,-0.04,0.0,0.0,0.0,0.0,0,1500,0,1,PID_ATTITUDE
60.395840,00-120_STILL,36936044512400,148100,PITCH,-0.03,-0.02,-0.06,0.0,0.0,0.0,0.0,0,1500,0,1,PID_ATTITUDE
60.489036,00-120_STILL,36936137709000,148200,PITCH,-0.02,-0.03,-0.06,0.0,0.0,0.0,0.0,0,1500,0,1,PID_ATTITUDE
60.598897,00-120_STILL,36936247569400,148300,PITCH,-0.01,-0.03,-0.06,0.0,0.0,0.0,0.0,0,1500,0,1,PID_ATTITUDE
60.692189,00-120_STILL,36936340862400,148400,PITCH,-0.02,-0.03,-0.06,0.0,0.0,0.0,0.0,0,1500,0,1,PID_ATTITUDE
60.738957,00-120_STILL,36936387630400,148500,PITCH,-0.02,-0.02,-0.05,0.0,0.0,0.0,0.0,0,1500,0,1,PID_ATTITUDE
60.896367,00-120_STILL,36936545039500,148600,PITCH,-0.01,-0.02,-0.04,0.0,0.0,0.0,0.0,0,1500,0,1,PID_ATTITUDE
60.989959,00-120_STILL,36936638631700,148700,PITCH,0.0,0.0,-0.03,0.0,0.0,0.0,0.0,0,1500,0,1,PID_ATTITUDE
61.099987,00-120_STILL,36936748659800,148800,PITCH,0.01,0.0,-0.03,0.0,0.0,0.0,0.0,0,1500,0,1,PID_ATTITUDE
61.193474,00-120_STILL,36936842146800,148900,PITCH,0.0,0.01,-0.03,0.0,0.0,0.0,0.0,0,1500,0,1,PID_ATTITUDE
61.287115,00-120_STILL,36936935788200,149000,PITCH,0.0,0.0,-0.03,0.0,0.0,0.0,0.0,0,1500,0,1,PID_ATTITUDE
61.394388,00-120_STILL,36937043060600,149100,PITCH,0.01,0.0,-0.02,0.0,0.0,0.0,0.0,0,1500,0,1,PID_ATTITUDE
61.487640,00-120_STILL,36937136312700,149200,PITCH,0.01,0.0,-0.03,0.0,0.0,0.0,0.0,0,1500,0,1,PID_ATTITUDE
61.596254,00-120_STILL,36937244926400,149300,PITCH,0.01,0.0,-0.03,0.0,0.0,0.0,0.0,0,1500,0,1,PID_ATTITUDE
61.690452,00-120_STILL,36937339125400,149400,PITCH,0.0,0.0,-0.03,0.0,0.0,0.0,0.0,0,1500,0,1,PID_ATTITUDE
61.738551,00-120_STILL,36937387224000,149500,PITCH,0.0,0.0,-0.03,0.0,0.0,0.0,0.0,0,1500,0,1,PID_ATTITUDE
61.893848,00-120_STILL,36937542520600,149600,PITCH,0.0,0.0,-0.03,0.0,0.0,0.0,0.0,0,1500,0,1,PID_ATTITUDE
61.986122,00-120_STILL,36937634794900,149700,PITCH,0.0,0.0,-0.03,0.0,0.0,0.0,0.0,0,1500,0,1,PID_ATTITUDE
62.094900,00-120_STILL,36937743572500,149800,PITCH,-0.01,0.0,-0.03,0.0,0.0,0.0,0.0,0,1500,0,1,PID_ATTITUDE
62.188815,00-120_STILL,36937837488100,149900,PITCH,-0.02,-0.01,-0.04,0.0,0.0,0.0,0.0,0,1500,0,1,PID_ATTITUDE
62.298767,00-120_STILL,36937947440100,150000,PITCH,-0.03,-0.01,-0.04,0.0,0.0,0.0,0.0,0,1500,0,1,PID_ATTITUDE
62.392539,00-120_STILL,36938041211600,150100,PITCH,-0.02,-0.01,-0.04,0.0,0.0,0.0,0.0,0,1500,0,1,PID_ATTITUDE
62.485686,00-120_STILL,36938134358400,150200,PITCH,-0.02,-0.01,-0.04,0.0,0.0,0.0,0.0,0,1500,0,1,PID_ATTITUDE
62.594738,00-120_STILL,36938243410400,150300,PITCH,-0.01,-0.01,-0.04,0.0,0.0,0.0,0.0,0,1500,0,1,PID_ATTITUDE
62.688905,00-120_STILL,36938337577500,150400,PITCH,0.0,-0.01,-0.04,0.0,0.0,0.0,0.0,0,1500,0,1,PID_ATTITUDE
62.738548,00-120_STILL,36938387220400,150500,PITCH,0.01,-0.01,-0.04,0.0,0.0,0.0,0.0,0,1500,0,1,PID_ATTITUDE
62.890586,00-120_STILL,36938539259100,150600,PITCH,0.02,-0.01,-0.04,0.0,0.0,0.0,0.0,0,1500,0,1,PID_ATTITUDE
62.984655,00-120_STILL,36938633328200,150700,PITCH,0.0,-0.01,-0.04,0.0,0.0,0.0,0.0,0,1500,0,1,PID_ATTITUDE
63.094060,00-120_STILL,36938742733400,150800,PITCH,0.0,-0.02,-0.05,0.0,0.0,0.0,0.0,0,1500,0,1,PID_ATTITUDE
63.186043,00-120_STILL,36938834715700,150900,PITCH,0.0,-0.01,-0.04,0.0,0.0,0.0,0.0,0,1500,0,1,PID_ATTITUDE
63.294687,00-120_STILL,36938943360000,151000,PITCH,0.01,-0.01,-0.04,0.0,0.0,0.0,0.0,0,1500,0,1,PID_ATTITUDE
63.389137,00-120_STILL,36939037809800,151100,PITCH,0.01,0.0,-0.03,0.0,0.0,0.0,0.0,0,1500,0,1,PID_ATTITUDE
63.498785,00-120_STILL,36939147458300,151200,PITCH,0.01,0.01,-0.02,0.0,0.0,0.0,0.0,0,1500,0,1,PID_ATTITUDE
63.592090,00-120_STILL,36939240763000,151300,PITCH,0.01,0.01,-0.02,0.0,0.0,0.0,0.0,0,1500,0,1,PID_ATTITUDE
63.685508,00-120_STILL,36939334180800,151400,PITCH,0.01,0.01,-0.02,0.0,0.0,0.0,0.0,0,1500,0,1,PID_ATTITUDE
63.738430,00-120_STILL,36939387102500,151500,PITCH,0.02,0.0,-0.03,0.0,0.0,0.0,0.0,0,1500,0,1,PID_ATTITUDE
63.887840,00-120_STILL,36939536512500,151600,PITCH,0.01,0.0,-0.03,0.0,0.0,0.0,0.0,0,1500,0,1,PID_ATTITUDE
63.997218,00-120_STILL,36939645890500,151700,PITCH,0.02,-0.01,-0.04,0.0,0.0,0.0,0.0,0,1500,0,1,PID_ATTITUDE
64.089371,00-120_STILL,36939738044300,151800,PITCH,0.01,-0.01,-0.04,0.0,0.0,0.0,0.0,0,1500,0,1,PID_ATTITUDE
64.198091,00-120_STILL,36939846764300,151900,PITCH,0.0,-0.02,-0.05,0.0,0.0,0.0,0.0,0,1500,0,1,PID_ATTITUDE
64.290952,00-120_STILL,36939939624800,152000,PITCH,0.01,-0.01,-0.04,0.0,0.0,0.0,0.0,0,1500,0,1,PID_ATTITUDE
64.399492,00-120_STILL,36940048165400,152100,PITCH,0.01,-0.01,-0.04,0.0,0.0,0.0,0.0,0,1500,0,1,PID_ATTITUDE
64.493195,00-120_STILL,36940141868400,152200,PITCH,0.01,-0.02,-0.05,0.0,0.0,0.0,0.0,0,1500,0,1,PID_ATTITUDE
64.586024,00-120_STILL,36940234697200,152300,PITCH,0.0,-0.03,-0.06,0.0,0.0,0.0,0.0,0,1500,0,1,PID_ATTITUDE
64.694683,00-120_STILL,36940343355800,152400,PITCH,0.01,-0.03,-0.06,0.0,0.0,0.0,0.0,0,1500,0,1,PID_ATTITUDE
64.738246,00-120_STILL,36940386919000,152500,PITCH,0.01,-0.03,-0.06,0.0,0.0,0.0,0.0,0,1500,0,1,PID_ATTITUDE
64.896578,00-120_STILL,36940545250500,152600,PITCH,0.0,-0.01,-0.04,0.0,0.0,0.0,0.0,0,1500,0,1,PID_ATTITUDE
64.988448,00-120_STILL,36940637120600,152700,PITCH,0.0,-0.02,-0.05,0.0,0.0,0.0,0.0,0,1500,0,1,PID_ATTITUDE
65.097482,00-120_STILL,36940746154700,152800,PITCH,0.0,-0.02,-0.05,0.0,0.0,0.0,0.0,0,1500,0,1,PID_ATTITUDE
65.192531,00-120_STILL,36940841204200,152900,PITCH,0.0,-0.02,-0.05,0.0,0.0,0.0,0.0,0,1500,0,1,PID_ATTITUDE
65.285816,00-120_STILL,36940934488700,153000,PITCH,0.0,-0.01,-0.04,0.0,0.0,0.0,0.0,0,1500,0,1,PID_ATTITUDE
65.394548,00-120_STILL,36941043221100,153100,PITCH,0.0,0.0,-0.03,0.0,0.0,0.0,0.0,0,1500,0,1,PID_ATTITUDE
65.487341,00-120_STILL,36941136014400,153200,PITCH,0.0,-0.01,-0.03,0.0,0.0,0.0,0.0,0,1500,0,1,PID_ATTITUDE
65.595735,00-120_STILL,36941244407500,153300,PITCH,0.0,0.0,-0.03,0.0,0.0,0.0,0.0,0,1500,0,1,PID_ATTITUDE
65.689020,00-120_STILL,36941337693000,153400,PITCH,0.01,0.01,-0.02,0.0,0.0,0.0,0.0,0,1500,0,1,PID_ATTITUDE
65.738100,00-120_STILL,36941386772700,153500,PITCH,0.02,0.0,-0.03,0.0,0.0,0.0,0.0,0,1500,0,1,PID_ATTITUDE
65.891406,00-120_STILL,36941540079100,153600,PITCH,0.01,0.0,-0.03,0.0,0.0,0.0,0.0,0,1500,0,1,PID_ATTITUDE
65.998684,00-120_STILL,36941647357300,153700,PITCH,0.01,0.0,-0.03,0.0,0.0,0.0,0.0,0,1500,0,1,PID_ATTITUDE
66.092139,00-120_STILL,36941740812000,153800,PITCH,0.02,0.0,-0.02,0.0,0.0,0.0,0.0,0,1500,0,1,PID_ATTITUDE
66.184924,00-120_STILL,36941833596500,153900,PITCH,0.02,0.01,-0.02,0.0,0.0,0.0,0.0,0,1500,0,1,PID_ATTITUDE
66.294382,00-120_STILL,36941943055400,154000,PITCH,0.02,0.0,-0.03,0.0,0.0,0.0,0.0,0,1500,0,1,PID_ATTITUDE
66.387923,00-120_STILL,36942036595500,154100,PITCH,0.01,0.0,-0.02,0.0,0.0,0.0,0.0,0,1500,0,1,PID_ATTITUDE
66.497299,00-120_STILL,36942145971700,154200,PITCH,0.02,0.0,-0.03,0.0,0.0,0.0,0.0,0,1500,0,1,PID_ATTITUDE
66.590471,00-120_STILL,36942239143700,154300,PITCH,0.01,-0.01,-0.04,0.0,0.0,0.0,0.0,0,1500,0,1,PID_ATTITUDE
66.698677,00-120_STILL,36942347350200,154400,PITCH,0.0,-0.01,-0.04,0.0,0.0,0.0,0.0,0,1500,0,1,PID_ATTITUDE
66.737929,00-120_STILL,36942386601900,154500,PITCH,0.0,0.0,-0.03,0.0,0.0,0.0,0.0,0,1500,0,1,PID_ATTITUDE
66.887263,00-120_STILL,36942535936100,154600,PITCH,0.0,0.01,-0.02,0.0,0.0,0.0,0.0,0,1500,0,1,PID_ATTITUDE
66.997201,00-120_STILL,36942645873900,154700,PITCH,-0.01,0.01,-0.02,0.0,0.0,0.0,0.0,0,1500,0,1,PID_ATTITUDE
67.091634,00-120_STILL,36942740306500,154800,PITCH,-0.02,0.0,-0.03,0.0,0.0,0.0,0.0,0,1500,0,1,PID_ATTITUDE
67.185151,00-120_STILL,36942833823900,154900,PITCH,-0.02,-0.01,-0.05,0.0,0.0,0.0,0.0,0,1500,0,1,PID_ATTITUDE
67.293781,00-120_STILL,36942942454300,155000,PITCH,-0.02,-0.02,-0.05,0.0,0.0,0.0,0.0,0,1500,0,1,PID_ATTITUDE
67.388773,00-120_STILL,36943037445700,155100,PITCH,-0.01,-0.03,-0.06,0.0,0.0,0.0,0.0,0,1500,0,1,PID_ATTITUDE
67.498246,00-120_STILL,36943146919100,155200,PITCH,-0.01,-0.02,-0.05,0.0,0.0,0.0,0.0,0,1500,0,1,PID_ATTITUDE
67.589006,00-120_STILL,36943237678800,155300,PITCH,-0.01,-0.02,-0.05,0.0,0.0,0.0,0.0,0,1500,0,1,PID_ATTITUDE
67.698437,00-120_STILL,36943347110100,155400,PITCH,0.0,-0.03,-0.06,0.0,0.0,0.0,0.0,0,1500,0,1,PID_ATTITUDE
67.737761,00-120_STILL,36943386434200,155500,PITCH,-0.01,-0.04,-0.07,0.0,0.0,0.0,0.0,0,1500,0,1,PID_ATTITUDE
67.884067,00-120_STILL,36943532740300,155600,PITCH,-0.01,-0.04,-0.07,0.0,0.0,0.0,0.0,0,1500,0,1,PID_ATTITUDE
67.992829,00-120_STILL,36943641501800,155700,PITCH,-0.01,-0.04,-0.07,0.0,0.0,0.0,0.0,0,1500,0,1,PID_ATTITUDE
68.087199,00-120_STILL,36943735872400,155800,PITCH,-0.01,-0.02,-0.05,0.0,0.0,0.0,0.0,0,1500,0,1,PID_ATTITUDE
68.197419,00-120_STILL,36943846092000,155900,PITCH,-0.02,-0.01,-0.04,0.0,0.0,0.0,0.0,0,1500,0,1,PID_ATTITUDE
68.290239,00-120_STILL,36943938912200,156000,PITCH,-0.01,-0.01,-0.04,0.0,0.0,0.0,0.0,0,1500,0,1,PID_ATTITUDE
68.398275,00-120_STILL,36944046948300,156100,PITCH,-0.01,0.0,-0.04,0.0,0.0,0.0,0.0,0,1500,0,1,PID_ATTITUDE
68.490732,00-120_STILL,36944139404700,156200,PITCH,0.0,0.0,-0.03,0.0,0.0,0.0,0.0,0,1500,0,1,PID_ATTITUDE
68.598945,00-120_STILL,36944247617700,156300,PITCH,-0.01,0.0,-0.03,0.0,0.0,0.0,0.0,0,1500,0,1,PID_ATTITUDE
68.690639,00-120_STILL,36944339312200,156400,PITCH,-0.01,-0.01,-0.04,0.0,0.0,0.0,0.0,0,1500,0,1,PID_ATTITUDE
68.737653,00-120_STILL,36944386325900,156500,PITCH,-0.02,-0.02,-0.04,0.0,0.0,0.0,0.0,0,1500,0,1,PID_ATTITUDE
68.891941,00-120_STILL,36944540614000,156600,PITCH,0.0,-0.01,-0.04,0.0,0.0,0.0,0.0,0,1500,0,1,PID_ATTITUDE
68.985492,00-120_STILL,36944634165200,156700,PITCH,0.01,-0.01,-0.04,0.0,0.0,0.0,0.0,0,1500,0,1,PID_ATTITUDE
69.094299,00-120_STILL,36944742972300,156800,PITCH,0.0,-0.02,-0.05,0.0,0.0,0.0,0.0,0,1500,0,1,PID_ATTITUDE
69.188160,00-120_STILL,36944836832500,156900,PITCH,0.0,-0.02,-0.05,0.0,0.0,0.0,0.0,0,1500,0,1,PID_ATTITUDE
69.294742,00-120_STILL,36944943414700,157000,PITCH,0.0,-0.02,-0.05,0.0,0.0,0.0,0.0,0,1500,0,1,PID_ATTITUDE
69.388937,00-120_STILL,36945037609900,157100,PITCH,0.01,-0.03,-0.06,0.0,0.0,0.0,0.0,0,1500,0,1,PID_ATTITUDE
69.497049,00-120_STILL,36945145722200,157200,PITCH,0.0,-0.03,-0.06,0.0,0.0,0.0,0.0,0,1500,0,1,PID_ATTITUDE
69.590071,00-120_STILL,36945238743600,157300,PITCH,0.0,-0.02,-0.05,0.0,0.0,0.0,0.0,0,1500,0,1,PID_ATTITUDE
69.685235,00-120_STILL,36945333907500,157400,PITCH,0.01,0.0,-0.03,0.0,0.0,0.0,0.0,0,1500,0,1,PID_ATTITUDE
69.737480,00-120_STILL,36945386153200,157500,PITCH,0.01,0.0,-0.03,0.0,0.0,0.0,0.0,0,1500,0,1,PID_ATTITUDE
69.887882,00-120_STILL,36945536554400,157600,PITCH,0.01,0.0,-0.03,0.0,0.0,0.0,0.0,0,1500,0,1,PID_ATTITUDE
69.996749,00-120_STILL,36945645422000,157700,PITCH,0.01,-0.01,-0.04,0.0,0.0,0.0,0.0,0,1500,0,1,PID_ATTITUDE
70.089362,00-120_STILL,36945738035400,157800,PITCH,0.0,-0.01,-0.04,0.0,0.0,0.0,0.0,0,1500,0,1,PID_ATTITUDE
70.198630,00-120_STILL,36945847302800,157900,PITCH,0.0,0.01,-0.02,0.0,0.0,0.0,0.0,0,1500,0,1,PID_ATTITUDE
70.292222,00-120_STILL,36945940895400,158000,PITCH,0.0,0.01,-0.02,0.0,0.0,0.0,0.0,0,1500,0,1,PID_ATTITUDE
70.386450,00-120_STILL,36946035122600,158100,PITCH,-0.01,0.01,-0.02,0.0,0.0,0.0,0.0,0,1500,0,1,PID_ATTITUDE
70.494536,00-120_STILL,36946143208600,158200,PITCH,-0.01,0.01,-0.02,0.0,0.0,0.0,0.0,0,1500,0,1,PID_ATTITUDE
70.586511,00-120_STILL,36946235183600,158300,PITCH,-0.01,0.01,-0.02,0.0,0.0,0.0,0.0,0,1500,0,1,PID_ATTITUDE
70.695874,00-120_STILL,36946344546600,158400,PITCH,-0.02,0.01,-0.02,0.0,0.0,0.0,0.0,0,1500,0,1,PID_ATTITUDE
70.737331,00-120_STILL,36946386004200,158500,PITCH,-0.02,0.0,-0.03,0.0,0.0,0.0,0.0,0,1500,0,1,PID_ATTITUDE
70.897389,00-120_STILL,36946546061800,158600,PITCH,-0.02,-0.01,-0.04,0.0,0.0,0.0,0.0,0,1500,0,1,PID_ATTITUDE
70.990724,00-120_STILL,36946639397100,158700,PITCH,-0.02,-0.01,-0.04,0.0,0.0,0.0,0.0,0,1500,0,1,PID_ATTITUDE
71.084161,00-120_STILL,36946732833900,158800,PITCH,-0.03,-0.01,-0.05,0.0,0.0,0.0,0.0,0,1500,0,1,PID_ATTITUDE
71.192990,00-120_STILL,36946841662500,158900,PITCH,-0.04,-0.03,-0.06,0.0,0.0,0.0,0.0,0,1500,0,1,PID_ATTITUDE
71.286759,00-120_STILL,36946935431800,159000,PITCH,-0.04,-0.02,-0.05,0.0,0.0,0.0,0.0,0,1500,0,1,PID_ATTITUDE
71.394572,00-120_STILL,36947043245100,159100,PITCH,-0.03,-0.02,-0.05,0.0,0.0,0.0,0.0,0,1500,0,1,PID_ATTITUDE
71.489891,00-120_STILL,36947138564200,159200,PITCH,-0.03,-0.03,-0.06,0.0,0.0,0.0,0.0,0,1500,0,1,PID_ATTITUDE
71.597869,00-120_STILL,36947246541500,159300,PITCH,-0.03,-0.02,-0.05,0.0,0.0,0.0,0.0,0,1500,0,1,PID_ATTITUDE
71.692242,00-120_STILL,36947340914800,159400,PITCH,-0.02,-0.02,-0.05,0.0,0.0,0.0,0.0,0,1500,0,1,PID_ATTITUDE
71.737040,00-120_STILL,36947385712500,159500,PITCH,-0.01,-0.01,-0.04,0.0,0.0,0.0,0.0,0,1500,0,1,PID_ATTITUDE
71.893796,00-120_STILL,36947542468600,159600,PITCH,-0.02,-0.01,-0.04,0.0,0.0,0.0,0.0,0,1500,0,1,PID_ATTITUDE
71.987758,00-120_STILL,36947636430500,159700,PITCH,-0.02,-0.01,-0.04,0.0,0.0,0.0,0.0,0,1500,0,1,PID_ATTITUDE
72.096963,00-120_STILL,36947745636100,159800,PITCH,-0.03,-0.01,-0.04,0.0,0.0,0.0,0.0,0,1500,0,1,PID_ATTITUDE
72.189960,00-120_STILL,36947838633100,159900,PITCH,-0.04,0.0,-0.03,0.0,0.0,0.0,0.0,0,1500,0,1,PID_ATTITUDE
72.298011,00-120_STILL,36947946684200,160000,PITCH,-0.03,0.01,-0.02,0.0,0.0,0.0,0.0,0,1500,0,1,PID_ATTITUDE
72.392330,00-120_STILL,36948041003100,160100,PITCH,-0.03,0.01,-0.02,0.0,0.0,0.0,0.0,0,1500,0,1,PID_ATTITUDE
72.485110,00-120_STILL,36948133782700,160200,PITCH,-0.03,0.01,-0.02,0.0,0.0,0.0,0.0,0,1500,0,1,PID_ATTITUDE
72.593638,00-120_STILL,36948242310900,160300,PITCH,-0.03,0.01,-0.02,0.0,0.0,0.0,0.0,0,1500,0,1,PID_ATTITUDE
72.688237,00-120_STILL,36948336910100,160400,PITCH,-0.04,0.01,-0.02,0.0,0.0,0.0,0.0,0,1500,0,1,PID_ATTITUDE
72.736861,00-120_STILL,36948385533400,160500,PITCH,-0.04,0.01,-0.02,0.0,0.0,0.0,0.0,0,1500,0,1,PID_ATTITUDE
72.891231,00-120_STILL,36948539903800,160600,PITCH,-0.04,0.01,-0.03,0.0,0.0,0.0,0.0,0,1500,0,1,PID_ATTITUDE
72.985313,00-120_STILL,36948633985600,160700,PITCH,-0.04,0.0,-0.03,0.0,0.0,0.0,0.0,0,1500,0,1,PID_ATTITUDE
73.095486,00-120_STILL,36948744159100,160800,PITCH,-0.04,-0.02,-0.05,0.0,0.0,0.0,0.0,0,1500,0,1,PID_ATTITUDE
73.188543,00-120_STILL,36948837216000,160900,PITCH,-0.03,-0.02,-0.05,0.0,0.0,0.0,0.0,0,1500,0,1,PID_ATTITUDE
73.283405,00-120_STILL,36948932078000,161000,PITCH,-0.04,-0.01,-0.04,0.0,0.0,0.0,0.0,0,1500,0,1,PID_ATTITUDE
73.392659,00-120_STILL,36949041332200,161100,PITCH,-0.03,-0.01,-0.04,0.0,0.0,0.0,0.0,0,1500,0,1,PID_ATTITUDE
73.485666,00-120_STILL,36949134338600,161200,PITCH,-0.03,-0.02,-0.05,0.0,0.0,0.0,0.0,0,1500,0,1,PID_ATTITUDE
73.594384,00-120_STILL,36949243057200,161300,PITCH,-0.02,-0.02,-0.05,0.0,0.0,0.0,0.0,0,1500,0,1,PID_ATTITUDE
73.687575,00-120_STILL,36949336247500,161400,PITCH,0.0,-0.02,-0.05,0.0,0.0,0.0,0.0,0,1500,0,1,PID_ATTITUDE
73.736724,00-120_STILL,36949385397100,161500,PITCH,0.01,-0.02,-0.04,0.0,0.0,0.0,0.0,0,1500,0,1,PID_ATTITUDE
73.889434,00-120_STILL,36949538107300,161600,PITCH,0.01,-0.01,-0.04,0.0,0.0,0.0,0.0,0,1500,0,1,PID_ATTITUDE
73.997259,00-120_STILL,36949645932100,161700,PITCH,0.01,-0.02,-0.05,0.0,0.0,0.0,0.0,0,1500,0,1,PID_ATTITUDE
74.089815,00-120_STILL,36949738488000,161800,PITCH,0.0,-0.03,-0.06,0.0,0.0,0.0,0.0,0,1500,0,1,PID_ATTITUDE
74.184146,00-120_STILL,36949832818700,161900,PITCH,0.0,-0.01,-0.04,0.0,0.0,0.0,0.0,0,1500,0,1,PID_ATTITUDE
74.292358,00-120_STILL,36949941031000,162000,PITCH,-0.01,-0.01,-0.04,0.0,0.0,0.0,0.0,0,1500,0,1,PID_ATTITUDE
74.386739,00-120_STILL,36950035411800,162100,PITCH,0.0,-0.01,-0.04,0.0,0.0,0.0,0.0,0,1500,0,1,PID_ATTITUDE
74.495180,00-120_STILL,36950143853000,162200,PITCH,0.0,-0.01,-0.04,0.0,0.0,0.0,0.0,0,1500,0,1,PID_ATTITUDE
74.589267,00-120_STILL,36950237940100,162300,PITCH,0.0,-0.02,-0.05,0.0,0.0,0.0,0.0,0,1500,0,1,PID_ATTITUDE
74.683957,00-120_STILL,36950332629700,162400,PITCH,0.0,-0.02,-0.05,0.0,0.0,0.0,0.0,0,1500,0,1,PID_ATTITUDE
74.736744,00-120_STILL,36950385416800,162500,PITCH,0.0,-0.01,-0.04,0.0,0.0,0.0,0.0,0,1500,0,1,PID_ATTITUDE
74.887747,00-120_STILL,36950536419900,162600,PITCH,-0.01,-0.02,-0.05,0.0,0.0,0.0,0.0,0,1500,0,1,PID_ATTITUDE
74.997320,00-120_STILL,36950645993200,162700,PITCH,-0.01,-0.01,-0.04,0.0,0.0,0.0,0.0,0,1500,0,1,PID_ATTITUDE
75.088787,00-120_STILL,36950737459600,162800,PITCH,0.0,-0.01,-0.04,0.0,0.0,0.0,0.0,0,1500,0,1,PID_ATTITUDE
75.197564,00-120_STILL,36950846236800,162900,PITCH,0.0,-0.02,-0.05,0.0,0.0,0.0,0.0,0,1500,0,1,PID_ATTITUDE
75.290521,00-120_STILL,36950939193900,163000,PITCH,0.0,-0.01,-0.04,0.0,0.0,0.0,0.0,0,1500,0,1,PID_ATTITUDE
75.382552,00-120_STILL,36951031224500,163100,PITCH,-0.01,-0.01,-0.04,0.0,0.0,0.0,0.0,0,1500,0,1,PID_ATTITUDE
75.491107,00-120_STILL,36951139779400,163200,PITCH,0.0,-0.01,-0.04,0.0,0.0,0.0,0.0,0,1500,0,1,PID_ATTITUDE
75.584623,00-120_STILL,36951233296100,163300,PITCH,0.0,-0.01,-0.04,0.0,0.0,0.0,0.0,0,1500,0,1,PID_ATTITUDE
75.692696,00-120_STILL,36951341368600,163400,PITCH,0.0,-0.02,-0.05,0.0,0.0,0.0,0.0,0,1500,0,1,PID_ATTITUDE
75.736583,00-120_STILL,36951385255500,163500,PITCH,0.0,-0.01,-0.04,0.0,0.0,0.0,0.0,0,1500,0,1,PID_ATTITUDE
75.894661,00-120_STILL,36951543333500,163600,PITCH,-0.01,-0.01,-0.04,0.0,0.0,0.0,0.0,0,1500,0,1,PID_ATTITUDE
75.987768,00-120_STILL,36951636440600,163700,PITCH,-0.01,-0.01,-0.04,0.0,0.0,0.0,0.0,0,1500,0,1,PID_ATTITUDE
76.097218,00-120_STILL,36951745890800,163800,PITCH,0.0,-0.02,-0.05,0.0,0.0,0.0,0.0,0,1500,0,1,PID_ATTITUDE
76.189813,00-120_STILL,36951838485700,163900,PITCH,-0.01,-0.03,-0.06,0.0,0.0,0.0,0.0,0,1500,0,1,PID_ATTITUDE
76.297812,00-120_STILL,36951946485100,164000,PITCH,-0.01,-0.02,-0.05,0.0,0.0,0.0,0.0,0,1500,0,1,PID_ATTITUDE
76.390918,00-120_STILL,36952039590600,164100,PITCH,-0.01,-0.01,-0.04,0.0,0.0,0.0,0.0,0,1500,0,1,PID_ATTITUDE
76.484455,00-120_STILL,36952133128200,164200,PITCH,0.0,0.0,-0.03,0.0,0.0,0.0,0.0,0,1500,0,1,PID_ATTITUDE
76.593081,00-120_STILL,36952241754000,164300,PITCH,-0.01,0.0,-0.03,0.0,0.0,0.0,0.0,0,1500,0,1,PID_ATTITUDE
76.687756,00-120_STILL,36952336428800,164400,PITCH,-0.02,0.0,-0.03,0.0,0.0,0.0,0.0,0,1500,0,1,PID_ATTITUDE
76.736323,00-120_STILL,36952384996200,164500,PITCH,-0.01,0.0,-0.03,0.0,0.0,0.0,0.0,0,1500,0,1,PID_ATTITUDE
76.889669,00-120_STILL,36952538341800,164600,PITCH,-0.01,-0.01,-0.04,0.0,0.0,0.0,0.0,0,1500,0,1,PID_ATTITUDE
76.997389,00-120_STILL,36952646061900,164700,PITCH,-0.02,-0.02,-0.05,0.0,0.0,0.0,0.0,0,1500,0,1,PID_ATTITUDE
77.091157,00-120_STILL,36952739829700,164800,PITCH,-0.02,-0.02,-0.05,0.0,0.0,0.0,0.0,0,1500,0,1,PID_ATTITUDE
77.184579,00-120_STILL,36952833251900,164900,PITCH,-0.01,-0.03,-0.06,0.0,0.0,0.0,0.0,0,1500,0,1,PID_ATTITUDE
77.294750,00-120_STILL,36952943423100,165000,PITCH,-0.01,-0.04,-0.07,0.0,0.0,0.0,0.0,0,1500,0,1,PID_ATTITUDE
77.388165,00-120_STILL,36953036838200,165100,PITCH,-0.01,-0.03,-0.06,0.0,0.0,0.0,0.0,0,1500,0,1,PID_ATTITUDE
77.496775,00-120_STILL,36953145447800,165200,PITCH,-0.01,-0.03,-0.07,0.0,0.0,0.0,0.0,0,1500,0,1,PID_ATTITUDE
77.588426,00-120_STILL,36953237098700,165300,PITCH,-0.01,-0.03,-0.06,0.0,0.0,0.0,0.0,0,1500,0,1,PID_ATTITUDE
77.697195,00-120_STILL,36953345867700,165400,PITCH,-0.01,-0.03,-0.06,0.0,0.0,0.0,0.0,0,1500,0,1,PID_ATTITUDE
77.736289,00-120_STILL,36953384962400,165500,PITCH,-0.01,-0.03,-0.06,0.0,0.0,0.0,0.0,0,1500,0,1,PID_ATTITUDE
77.883478,00-120_STILL,36953532151100,165600,PITCH,-0.02,-0.02,-0.05,0.0,0.0,0.0,0.0,0,1500,0,1,PID_ATTITUDE
77.992225,00-120_STILL,36953640898300,165700,PITCH,-0.03,-0.02,-0.05,0.0,0.0,0.0,0.0,0,1500,0,1,PID_ATTITUDE
78.084241,00-120_STILL,36953732913900,165800,PITCH,-0.03,-0.02,-0.05,0.0,0.0,0.0,0.0,0,1500,0,1,PID_ATTITUDE
78.192095,00-120_STILL,36953840767900,165900,PITCH,-0.03,-0.02,-0.05,0.0,0.0,0.0,0.0,0,1500,0,1,PID_ATTITUDE
78.285217,00-120_STILL,36953933889900,166000,PITCH,-0.04,-0.03,-0.06,0.0,0.0,0.0,0.0,0,1500,0,1,PID_ATTITUDE
78.395494,00-120_STILL,36954044166800,166100,PITCH,-0.02,-0.03,-0.06,0.0,0.0,0.0,0.0,0,1500,0,1,PID_ATTITUDE
78.488854,00-120_STILL,36954137526800,166200,PITCH,-0.01,-0.04,-0.07,0.0,0.0,0.0,0.0,0,1500,0,1,PID_ATTITUDE
78.582323,00-120_STILL,36954230995900,166300,PITCH,-0.02,-0.04,-0.07,0.0,0.0,0.0,0.0,0,1500,0,1,PID_ATTITUDE
78.690651,00-120_STILL,36954339323500,166400,PITCH,-0.01,-0.05,-0.08,0.0,0.0,0.0,0.0,0,1500,0,1,PID_ATTITUDE
78.736198,00-120_STILL,36954384871300,166500,PITCH,-0.01,-0.04,-0.07,0.0,0.0,0.0,0.0,0,1500,0,1,PID_ATTITUDE
78.893221,00-120_STILL,36954541894400,166600,PITCH,0.01,-0.04,-0.07,0.0,0.0,0.0,0.0,0,1500,0,1,PID_ATTITUDE
78.985758,00-120_STILL,36954634431300,166700,PITCH,0.01,-0.04,-0.07,0.0,0.0,0.0,0.0,0,1500,0,1,PID_ATTITUDE
79.094034,00-120_STILL,36954742706900,166800,PITCH,0.02,-0.03,-0.06,0.0,0.0,0.0,0.0,0,1500,0,1,PID_ATTITUDE
79.187135,00-120_STILL,36954835807600,166900,PITCH,0.01,-0.02,-0.05,0.0,0.0,0.0,0.0,0,1500,0,1,PID_ATTITUDE
79.297593,00-120_STILL,36954946266000,167000,PITCH,0.02,-0.02,-0.05,0.0,0.0,0.0,0.0,0,1500,0,1,PID_ATTITUDE
79.392191,00-120_STILL,36955040864300,167100,PITCH,0.01,-0.02,-0.05,0.0,0.0,0.0,0.0,0,1500,0,1,PID_ATTITUDE
79.484259,00-120_STILL,36955132931900,167200,PITCH,0.01,-0.02,-0.05,0.0,0.0,0.0,0.0,0,1500,0,1,PID_ATTITUDE
79.591355,00-120_STILL,36955240027900,167300,PITCH,0.0,-0.02,-0.05,0.0,0.0,0.0,0.0,0,1500,0,1,PID_ATTITUDE
79.684402,00-120_STILL,36955333074400,167400,PITCH,0.0,-0.01,-0.04,0.0,0.0,0.0,0.0,0,1500,0,1,PID_ATTITUDE
79.736035,00-120_STILL,36955384707700,167500,PITCH,-0.01,-0.01,-0.04,0.0,0.0,0.0,0.0,0,1500,0,1,PID_ATTITUDE
79.888604,00-120_STILL,36955537276600,167600,PITCH,0.0,-0.02,-0.06,0.0,0.0,0.0,0.0,0,1500,0,1,PID_ATTITUDE
79.996593,00-120_STILL,36955645265500,167700,PITCH,0.0,-0.03,-0.06,0.0,0.0,0.0,0.0,0,1500,0,1,PID_ATTITUDE
80.090015,00-120_STILL,36955738688000,167800,PITCH,-0.01,-0.03,-0.07,0.0,0.0,0.0,0.0,0,1500,0,1,PID_ATTITUDE
80.183961,00-120_STILL,36955832634200,167900,PITCH,-0.01,-0.04,-0.07,0.0,0.0,0.0,0.0,0,1500,0,1,PID_ATTITUDE
80.293279,00-120_STILL,36955941951500,168000,PITCH,-0.01,-0.03,-0.06,0.0,0.0,0.0,0.0,0,1500,0,1,PID_ATTITUDE
80.386327,00-120_STILL,36956035000100,168100,PITCH,-0.01,-0.03,-0.06,0.0,0.0,0.0,0.0,0,1500,0,1,PID_ATTITUDE
80.495543,00-120_STILL,36956144216400,168200,PITCH,-0.01,-0.03,-0.06,0.0,0.0,0.0,0.0,0,1500,0,1,PID_ATTITUDE
80.588204,00-120_STILL,36956236876500,168300,PITCH,-0.02,-0.04,-0.06,0.0,0.0,0.0,0.0,0,1500,0,1,PID_ATTITUDE
80.695027,00-120_STILL,36956343700300,168400,PITCH,-0.01,-0.03,-0.06,0.0,0.0,0.0,0.0,0,1500,0,1,PID_ATTITUDE
80.735822,00-120_STILL,36956384494800,168500,PITCH,-0.01,-0.02,-0.05,0.0,0.0,0.0,0.0,0,1500,0,1,PID_ATTITUDE
80.896765,00-120_STILL,36956545438200,168600,PITCH,-0.01,-0.02,-0.05,0.0,0.0,0.0,0.0,0,1500,0,1,PID_ATTITUDE
80.988714,00-120_STILL,36956637386400,168700,PITCH,0.0,-0.01,-0.04,0.0,0.0,0.0,0.0,0,1500,0,1,PID_ATTITUDE
81.083197,00-120_STILL,36956731870100,168800,PITCH,0.0,-0.01,-0.04,0.0,0.0,0.0,0.0,0,1500,0,1,PID_ATTITUDE
81.192967,00-120_STILL,36956841639800,168900,PITCH,0.01,-0.01,-0.04,0.0,0.0,0.0,0.0,0,1500,0,1,PID_ATTITUDE
81.285196,00-120_STILL,36956933868800,169000,PITCH,0.0,-0.02,-0.05,0.0,0.0,0.0,0.0,0,1500,0,1,PID_ATTITUDE
81.393352,00-120_STILL,36957042025100,169100,PITCH,0.0,-0.01,-0.04,0.0,0.0,0.0,0.0,0,1500,0,1,PID_ATTITUDE
81.486377,00-120_STILL,36957135049700,169200,PITCH,0.01,0.0,-0.03,0.0,0.0,0.0,0.0,0,1500,0,1,PID_ATTITUDE
81.596239,00-120_STILL,36957244912300,169300,PITCH,0.0,0.0,-0.02,0.0,0.0,0.0,0.0,0,1500,0,1,PID_ATTITUDE
81.689127,00-120_STILL,36957337799900,169400,PITCH,0.01,0.01,-0.02,0.0,0.0,0.0,0.0,0,1500,0,1,PID_ATTITUDE
81.735703,00-120_STILL,36957384376400,169500,PITCH,0.02,0.0,-0.03,0.0,0.0,0.0,0.0,0,1500,0,1,PID_ATTITUDE
81.892018,00-120_STILL,36957540691200,169600,PITCH,0.02,0.0,-0.03,0.0,0.0,0.0,0.0,0,1500,0,1,PID_ATTITUDE
81.984782,00-120_STILL,36957633455300,169700,PITCH,0.01,0.0,-0.03,0.0,0.0,0.0,0.0,0,1500,0,1,PID_ATTITUDE
82.094182,00-120_STILL,36957742855300,169800,PITCH,0.0,0.0,-0.03,0.0,0.0,0.0,0.0,0,1500,0,1,PID_ATTITUDE
82.188015,00-120_STILL,36957836687600,169900,PITCH,0.02,-0.02,-0.05,0.0,0.0,0.0,0.0,0,1500,0,1,PID_ATTITUDE
82.281941,00-120_STILL,36957930614200,170000,PITCH,0.02,-0.02,-0.05,0.0,0.0,0.0,0.0,0,1500,0,1,PID_ATTITUDE
82.391416,00-120_STILL,36958040089100,170100,PITCH,0.01,-0.02,-0.05,0.0,0.0,0.0,0.0,0,1500,0,1,PID_ATTITUDE
82.485439,00-120_STILL,36958134111800,170200,PITCH,0.01,-0.01,-0.04,0.0,0.0,0.0,0.0,0,1500,0,1,PID_ATTITUDE
82.595448,00-120_STILL,36958244121100,170300,PITCH,0.01,0.0,-0.03,0.0,0.0,0.0,0.0,0,1500,0,1,PID_ATTITUDE
82.688463,00-120_STILL,36958337135600,170400,PITCH,0.01,-0.01,-0.04,0.0,0.0,0.0,0.0,0,1500,0,1,PID_ATTITUDE
82.735420,00-120_STILL,36958384092500,170500,PITCH,0.01,-0.01,-0.04,0.0,0.0,0.0,0.0,0,1500,0,1,PID_ATTITUDE
82.890450,00-120_STILL,36958539122500,170600,PITCH,0.0,-0.01,-0.04,0.0,0.0,0.0,0.0,0,1500,0,1,PID_ATTITUDE
82.984427,00-120_STILL,36958633099900,170700,PITCH,0.01,-0.01,-0.04,0.0,0.0,0.0,0.0,0,1500,0,1,PID_ATTITUDE
83.092832,00-120_STILL,36958741504700,170800,PITCH,0.0,-0.02,-0.05,0.0,0.0,0.0,0.0,0,1500,0,1,PID_ATTITUDE
83.185801,00-120_STILL,36958834474300,170900,PITCH,0.01,-0.02,-0.05,0.0,0.0,0.0,0.0,0,1500,0,1,PID_ATTITUDE
83.295250,00-120_STILL,36958943922500,171000,PITCH,0.01,-0.03,-0.06,0.0,0.0,0.0,0.0,0,1500,0,1,PID_ATTITUDE
83.390037,00-120_STILL,36959038710300,171100,PITCH,-0.01,-0.03,-0.06,0.0,0.0,0.0,0.0,0,1500,0,1,PID_ATTITUDE
83.483775,00-120_STILL,36959132447800,171200,PITCH,-0.01,-0.03,-0.06,0.0,0.0,0.0,0.0,0,1500,0,1,PID_ATTITUDE
83.594585,00-120_STILL,36959243257900,171300,PITCH,0.0,-0.03,-0.06,0.0,0.0,0.0,0.0,0,1500,0,1,PID_ATTITUDE
83.687617,00-120_STILL,36959336290000,171400,PITCH,0.0,-0.03,-0.06,0.0,0.0,0.0,0.0,0,1500,0,1,PID_ATTITUDE
83.735234,00-120_STILL,36959383907300,171500,PITCH,-0.01,-0.02,-0.05,0.0,0.0,0.0,0.0,0,1500,0,1,PID_ATTITUDE
83.889277,00-120_STILL,36959537949500,171600,PITCH,0.0,-0.01,-0.04,0.0,0.0,0.0,0.0,0,1500,0,1,PID_ATTITUDE
83.982002,00-120_STILL,36959630674600,171700,PITCH,0.0,-0.01,-0.04,0.0,0.0,0.0,0.0,0,1500,0,1,PID_ATTITUDE
84.091932,00-120_STILL,36959740605300,171800,PITCH,0.0,-0.01,-0.04,0.0,0.0,0.0,0.0,0,1500,0,1,PID_ATTITUDE
84.185816,00-120_STILL,36959834488600,171900,PITCH,0.01,-0.03,-0.06,0.0,0.0,0.0,0.0,0,1500,0,1,PID_ATTITUDE
84.295260,00-120_STILL,36959943932700,172000,PITCH,0.01,-0.03,-0.06,0.0,0.0,0.0,0.0,0,1500,0,1,PID_ATTITUDE
84.388275,00-120_STILL,36960036948200,172100,PITCH,0.02,-0.03,-0.06,0.0,0.0,0.0,0.0,0,1500,0,1,PID_ATTITUDE
84.483394,00-120_STILL,36960132066800,172200,PITCH,0.01,-0.02,-0.05,0.0,0.0,0.0,0.0,0,1500,0,1,PID_ATTITUDE
84.593110,00-120_STILL,36960241783100,172300,PITCH,0.01,-0.01,-0.04,0.0,0.0,0.0,0.0,0,1500,0,1,PID_ATTITUDE
84.687844,00-120_STILL,36960336516800,172400,PITCH,0.0,-0.02,-0.05,0.0,0.0,0.0,0.0,0,1500,0,1,PID_ATTITUDE
84.735336,00-120_STILL,36960384009200,172500,PITCH,-0.01,-0.01,-0.04,0.0,0.0,0.0,0.0,0,1500,0,1,PID_ATTITUDE
84.891780,00-120_STILL,36960540452900,172600,PITCH,-0.01,-0.01,-0.04,0.0,0.0,0.0,0.0,0,1500,0,1,PID_ATTITUDE
84.984047,00-120_STILL,36960632719900,172700,PITCH,-0.01,-0.01,-0.04,0.0,0.0,0.0,0.0,0,1500,0,1,PID_ATTITUDE
85.092721,00-120_STILL,36960741394200,172800,PITCH,-0.01,-0.02,-0.05,0.0,0.0,0.0,0.0,0,1500,0,1,PID_ATTITUDE
85.185055,00-120_STILL,36960833728200,172900,PITCH,-0.01,-0.02,-0.05,0.0,0.0,0.0,0.0,0,1500,0,1,PID_ATTITUDE
85.292584,00-120_STILL,36960941257300,173000,PITCH,-0.01,-0.03,-0.06,0.0,0.0,0.0,0.0,0,1500,0,1,PID_ATTITUDE
85.386234,00-120_STILL,36961034907200,173100,PITCH,-0.02,-0.04,-0.07,0.0,0.0,0.0,0.0,0,1500,0,1,PID_ATTITUDE
85.494765,00-120_STILL,36961143438200,173200,PITCH,-0.02,-0.03,-0.06,0.0,0.0,0.0,0.0,0,1500,0,1,PID_ATTITUDE
85.588681,00-120_STILL,36961237353600,173300,PITCH,-0.01,-0.03,-0.07,0.0,0.0,0.0,0.0,0,1500,0,1,PID_ATTITUDE
85.681495,00-120_STILL,36961330168400,173400,PITCH,-0.01,-0.04,-0.07,0.0,0.0,0.0,0.0,0,1500,0,1,PID_ATTITUDE
85.735091,00-120_STILL,36961383763800,173500,PITCH,-0.01,-0.03,-0.05,0.0,0.0,0.0,0.0,0,1500,0,1,PID_ATTITUDE
85.882105,00-120_STILL,36961530778100,173600,PITCH,0.0,-0.01,-0.04,0.0,0.0,0.0,0.0,0,1500,0,1,PID_ATTITUDE
85.990537,00-120_STILL,36961639210000,173700,PITCH,0.0,0.0,-0.02,0.0,0.0,0.0,0.0,0,1500,0,1,PID_ATTITUDE
86.084147,00-120_STILL,36961732820100,173800,PITCH,0.01,0.01,-0.02,0.0,0.0,0.0,0.0,0,1500,0,1,PID_ATTITUDE
86.193721,00-120_STILL,36961842393900,173900,PITCH,0.0,0.01,-0.02,0.0,0.0,0.0,0.0,0,1500,0,1,PID_ATTITUDE
86.285044,00-120_STILL,36961933717100,174000,PITCH,-0.01,0.0,-0.03,0.0,0.0,0.0,0.0,0,1500,0,1,PID_ATTITUDE
86.394104,00-120_STILL,36962042776700,174100,PITCH,0.0,0.0,-0.03,0.0,0.0,0.0,0.0,0,1500,0,1,PID_ATTITUDE
86.488155,00-120_STILL,36962136827800,174200,PITCH,0.0,-0.01,-0.04,0.0,0.0,0.0,0.0,0,1500,0,1,PID_ATTITUDE
86.580981,00-120_STILL,36962229654000,174300,PITCH,0.0,-0.01,-0.04,0.0,0.0,0.0,0.0,0,1500,0,1,PID_ATTITUDE
86.689631,00-120_STILL,36962338303900,174400,PITCH,0.01,-0.02,-0.05,0.0,0.0,0.0,0.0,0,1500,0,1,PID_ATTITUDE
86.735059,00-120_STILL,36962383732100,174500,PITCH,0.0,-0.01,-0.04,0.0,0.0,0.0,0.0,0,1500,0,1,PID_ATTITUDE
86.893181,00-120_STILL,36962541854200,174600,PITCH,0.0,0.0,-0.03,0.0,0.0,0.0,0.0,0,1500,0,1,PID_ATTITUDE
86.987285,00-120_STILL,36962635957500,174700,PITCH,-0.01,0.0,-0.03,0.0,0.0,0.0,0.0,0,1500,0,1,PID_ATTITUDE
87.096255,00-120_STILL,36962744928000,174800,PITCH,0.0,0.01,-0.02,0.0,0.0,0.0,0.0,0,1500,0,1,PID_ATTITUDE
87.189010,00-120_STILL,36962837683000,174900,PITCH,0.01,0.0,-0.03,0.0,0.0,0.0,0.0,0,1500,0,1,PID_ATTITUDE
87.282288,00-120_STILL,36962930961300,175000,PITCH,0.0,0.0,-0.03,0.0,0.0,0.0,0.0,0,1500,0,1,PID_ATTITUDE
87.390747,00-120_STILL,36963039420200,175100,PITCH,0.01,0.0,-0.03,0.0,0.0,0.0,0.0,0,1500,0,1,PID_ATTITUDE
87.483818,00-120_STILL,36963132490700,175200,PITCH,0.0,0.0,-0.03,0.0,0.0,0.0,0.0,0,1500,0,1,PID_ATTITUDE
87.591918,00-120_STILL,36963240590900,175300,PITCH,0.0,-0.01,-0.04,0.0,0.0,0.0,0.0,0,1500,0,1,PID_ATTITUDE
87.684768,00-120_STILL,36963333441200,175400,PITCH,0.0,-0.02,-0.06,0.0,0.0,0.0,0.0,0,1500,0,1,PID_ATTITUDE
87.734778,00-120_STILL,36963383451000,175500,PITCH,-0.01,-0.03,-0.06,0.0,0.0,0.0,0.0,0,1500,0,1,PID_ATTITUDE
87.888079,00-120_STILL,36963536752300,175600,PITCH,-0.01,-0.03,-0.06,0.0,0.0,0.0,0.0,0,1500,0,1,PID_ATTITUDE
87.981472,00-120_STILL,36963630144800,175700,PITCH,-0.02,-0.02,-0.05,0.0,0.0,0.0,0.0,0,1500,0,1,PID_ATTITUDE
88.090023,00-120_STILL,36963738695400,175800,PITCH,-0.02,-0.01,-0.04,0.0,0.0,0.0,0.0,0,1500,0,1,PID_ATTITUDE
88.183969,00-120_STILL,36963832641700,175900,PITCH,-0.01,-0.01,-0.04,0.0,0.0,0.0,0.0,0,1500,0,1,PID_ATTITUDE
88.292761,00-120_STILL,36963941434100,176000,PITCH,-0.01,-0.02,-0.05,0.0,0.0,0.0,0.0,0,1500,0,1,PID_ATTITUDE
88.385831,00-120_STILL,36964034504100,176100,PITCH,0.0,-0.02,-0.05,0.0,0.0,0.0,0.0,0,1500,0,1,PID_ATTITUDE
88.494683,00-120_STILL,36964143356300,176200,PITCH,0.01,-0.03,-0.06,0.0,0.0,0.0,0.0,0,1500,0,1,PID_ATTITUDE
88.588174,00-120_STILL,36964236847100,176300,PITCH,0.01,-0.02,-0.05,0.0,0.0,0.0,0.0,0,1500,0,1,PID_ATTITUDE
88.681558,00-120_STILL,36964330230700,176400,PITCH,0.01,-0.02,-0.05,0.0,0.0,0.0,0.0,0,1500,0,1,PID_ATTITUDE
88.734627,00-120_STILL,36964383300000,176500,PITCH,0.01,-0.02,-0.05,0.0,0.0,0.0,0.0,0,1500,0,1,PID_ATTITUDE
88.883909,00-120_STILL,36964532582100,176600,PITCH,0.0,-0.02,-0.05,0.0,0.0,0.0,0.0,0,1500,0,1,PID_ATTITUDE
88.993255,00-120_STILL,36964641927800,176700,PITCH,-0.01,-0.03,-0.06,0.0,0.0,0.0,0.0,0,1500,0,1,PID_ATTITUDE
89.086269,00-120_STILL,36964734942300,176800,PITCH,-0.01,-0.02,-0.05,0.0,0.0,0.0,0.0,0,1500,0,1,PID_ATTITUDE
89.196263,00-120_STILL,36964844936100,176900,PITCH,-0.01,-0.02,-0.05,0.0,0.0,0.0,0.0,0,1500,0,1,PID_ATTITUDE
89.289431,00-120_STILL,36964938103600,177000,PITCH,-0.01,-0.03,-0.06,0.0,0.0,0.0,0.0,0,1500,0,1,PID_ATTITUDE
89.383580,00-120_STILL,36965032252500,177100,PITCH,0.0,-0.03,-0.06,0.0,0.0,0.0,0.0,0,1500,0,1,PID_ATTITUDE
89.493479,00-120_STILL,36965142151600,177200,PITCH,0.02,-0.03,-0.06,0.0,0.0,0.0,0.0,0,1500,0,1,PID_ATTITUDE
89.587798,00-120_STILL,36965236470700,177300,PITCH,0.02,-0.04,-0.07,0.0,0.0,0.0,0.0,0,1500,0,1,PID_ATTITUDE
89.681408,00-120_STILL,36965330080800,177400,PITCH,0.03,-0.05,-0.08,0.0,0.0,0.0,0.0,0,1500,0,1,PID_ATTITUDE
89.734533,00-120_STILL,36965383205400,177500,PITCH,0.02,-0.05,-0.08,0.0,0.0,0.0,0.0,0,1500,0,1,PID_ATTITUDE
89.885424,00-120_STILL,36965534097400,177600,PITCH,0.01,-0.05,-0.08,0.0,0.0,0.0,0.0,0,1500,0,1,PID_ATTITUDE
89.994141,00-120_STILL,36965642813600,177700,PITCH,0.02,-0.03,-0.06,0.0,0.0,0.0,0.0,0,1500,0,1,PID_ATTITUDE
90.087647,00-120_STILL,36965736319500,177800,PITCH,0.02,-0.02,-0.05,0.0,0.0,0.0,0.0,0,1500,0,1,PID_ATTITUDE
90.181662,00-120_STILL,36965830334800,177900,PITCH,0.01,-0.01,-0.04,0.0,0.0,0.0,0.0,0,1500,0,1,PID_ATTITUDE
90.289519,00-120_STILL,36965938191500,178000,PITCH,0.02,-0.01,-0.04,0.0,0.0,0.0,0.0,0,1500,0,1,PID_ATTITUDE
90.383088,00-120_STILL,36966031760900,178100,PITCH,0.01,-0.01,-0.04,0.0,0.0,0.0,0.0,0,1500,0,1,PID_ATTITUDE
90.492198,00-120_STILL,36966140871100,178200,PITCH,0.0,-0.01,-0.04,0.0,0.0,0.0,0.0,0,1500,0,1,PID_ATTITUDE
90.585116,00-120_STILL,36966233789400,178300,PITCH,-0.01,-0.01,-0.04,0.0,0.0,0.0,0.0,0,1500,0,1,PID_ATTITUDE
90.693549,00-120_STILL,36966342221400,178400,PITCH,0.0,-0.01,-0.04,0.0,0.0,0.0,0.0,0,1500,0,1,PID_ATTITUDE
90.734330,00-120_STILL,36966383002800,178500,PITCH,0.01,0.0,-0.03,0.0,0.0,0.0,0.0,0,1500,0,1,PID_ATTITUDE
90.879875,00-120_STILL,36966528547500,178600,PITCH,0.0,0.01,-0.02,0.0,0.0,0.0,0.0,0,1500,0,1,PID_ATTITUDE
90.987279,00-120_STILL,36966635951600,178700,PITCH,0.0,0.01,-0.02,0.0,0.0,0.0,0.0,0,1500,0,1,PID_ATTITUDE
91.094669,00-120_STILL,36966743341600,178800,PITCH,0.0,0.01,-0.03,0.0,0.0,0.0,0.0,0,1500,0,1,PID_ATTITUDE
91.188944,00-120_STILL,36966837616700,178900,PITCH,0.01,0.01,-0.02,0.0,0.0,0.0,0.0,0,1500,0,1,PID_ATTITUDE
91.282215,00-120_STILL,36966930887800,179000,PITCH,0.0,0.0,-0.03,0.0,0.0,0.0,0.0,0,1500,0,1,PID_ATTITUDE
91.390553,00-120_STILL,36967039226100,179100,PITCH,0.0,-0.01,-0.04,0.0,0.0,0.0,0.0,0,1500,0,1,PID_ATTITUDE
91.484768,00-120_STILL,36967133440900,179200,PITCH,0.0,-0.01,-0.04,0.0,0.0,0.0,0.0,0,1500,0,1,PID_ATTITUDE
91.593195,00-120_STILL,36967241867600,179300,PITCH,0.0,-0.01,-0.04,0.0,0.0,0.0,0.0,0,1500,0,1,PID_ATTITUDE
91.687573,00-120_STILL,36967336245700,179400,PITCH,0.0,-0.01,-0.04,0.0,0.0,0.0,0.0,0,1500,0,1,PID_ATTITUDE
91.734234,00-120_STILL,36967382906400,179500,PITCH,-0.01,-0.01,-0.04,0.0,0.0,0.0,0.0,0,1500,0,1,PID_ATTITUDE
91.888354,00-120_STILL,36967537026700,179600,PITCH,0.0,-0.02,-0.05,0.0,0.0,0.0,0.0,0,1500,0,1,PID_ATTITUDE
91.982716,00-120_STILL,36967631389100,179700,PITCH,0.0,-0.01,-0.04,0.0,0.0,0.0,0.0,0,1500,0,1,PID_ATTITUDE
92.091475,00-120_STILL,36967740148000,179800,PITCH,0.0,-0.01,-0.04,0.0,0.0,0.0,0.0,0,1500,0,1,PID_ATTITUDE
92.185328,00-120_STILL,36967834001200,179900,PITCH,0.0,-0.01,-0.04,0.0,0.0,0.0,0.0,0,1500,0,1,PID_ATTITUDE
92.294416,00-120_STILL,36967943089300,180000,PITCH,-0.01,-0.02,-0.05,0.0,0.0,0.0,0.0,0,1500,0,1,PID_ATTITUDE
92.388070,00-120_STILL,36968036743000,180100,PITCH,0.0,-0.01,-0.04,0.0,0.0,0.0,0.0,0,1500,0,1,PID_ATTITUDE
92.481226,00-120_STILL,36968129899100,180200,PITCH,0.01,-0.01,-0.04,0.0,0.0,0.0,0.0,0,1500,0,1,PID_ATTITUDE
92.590701,00-120_STILL,36968239374300,180300,PITCH,0.0,0.0,-0.03,0.0,0.0,0.0,0.0,0,1500,0,1,PID_ATTITUDE
92.683721,00-120_STILL,36968332394300,180400,PITCH,0.0,0.01,-0.02,0.0,0.0,0.0,0.0,0,1500,0,1,PID_ATTITUDE
92.733874,00-120_STILL,36968382546900,180500,PITCH,0.0,0.02,-0.01,0.0,0.0,0.0,0.0,0,1500,0,1,PID_ATTITUDE
92.885396,00-120_STILL,36968534068900,180600,PITCH,0.01,0.02,-0.01,0.0,0.0,0.0,0.0,0,1500,0,1,PID_ATTITUDE
92.994137,00-120_STILL,36968642810100,180700,PITCH,0.01,0.02,-0.01,0.0,0.0,0.0,0.0,0,1500,0,1,PID_ATTITUDE
93.087625,00-120_STILL,36968736298100,180800,PITCH,-0.01,0.01,-0.02,0.0,0.0,0.0,0.0,0,1500,0,1,PID_ATTITUDE
93.180345,00-120_STILL,36968829017900,180900,PITCH,-0.02,0.0,-0.03,0.0,0.0,0.0,0.0,0,1500,0,1,PID_ATTITUDE
93.289434,00-120_STILL,36968938106500,181000,PITCH,-0.02,0.0,-0.03,0.0,0.0,0.0,0.0,0,1500,0,1,PID_ATTITUDE
93.383980,00-120_STILL,36969032652500,181100,PITCH,-0.02,0.0,-0.02,0.0,0.0,0.0,0.0,0,1500,0,1,PID_ATTITUDE
93.494161,00-120_STILL,36969142834200,181200,PITCH,-0.02,0.02,-0.01,0.0,0.0,0.0,0.0,0,1500,0,1,PID_ATTITUDE
93.587782,00-120_STILL,36969236455100,181300,PITCH,-0.02,0.02,-0.01,0.0,0.0,0.0,0.0,0,1500,0,1,PID_ATTITUDE
93.680622,00-120_STILL,36969329295100,181400,PITCH,-0.01,0.02,-0.01,0.0,0.0,0.0,0.0,0,1500,0,1,PID_ATTITUDE
93.733881,00-120_STILL,36969382553900,181500,PITCH,-0.02,0.01,-0.02,0.0,0.0,0.0,0.0,0,1500,0,1,PID_ATTITUDE
93.881327,00-120_STILL,36969530000300,181600,PITCH,-0.04,0.0,-0.02,0.0,0.0,0.0,0.0,0,1500,0,1,PID_ATTITUDE
93.989261,00-120_STILL,36969637933800,181700,PITCH,-0.03,0.01,-0.02,0.0,0.0,0.0,0.0,0,1500,0,1,PID_ATTITUDE
94.083660,00-120_STILL,36969732333200,181800,PITCH,-0.01,0.0,-0.03,0.0,0.0,0.0,0.0,0,1500,0,1,PID_ATTITUDE
94.194219,00-120_STILL,36969842891900,181900,PITCH,0.0,0.0,-0.03,0.0,0.0,0.0,0.0,0,1500,0,1,PID_ATTITUDE
94.288632,00-120_STILL,36969937304800,182000,PITCH,0.0,0.0,-0.02,0.0,0.0,0.0,0.0,0,1500,0,1,PID_ATTITUDE
94.381190,00-120_STILL,36970029862700,182100,PITCH,0.0,0.01,-0.02,0.0,0.0,0.0,0.0,0,1500,0,1,PID_ATTITUDE
94.490122,00-120_STILL,36970138794600,182200,PITCH,0.0,0.01,-0.02,0.0,0.0,0.0,0.0,0,1500,0,1,PID_ATTITUDE
94.584098,00-120_STILL,36970232770900,182300,PITCH,-0.01,0.0,-0.03,0.0,0.0,0.0,0.0,0,1500,0,1,PID_ATTITUDE
94.692537,00-120_STILL,36970341210000,182400,PITCH,-0.01,0.0,-0.03,0.0,0.0,0.0,0.0,0,1500,0,1,PID_ATTITUDE
94.733753,00-120_STILL,36970382426100,182500,PITCH,-0.02,0.0,-0.03,0.0,0.0,0.0,0.0,0,1500,0,1,PID_ATTITUDE
94.894122,00-120_STILL,36970542795400,182600,PITCH,-0.03,0.0,-0.03,0.0,0.0,0.0,0.0,0,1500,0,1,PID_ATTITUDE
94.987582,00-120_STILL,36970636254700,182700,PITCH,-0.04,0.0,-0.03,0.0,0.0,0.0,0.0,0,1500,0,1,PID_ATTITUDE
95.080738,00-120_STILL,36970729411200,182800,PITCH,-0.03,-0.01,-0.04,0.0,0.0,0.0,0.0,0,1500,0,1,PID_ATTITUDE
95.190172,00-120_STILL,36970838844600,182900,PITCH,-0.03,-0.02,-0.05,0.0,0.0,0.0,0.0,0,1500,0,1,PID_ATTITUDE
95.283628,00-120_STILL,36970932301300,183000,PITCH,-0.03,-0.02,-0.05,0.0,0.0,0.0,0.0,0,1500,0,1,PID_ATTITUDE
95.393132,00-120_STILL,36971041805300,183100,PITCH,-0.04,-0.02,-0.05,0.0,0.0,0.0,0.0,0,1500,0,1,PID_ATTITUDE
95.486288,00-120_STILL,36971134961300,183200,PITCH,-0.03,-0.04,-0.07,0.0,0.0,0.0,0.0,0,1500,0,1,PID_ATTITUDE
95.594510,00-120_STILL,36971243183200,183300,PITCH,-0.03,-0.04,-0.07,0.0,0.0,0.0,0.0,0,1500,0,1,PID_ATTITUDE
95.688636,00-120_STILL,36971337308900,183400,PITCH,-0.03,-0.02,-0.05,0.0,0.0,0.0,0.0,0,1500,0,1,PID_ATTITUDE
95.733862,00-120_STILL,36971382534400,183500,PITCH,-0.04,-0.02,-0.05,0.0,0.0,0.0,0.0,0,1500,0,1,PID_ATTITUDE
95.890906,00-120_STILL,36971539578600,183600,PITCH,-0.03,-0.01,-0.04,0.0,0.0,0.0,0.0,0,1500,0,1,PID_ATTITUDE
95.984460,00-120_STILL,36971633133100,183700,PITCH,-0.04,-0.01,-0.04,0.0,0.0,0.0,0.0,0,1500,0,1,PID_ATTITUDE
96.093306,00-120_STILL,36971741978900,183800,PITCH,-0.04,-0.01,-0.04,0.0,0.0,0.0,0.0,0,1500,0,1,PID_ATTITUDE
96.186437,00-120_STILL,36971835109700,183900,PITCH,-0.04,0.0,-0.03,0.0,0.0,0.0,0.0,0,1500,0,1,PID_ATTITUDE
96.280085,00-120_STILL,36971928758300,184000,PITCH,-0.03,0.0,-0.03,0.0,0.0,0.0,0.0,0,1500,0,1,PID_ATTITUDE
96.388429,00-120_STILL,36972037102300,184100,PITCH,-0.02,0.01,-0.02,0.0,0.0,0.0,0.0,0,1500,0,1,PID_ATTITUDE
96.480829,00-120_STILL,36972129502100,184200,PITCH,-0.02,0.01,-0.03,0.0,0.0,0.0,0.0,0,1500,0,1,PID_ATTITUDE
96.589947,00-120_STILL,36972238619800,184300,PITCH,-0.03,-0.01,-0.04,0.0,0.0,0.0,0.0,0,1500,0,1,PID_ATTITUDE
96.683223,00-120_STILL,36972331896100,184400,PITCH,-0.04,-0.01,-0.04,0.0,0.0,0.0,0.0,0,1500,0,1,PID_ATTITUDE
96.733294,00-120_STILL,36972381966500,184500,PITCH,-0.04,0.01,-0.02,0.0,0.0,0.0,0.0,0,1500,0,1,PID_ATTITUDE
96.885115,00-120_STILL,36972533788100,184600,PITCH,-0.04,0.0,-0.03,0.0,0.0,0.0,0.0,0,1500,0,1,PID_ATTITUDE
96.993948,00-120_STILL,36972642620900,184700,PITCH,-0.04,-0.01,-0.04,0.0,0.0,0.0,0.0,0,1500,0,1,PID_ATTITUDE
97.088443,00-120_STILL,36972737116200,184800,PITCH,-0.04,-0.01,-0.04,0.0,0.0,0.0,0.0,0,1500,0,1,PID_ATTITUDE
97.180844,00-120_STILL,36972829516800,184900,PITCH,-0.04,0.0,-0.03,0.0,0.0,0.0,0.0,0,1500,0,1,PID_ATTITUDE
97.290298,00-120_STILL,36972938971200,185000,PITCH,-0.04,0.0,-0.03,0.0,0.0,0.0,0.0,0,1500,0,1,PID_ATTITUDE
97.383650,00-120_STILL,36973032323000,185100,PITCH,-0.05,0.01,-0.02,0.0,0.0,0.0,0.0,0,1500,0,1,PID_ATTITUDE
97.492544,00-120_STILL,36973141216700,185200,PITCH,-0.05,0.0,-0.03,0.0,0.0,0.0,0.0,0,1500,0,1,PID_ATTITUDE
97.586287,00-120_STILL,36973234959700,185300,PITCH,-0.06,-0.02,-0.05,0.0,0.0,0.0,0.0,0,1500,0,1,PID_ATTITUDE
97.680472,00-120_STILL,36973329145400,185400,PITCH,-0.07,-0.01,-0.04,0.0,0.0,0.0,0.0,0,1500,0,1,PID_ATTITUDE
97.733120,00-120_STILL,36973381793200,185500,PITCH,-0.05,-0.01,-0.04,0.0,0.0,0.0,0.0,0,1500,0,1,PID_ATTITUDE
97.882339,00-120_STILL,36973531012300,185600,PITCH,-0.04,-0.01,-0.03,0.0,0.0,0.0,0.0,0,1500,0,1,PID_ATTITUDE
97.989678,00-120_STILL,36973638350700,185700,PITCH,-0.04,0.0,-0.03,0.0,0.0,0.0,0.0,0,1500,0,1,PID_ATTITUDE
98.082874,00-120_STILL,36973731546900,185800,PITCH,-0.04,0.01,-0.02,0.0,0.0,0.0,0.0,0,1500,0,1,PID_ATTITUDE
98.191764,00-120_STILL,36973840437000,185900,PITCH,-0.04,0.02,-0.01,0.0,0.0,0.0,0.0,0,1500,0,1,PID_ATTITUDE
98.285714,00-120_STILL,36973934386700,186000,PITCH,-0.05,0.02,-0.01,0.0,0.0,0.0,0.0,0,1500,0,1,PID_ATTITUDE
98.379185,00-120_STILL,36974027858000,186100,PITCH,-0.05,0.01,-0.02,0.0,0.0,0.0,0.0,0,1500,0,1,PID_ATTITUDE
98.488023,00-120_STILL,36974136695500,186200,PITCH,-0.06,0.0,-0.03,0.0,0.0,0.0,0.0,0,1500,0,1,PID_ATTITUDE
98.580915,00-120_STILL,36974229588200,186300,PITCH,-0.04,0.0,-0.03,0.0,0.0,0.0,0.0,0,1500,0,1,PID_ATTITUDE
98.689110,00-120_STILL,36974337783200,186400,PITCH,-0.03,0.0,-0.03,0.0,0.0,0.0,0.0,0,1500,0,1,PID_ATTITUDE
98.733136,00-120_STILL,36974381808800,186500,PITCH,-0.03,-0.01,-0.04,0.0,0.0,0.0,0.0,0,1500,0,1,PID_ATTITUDE
98.891550,00-120_STILL,36974540222600,186600,PITCH,-0.01,-0.01,-0.04,0.0,0.0,0.0,0.0,0,1500,0,1,PID_ATTITUDE
98.983758,00-120_STILL,36974632431000,186700,PITCH,-0.01,-0.02,-0.04,0.0,0.0,0.0,0.0,0,1500,0,1,PID_ATTITUDE
99.092631,00-120_STILL,36974741303900,186800,PITCH,-0.02,-0.01,-0.04,0.0,0.0,0.0,0.0,0,1500,0,1,PID_ATTITUDE
99.186163,00-120_STILL,36974834836300,186900,PITCH,-0.01,-0.01,-0.04,0.0,0.0,0.0,0.0,0,1500,0,1,PID_ATTITUDE
99.279584,00-120_STILL,36974928256500,187000,PITCH,-0.02,0.0,-0.03,0.0,0.0,0.0,0.0,0,1500,0,1,PID_ATTITUDE
99.389143,00-120_STILL,36975037816300,187100,PITCH,-0.02,0.0,-0.03,0.0,0.0,0.0,0.0,0,1500,0,1,PID_ATTITUDE
99.483051,00-120_STILL,36975131723500,187200,PITCH,-0.02,-0.01,-0.04,0.0,0.0,0.0,0.0,0,1500,0,1,PID_ATTITUDE
99.592427,00-120_STILL,36975241100200,187300,PITCH,-0.02,0.0,-0.04,0.0,0.0,0.0,0.0,0,1500,0,1,PID_ATTITUDE
99.685851,00-120_STILL,36975334523400,187400,PITCH,-0.03,0.0,-0.03,0.0,0.0,0.0,0.0,0,1500,0,1,PID_ATTITUDE
99.733053,00-120_STILL,36975381726400,187500,PITCH,-0.03,0.0,-0.03,0.0,0.0,0.0,0.0,0,1500,0,1,PID_ATTITUDE
99.888071,00-120_STILL,36975536743900,187600,PITCH,-0.03,0.0,-0.03,0.0,0.0,0.0,0.0,0,1500,0,1,PID_ATTITUDE
99.981893,00-120_STILL,36975630566300,187700,PITCH,-0.03,0.0,-0.04,0.0,0.0,0.0,0.0,0,1500,0,1,PID_ATTITUDE
100.090067,00-120_STILL,36975738739900,187800,PITCH,-0.04,-0.02,-0.05,0.0,0.0,0.0,0.0,0,1500,0,1,PID_ATTITUDE
100.184291,00-120_STILL,36975832964100,187900,PITCH,-0.04,-0.03,-0.06,0.0,0.0,0.0,0.0,0,1500,0,1,PID_ATTITUDE
100.292216,00-120_STILL,36975940888800,188000,PITCH,-0.04,-0.03,-0.06,0.0,0.0,0.0,0.0,0,1500,0,1,PID_ATTITUDE
100.384565,00-120_STILL,36976033237600,188100,PITCH,-0.03,-0.03,-0.06,0.0,0.0,0.0,0.0,0,1500,0,1,PID_ATTITUDE
100.493302,00-120_STILL,36976141975300,188200,PITCH,-0.04,-0.04,-0.07,0.0,0.0,0.0,0.0,0,1500,0,1,PID_ATTITUDE
100.586347,00-120_STILL,36976235019700,188300,PITCH,-0.02,-0.02,-0.05,0.0,0.0,0.0,0.0,0,1500,0,1,PID_ATTITUDE
100.679337,00-120_STILL,36976328009800,188400,PITCH,-0.02,-0.02,-0.05,0.0,0.0,0.0,0.0,0,1500,0,1,PID_ATTITUDE
100.732683,00-120_STILL,36976381355800,188500,PITCH,-0.02,-0.02,-0.05,0.0,0.0,0.0,0.0,0,1500,0,1,PID_ATTITUDE
100.881069,00-120_STILL,36976529741900,188600,PITCH,-0.02,-0.03,-0.06,0.0,0.0,0.0,0.0,0,1500,0,1,PID_ATTITUDE
100.990070,00-120_STILL,36976638742800,188700,PITCH,-0.02,-0.02,-0.05,0.0,0.0,0.0,0.0,0,1500,0,1,PID_ATTITUDE
101.083502,00-120_STILL,36976732175400,188800,PITCH,-0.01,-0.02,-0.05,0.0,0.0,0.0,0.0,0,1500,0,1,PID_ATTITUDE
101.193327,00-120_STILL,36976842000000,188900,PITCH,-0.01,-0.02,-0.05,0.0,0.0,0.0,0.0,0,1500,0,1,PID_ATTITUDE
101.285721,00-120_STILL,36976934394400,189000,PITCH,-0.01,-0.03,-0.06,0.0,0.0,0.0,0.0,0,1500,0,1,PID_ATTITUDE
101.378576,00-120_STILL,36977027248900,189100,PITCH,-0.01,-0.03,-0.06,0.0,0.0,0.0,0.0,0,1500,0,1,PID_ATTITUDE
101.487940,00-120_STILL,36977136613000,189200,PITCH,-0.03,-0.03,-0.06,0.0,0.0,0.0,0.0,0,1500,0,1,PID_ATTITUDE
101.580332,00-120_STILL,36977229005100,189300,PITCH,-0.03,-0.03,-0.06,0.0,0.0,0.0,0.0,0,1500,0,1,PID_ATTITUDE
101.689027,00-120_STILL,36977337700000,189400,PITCH,-0.02,-0.03,-0.05,0.0,0.0,0.0,0.0,0,1500,0,1,PID_ATTITUDE
101.732695,00-120_STILL,36977381367600,189500,PITCH,-0.03,-0.02,-0.05,0.0,0.0,0.0,0.0,0,1500,0,1,PID_ATTITUDE
101.891724,00-120_STILL,36977540396600,189600,PITCH,-0.03,-0.02,-0.05,0.0,0.0,0.0,0.0,0,1500,0,1,PID_ATTITUDE
101.984891,00-120_STILL,36977633564000,189700,PITCH,-0.03,-0.02,-0.05,0.0,0.0,0.0,0.0,0,1500,0,1,PID_ATTITUDE
102.093438,00-120_STILL,36977742111200,189800,PITCH,-0.03,-0.02,-0.05,0.0,0.0,0.0,0.0,0,1500,0,1,PID_ATTITUDE
102.186100,00-120_STILL,36977834773200,189900,PITCH,-0.04,-0.02,-0.05,0.0,0.0,0.0,0.0,0,1500,0,1,PID_ATTITUDE
102.293704,00-120_STILL,36977942376900,190000,PITCH,-0.04,-0.01,-0.04,0.0,0.0,0.0,0.0,0,1500,0,1,PID_ATTITUDE
102.387264,00-120_STILL,36978035936700,190100,PITCH,-0.05,0.0,-0.03,0.0,0.0,0.0,0.0,0,1500,0,1,PID_ATTITUDE
102.480376,00-120_STILL,36978129048600,190200,PITCH,-0.05,0.01,-0.02,0.0,0.0,0.0,0.0,0,1500,0,1,PID_ATTITUDE
102.589597,00-120_STILL,36978238269700,190300,PITCH,-0.05,0.01,-0.02,0.0,0.0,0.0,0.0,0,1500,0,1,PID_ATTITUDE
102.683342,00-120_STILL,36978332015100,190400,PITCH,-0.05,0.02,-0.01,0.0,0.0,0.0,0.0,0,1500,0,1,PID_ATTITUDE
102.732377,00-120_STILL,36978381049500,190500,PITCH,-0.05,0.01,-0.02,0.0,0.0,0.0,0.0,0,1500,0,1,PID_ATTITUDE
102.887674,00-120_STILL,36978536346400,190600,PITCH,-0.05,0.0,-0.03,0.0,0.0,0.0,0.0,0,1500,0,1,PID_ATTITUDE
102.981529,00-120_STILL,36978630202100,190700,PITCH,-0.05,-0.01,-0.04,0.0,0.0,0.0,0.0,0,1500,0,1,PID_ATTITUDE
103.089711,00-120_STILL,36978738383700,190800,PITCH,-0.05,-0.01,-0.03,0.0,0.0,0.0,0.0,0,1500,0,1,PID_ATTITUDE
103.182253,00-120_STILL,36978830926300,190900,PITCH,-0.04,-0.01,-0.04,0.0,0.0,0.0,0.0,0,1500,0,1,PID_ATTITUDE
103.290994,00-120_STILL,36978939667300,191000,PITCH,-0.04,-0.01,-0.04,0.0,0.0,0.0,0.0,0,1500,0,1,PID_ATTITUDE
103.384985,00-120_STILL,36979033658000,191100,PITCH,-0.04,-0.01,-0.04,0.0,0.0,0.0,0.0,0,1500,0,1,PID_ATTITUDE
103.479305,00-120_STILL,36979127977900,191200,PITCH,-0.04,-0.01,-0.04,0.0,0.0,0.0,0.0,0,1500,0,1,PID_ATTITUDE
103.587086,00-120_STILL,36979235758400,191300,PITCH,-0.04,-0.01,-0.05,0.0,0.0,0.0,0.0,0,1500,0,1,PID_ATTITUDE
103.681241,00-120_STILL,36979329914300,191400,PITCH,-0.03,-0.02,-0.05,0.0,0.0,0.0,0.0,0,1500,0,1,PID_ATTITUDE
103.732411,00-120_STILL,36979381083400,191500,PITCH,-0.03,-0.01,-0.04,0.0,0.0,0.0,0.0,0,1500,0,1,PID_ATTITUDE
103.883521,00-120_STILL,36979532193400,191600,PITCH,-0.04,-0.02,-0.05,0.0,0.0,0.0,0.0,0,1500,0,1,PID_ATTITUDE
103.992102,00-120_STILL,36979640775000,191700,PITCH,-0.03,-0.03,-0.06,0.0,0.0,0.0,0.0,0,1500,0,1,PID_ATTITUDE
104.086281,00-120_STILL,36979734953800,191800,PITCH,-0.03,-0.03,-0.06,0.0,0.0,0.0,0.0,0,1500,0,1,PID_ATTITUDE
104.179544,00-120_STILL,36979828217300,191900,PITCH,-0.03,-0.03,-0.06,0.0,0.0,0.0,0.0,0,1500,0,1,PID_ATTITUDE
104.287924,00-120_STILL,36979936596700,192000,PITCH,-0.03,-0.03,-0.06,0.0,0.0,0.0,0.0,0,1500,0,1,PID_ATTITUDE
104.381380,00-120_STILL,36980030053300,192100,PITCH,-0.02,-0.04,-0.07,0.0,0.0,0.0,0.0,0,1500,0,1,PID_ATTITUDE
104.490076,00-120_STILL,36980138748700,192200,PITCH,-0.03,-0.04,-0.07,0.0,0.0,0.0,0.0,0,1500,0,1,PID_ATTITUDE
104.584447,00-120_STILL,36980233119600,192300,PITCH,-0.04,-0.04,-0.07,0.0,0.0,0.0,0.0,0,1500,0,1,PID_ATTITUDE
104.693254,00-120_STILL,36980341926800,192400,PITCH,-0.03,-0.03,-0.06,0.0,0.0,0.0,0.0,0,1500,0,1,PID_ATTITUDE
104.732233,00-120_STILL,36980380905600,192500,PITCH,-0.02,-0.04,-0.07,0.0,0.0,0.0,0.0,0,1500,0,1,PID_ATTITUDE
104.880134,00-120_STILL,36980528807000,192600,PITCH,-0.01,-0.05,-0.08,0.0,0.0,0.0,0.0,0,1500,0,1,PID_ATTITUDE
104.988500,00-120_STILL,36980637172500,192700,PITCH,-0.01,-0.04,-0.06,0.0,0.0,0.0,0.0,0,1500,0,1,PID_ATTITUDE
105.083173,00-120_STILL,36980731846300,192800,PITCH,-0.01,-0.03,-0.06,0.0,0.0,0.0,0.0,0,1500,0,1,PID_ATTITUDE
105.177323,00-120_STILL,36980825995900,192900,PITCH,-0.01,-0.03,-0.06,0.0,0.0,0.0,0.0,0,1500,0,1,PID_ATTITUDE
105.287383,00-120_STILL,36980936056100,193000,PITCH,-0.02,-0.02,-0.05,0.0,0.0,0.0,0.0,0,1500,0,1,PID_ATTITUDE
105.381031,00-120_STILL,36981029704100,193100,PITCH,-0.02,-0.02,-0.04,0.0,0.0,0.0,0.0,0,1500,0,1,PID_ATTITUDE
105.488970,00-120_STILL,36981137642900,193200,PITCH,-0.03,0.0,-0.03,0.0,0.0,0.0,0.0,0,1500,0,1,PID_ATTITUDE
105.582250,00-120_STILL,36981230923300,193300,PITCH,-0.04,0.01,-0.02,0.0,0.0,0.0,0.0,0,1500,0,1,PID_ATTITUDE
105.690292,00-120_STILL,36981338964800,193400,PITCH,-0.03,0.01,-0.02,0.0,0.0,0.0,0.0,0,1500,0,1,PID_ATTITUDE
105.732107,00-120_STILL,36981380779500,193500,PITCH,-0.03,0.0,-0.03,0.0,0.0,0.0,0.0,0,1500,0,1,PID_ATTITUDE
105.890141,00-120_STILL,36981538814300,193600,PITCH,-0.03,0.0,-0.03,0.0,0.0,0.0,0.0,0,1500,0,1,PID_ATTITUDE
105.983629,00-120_STILL,36981632302000,193700,PITCH,-0.04,0.01,-0.02,0.0,0.0,0.0,0.0,0,1500,0,1,PID_ATTITUDE
106.092744,00-120_STILL,36981741416800,193800,PITCH,-0.04,0.01,-0.02,0.0,0.0,0.0,0.0,0,1500,0,1,PID_ATTITUDE
106.186318,00-120_STILL,36981834990400,193900,PITCH,-0.04,0.01,-0.02,0.0,0.0,0.0,0.0,0,1500,0,1,PID_ATTITUDE
106.279374,00-120_STILL,36981928046500,194000,PITCH,-0.04,0.01,-0.02,0.0,0.0,0.0,0.0,0,1500,0,1,PID_ATTITUDE
106.388014,00-120_STILL,36982036686500,194100,PITCH,-0.04,0.02,-0.01,0.0,0.0,0.0,0.0,0,1500,0,1,PID_ATTITUDE
106.480013,00-120_STILL,36982128686300,194200,PITCH,-0.05,0.01,-0.02,0.0,0.0,0.0,0.0,0,1500,0,1,PID_ATTITUDE
106.589587,00-120_STILL,36982238259800,194300,PITCH,-0.04,0.01,-0.01,0.0,0.0,0.0,0.0,0,1500,0,1,PID_ATTITUDE
106.684988,00-120_STILL,36982333660700,194400,PITCH,-0.04,0.03,0.0,0.0,0.0,0.0,0.0,0,1500,0,1,PID_ATTITUDE
106.731986,00-120_STILL,36982380658800,194500,PITCH,-0.04,0.03,0.0,0.0,0.0,0.0,0.0,0,1500,0,1,PID_ATTITUDE
106.886676,00-120_STILL,36982535349300,194600,PITCH,-0.04,0.02,-0.01,0.0,0.0,0.0,0.0,0,1500,0,1,PID_ATTITUDE
106.980693,00-120_STILL,36982629365600,194700,PITCH,-0.03,0.01,-0.02,0.0,0.0,0.0,0.0,0,1500,0,1,PID_ATTITUDE
107.089391,00-120_STILL,36982738063700,194800,PITCH,-0.03,0.0,-0.03,0.0,0.0,0.0,0.0,0,1500,0,1,PID_ATTITUDE
107.182719,00-120_STILL,36982831392100,194900,PITCH,-0.03,-0.01,-0.04,0.0,0.0,0.0,0.0,0,1500,0,1,PID_ATTITUDE
107.291804,00-120_STILL,36982940477100,195000,PITCH,-0.02,-0.02,-0.05,0.0,0.0,0.0,0.0,0,1500,0,1,PID_ATTITUDE
107.385905,00-120_STILL,36983034577600,195100,PITCH,-0.02,-0.02,-0.05,0.0,0.0,0.0,0.0,0,1500,0,1,PID_ATTITUDE
107.478839,00-120_STILL,36983127512200,195200,PITCH,-0.02,-0.01,-0.04,0.0,0.0,0.0,0.0,0,1500,0,1,PID_ATTITUDE
107.587864,00-120_STILL,36983236537300,195300,PITCH,-0.01,-0.02,-0.04,0.0,0.0,0.0,0.0,0,1500,0,1,PID_ATTITUDE
107.681695,00-120_STILL,36983330368000,195400,PITCH,-0.01,-0.01,-0.04,0.0,0.0,0.0,0.0,0,1500,0,1,PID_ATTITUDE
107.731461,00-120_STILL,36983380133800,195500,PITCH,-0.01,-0.01,-0.04,0.0,0.0,0.0,0.0,0,1500,0,1,PID_ATTITUDE
107.882070,00-120_STILL,36983530743200,195600,PITCH,-0.02,-0.03,-0.06,0.0,0.0,0.0,0.0,0,1500,0,1,PID_ATTITUDE
107.977015,00-120_STILL,36983625688100,195700,PITCH,-0.03,-0.04,-0.07,0.0,0.0,0.0,0.0,0,1500,0,1,PID_ATTITUDE
108.085606,00-120_STILL,36983734279400,195800,PITCH,-0.03,-0.04,-0.07,0.0,0.0,0.0,0.0,0,1500,0,1,PID_ATTITUDE
108.177250,00-120_STILL,36983825923000,195900,PITCH,-0.04,-0.03,-0.06,0.0,0.0,0.0,0.0,0,1500,0,1,PID_ATTITUDE
108.285650,00-120_STILL,36983934322700,196000,PITCH,-0.04,-0.02,-0.05,0.0,0.0,0.0,0.0,0,1500,0,1,PID_ATTITUDE
108.378678,00-120_STILL,36984027350600,196100,PITCH,-0.05,-0.02,-0.06,0.0,0.0,0.0,0.0,0,1500,0,1,PID_ATTITUDE
108.488014,00-120_STILL,36984136686600,196200,PITCH,-0.07,-0.03,-0.06,0.0,0.0,0.0,0.0,0,1500,0,1,PID_ATTITUDE
108.582462,00-120_STILL,36984231135100,196300,PITCH,-0.06,-0.03,-0.06,0.0,0.0,0.0,0.0,0,1500,0,1,PID_ATTITUDE
108.691716,00-120_STILL,36984340388500,196400,PITCH,-0.05,-0.01,-0.04,0.0,0.0,0.0,0.0,0,1500,0,1,PID_ATTITUDE
108.731486,00-120_STILL,36984380158600,196500,PITCH,-0.04,-0.01,-0.04,0.0,0.0,0.0,0.0,0,1500,0,1,PID_ATTITUDE
108.878399,00-120_STILL,36984527072000,196600,PITCH,-0.04,-0.01,-0.04,0.0,0.0,0.0,0.0,0,1500,0,1,PID_ATTITUDE
108.985635,00-120_STILL,36984634307600,196700,PITCH,-0.05,-0.01,-0.04,0.0,0.0,0.0,0.0,0,1500,0,1,PID_ATTITUDE
109.079390,00-120_STILL,36984728063300,196800,PITCH,-0.03,-0.01,-0.04,0.0,0.0,0.0,0.0,0,1500,0,1,PID_ATTITUDE
109.189947,00-120_STILL,36984838620300,196900,PITCH,-0.03,-0.01,-0.04,0.0,0.0,0.0,0.0,0,1500,0,1,PID_ATTITUDE
109.283107,00-120_STILL,36984931780100,197000,PITCH,-0.04,-0.02,-0.05,0.0,0.0,0.0,0.0,0,1500,0,1,PID_ATTITUDE
109.392422,00-120_STILL,36985041094900,197100,PITCH,-0.04,-0.02,-0.05,0.0,0.0,0.0,0.0,0,1500,0,1,PID_ATTITUDE
109.486212,00-120_STILL,36985134884600,197200,PITCH,-0.02,-0.02,-0.05,0.0,0.0,0.0,0.0,0,1500,0,1,PID_ATTITUDE
109.579583,00-120_STILL,36985228256200,197300,PITCH,-0.02,-0.03,-0.06,0.0,0.0,0.0,0.0,0,1500,0,1,PID_ATTITUDE
109.688490,00-120_STILL,36985337162700,197400,PITCH,-0.02,-0.03,-0.06,0.0,0.0,0.0,0.0,0,1500,0,1,PID_ATTITUDE
109.731322,00-120_STILL,36985379994800,197500,PITCH,-0.03,-0.03,-0.06,0.0,0.0,0.0,0.0,0,1500,0,1,PID_ATTITUDE
109.890246,00-120_STILL,36985538918400,197600,PITCH,-0.03,-0.02,-0.05,0.0,0.0,0.0,0.0,0,1500,0,1,PID_ATTITUDE
109.983290,00-120_STILL,36985631963400,197700,PITCH,-0.03,-0.01,-0.04,0.0,0.0,0.0,0.0,0,1500,0,1,PID_ATTITUDE
110.092433,00-120_STILL,36985741105600,197800,PITCH,-0.03,0.0,-0.03,0.0,0.0,0.0,0.0,0,1500,0,1,PID_ATTITUDE
110.185673,00-120_STILL,36985834346000,197900,PITCH,-0.01,-0.01,-0.04,0.0,0.0,0.0,0.0,0,1500,0,1,PID_ATTITUDE
110.278802,00-120_STILL,36985927475000,198000,PITCH,-0.02,0.0,-0.03,0.0,0.0,0.0,0.0,0,1500,0,1,PID_ATTITUDE
110.386993,00-120_STILL,36986035665800,198100,PITCH,-0.02,0.0,-0.03,0.0,0.0,0.0,0.0,0,1500,0,1,PID_ATTITUDE
110.479596,00-120_STILL,36986128268700,198200,PITCH,-0.01,0.0,-0.03,0.0,0.0,0.0,0.0,0,1500,0,1,PID_ATTITUDE
110.588813,00-120_STILL,36986237485900,198300,PITCH,-0.01,0.0,-0.03,0.0,0.0,0.0,0.0,0,1500,0,1,PID_ATTITUDE
110.681989,00-120_STILL,36986330661600,198400,PITCH,-0.02,-0.01,-0.04,0.0,0.0,0.0,0.0,0,1500,0,1,PID_ATTITUDE
110.731052,00-120_STILL,36986379725000,198500,PITCH,0.0,0.0,-0.03,0.0,0.0,0.0,0.0,0,1500,0,1,PID_ATTITUDE
110.884054,00-120_STILL,36986532726500,198600,PITCH,-0.01,0.0,-0.03,0.0,0.0,0.0,0.0,0,1500,0,1,PID_ATTITUDE
110.977186,00-120_STILL,36986625859100,198700,PITCH,-0.01,-0.01,-0.04,0.0,0.0,0.0,0.0,0,1500,0,1,PID_ATTITUDE
111.086405,00-120_STILL,36986735077800,198800,PITCH,-0.02,-0.01,-0.04,0.0,0.0,0.0,0.0,0,1500,0,1,PID_ATTITUDE
111.180307,00-120_STILL,36986828979600,198900,PITCH,-0.03,0.0,-0.03,0.0,0.0,0.0,0.0,0,1500,0,1,PID_ATTITUDE
111.288753,00-120_STILL,36986937426000,199000,PITCH,-0.02,0.0,-0.03,0.0,0.0,0.0,0.0,0,1500,0,1,PID_ATTITUDE
111.383114,00-120_STILL,36987031787000,199100,PITCH,-0.02,0.0,-0.03,0.0,0.0,0.0,0.0,0,1500,0,1,PID_ATTITUDE
111.476831,00-120_STILL,36987125503600,199200,PITCH,-0.01,0.0,-0.03,0.0,0.0,0.0,0.0,0,1500,0,1,PID_ATTITUDE
111.584530,00-120_STILL,36987233202700,199300,PITCH,-0.02,0.0,-0.03,0.0,0.0,0.0,0.0,0,1500,0,1,PID_ATTITUDE
111.678862,00-120_STILL,36987327534800,199400,PITCH,-0.02,0.0,-0.03,0.0,0.0,0.0,0.0,0,1500,0,1,PID_ATTITUDE
111.731196,00-120_STILL,36987379869100,199500,PITCH,-0.03,0.0,-0.03,0.0,0.0,0.0,0.0,0,1500,0,1,PID_ATTITUDE
111.882991,00-120_STILL,36987531663500,199600,PITCH,-0.03,0.0,-0.03,0.0,0.0,0.0,0.0,0,1500,0,1,PID_ATTITUDE
111.991461,00-120_STILL,36987640134300,199700,PITCH,-0.03,0.0,-0.03,0.0,0.0,0.0,0.0,0,1500,0,1,PID_ATTITUDE
112.085519,00-120_STILL,36987734192200,199800,PITCH,-0.03,-0.02,-0.05,0.0,0.0,0.0,0.0,0,1500,0,1,PID_ATTITUDE
112.180410,00-120_STILL,36987829082900,199900,PITCH,-0.03,-0.02,-0.05,0.0,0.0,0.0,0.0,0,1500,0,1,PID_ATTITUDE
112.288317,00-120_STILL,36987936989700,200000,PITCH,-0.04,-0.03,-0.06,0.0,0.0,0.0,0.0,0,1500,0,1,PID_ATTITUDE
112.381392,00-120_STILL,36988030065300,200100,PITCH,-0.04,-0.03,-0.06,0.0,0.0,0.0,0.0,0,1500,0,1,PID_ATTITUDE
112.489145,00-120_STILL,36988137818300,200200,PITCH,-0.03,-0.03,-0.06,0.0,0.0,0.0,0.0,0,1500,0,1,PID_ATTITUDE
112.582160,00-120_STILL,36988230832600,200300,PITCH,-0.03,-0.03,-0.06,0.0,0.0,0.0,0.0,0,1500,0,1,PID_ATTITUDE
112.691508,00-120_STILL,36988340181400,200400,PITCH,-0.03,-0.02,-0.05,0.0,0.0,0.0,0.0,0,1500,0,1,PID_ATTITUDE
112.730914,00-120_STILL,36988379587000,200500,PITCH,-0.03,-0.03,-0.06,0.0,0.0,0.0,0.0,0,1500,0,1,PID_ATTITUDE
112.878328,00-120_STILL,36988527000900,200600,PITCH,-0.03,-0.03,-0.05,0.0,0.0,0.0,0.0,0,1500,0,1,PID_ATTITUDE
112.986937,00-120_STILL,36988635609800,200700,PITCH,-0.04,-0.02,-0.05,0.0,0.0,0.0,0.0,0,1500,0,1,PID_ATTITUDE
113.079803,00-120_STILL,36988728475600,200800,PITCH,-0.03,-0.02,-0.05,0.0,0.0,0.0,0.0,0,1500,0,1,PID_ATTITUDE
113.190037,00-120_STILL,36988838709700,200900,PITCH,-0.03,-0.01,-0.04,0.0,0.0,0.0,0.0,0,1500,0,1,PID_ATTITUDE
113.283754,00-120_STILL,36988932427100,201000,PITCH,-0.03,-0.01,-0.04,0.0,0.0,0.0,0.0,0,1500,0,1,PID_ATTITUDE
113.378190,00-120_STILL,36989026863000,201100,PITCH,-0.02,0.0,-0.03,0.0,0.0,0.0,0.0,0,1500,0,1,PID_ATTITUDE
113.487442,00-120_STILL,36989136115300,201200,PITCH,-0.02,0.0,-0.03,0.0,0.0,0.0,0.0,0,1500,0,1,PID_ATTITUDE
113.579831,00-120_STILL,36989228504000,201300,PITCH,-0.02,-0.01,-0.04,0.0,0.0,0.0,0.0,0,1500,0,1,PID_ATTITUDE
113.691262,00-120_STILL,36989339935200,201400,PITCH,-0.02,-0.01,-0.04,0.0,0.0,0.0,0.0,0,1500,0,1,PID_ATTITUDE
113.730883,00-120_STILL,36989379556100,201500,PITCH,-0.02,-0.02,-0.05,0.0,0.0,0.0,0.0,0,1500,0,1,PID_ATTITUDE
113.878557,00-120_STILL,36989527229900,201600,PITCH,-0.02,-0.02,-0.05,0.0,0.0,0.0,0.0,0,1500,0,1,PID_ATTITUDE
113.985817,00-120_STILL,36989634490000,201700,PITCH,-0.03,-0.01,-0.04,0.0,0.0,0.0,0.0,0,1500,0,1,PID_ATTITUDE
114.079646,00-120_STILL,36989728318700,201800,PITCH,-0.03,-0.01,-0.04,0.0,0.0,0.0,0.0,0,1500,0,1,PID_ATTITUDE
114.188220,00-120_STILL,36989836893300,201900,PITCH,-0.03,-0.01,-0.04,0.0,0.0,0.0,0.0,0,1500,0,1,PID_ATTITUDE
114.281859,00-120_STILL,36989930531900,202000,PITCH,-0.03,-0.01,-0.03,0.0,0.0,0.0,0.0,0,1500,0,1,PID_ATTITUDE
114.376032,00-120_STILL,36990024704700,202100,PITCH,-0.02,0.0,-0.03,0.0,0.0,0.0,0.0,0,1500,0,1,PID_ATTITUDE
114.484674,00-120_STILL,36990133347200,202200,PITCH,-0.02,0.0,-0.03,0.0,0.0,0.0,0.0,0,1500,0,1,PID_ATTITUDE
114.578745,00-120_STILL,36990227417500,202300,PITCH,-0.03,0.01,-0.02,0.0,0.0,0.0,0.0,0,1500,0,1,PID_ATTITUDE
114.686748,00-120_STILL,36990335420700,202400,PITCH,-0.03,0.01,-0.02,0.0,0.0,0.0,0.0,0,1500,0,1,PID_ATTITUDE
114.730766,00-120_STILL,36990379439000,202500,PITCH,-0.02,0.0,-0.03,0.0,0.0,0.0,0.0,0,1500,0,1,PID_ATTITUDE
114.888637,00-120_STILL,36990537309400,202600,PITCH,-0.03,0.0,-0.03,0.0,0.0,0.0,0.0,0,1500,0,1,PID_ATTITUDE
114.982543,00-120_STILL,36990631215700,202700,PITCH,-0.03,-0.01,-0.04,0.0,0.0,0.0,0.0,0,1500,0,1,PID_ATTITUDE
115.091031,00-120_STILL,36990739704000,202800,PITCH,-0.03,-0.03,-0.06,0.0,0.0,0.0,0.0,0,1500,0,1,PID_ATTITUDE
115.184611,00-120_STILL,36990833284200,202900,PITCH,-0.02,-0.03,-0.06,0.0,0.0,0.0,0.0,0,1500,0,1,PID_ATTITUDE
115.279173,00-120_STILL,36990927846000,203000,PITCH,-0.01,-0.03,-0.06,0.0,0.0,0.0,0.0,0,1500,0,1,PID_ATTITUDE
115.387968,00-120_STILL,36991036641400,203100,PITCH,-0.02,-0.03,-0.06,0.0,0.0,0.0,0.0,0,1500,0,1,PID_ATTITUDE
115.480983,00-120_STILL,36991129655500,203200,PITCH,-0.02,-0.03,-0.06,0.0,0.0,0.0,0.0,0,1500,0,1,PID_ATTITUDE
115.587752,00-120_STILL,36991236424700,203300,PITCH,-0.02,-0.03,-0.06,0.0,0.0,0.0,0.0,0,1500,0,1,PID_ATTITUDE
115.681911,00-120_STILL,36991330584300,203400,PITCH,-0.02,-0.02,-0.06,0.0,0.0,0.0,0.0,0,1500,0,1,PID_ATTITUDE
115.730451,00-120_STILL,36991379124200,203500,PITCH,-0.02,-0.03,-0.06,0.0,0.0,0.0,0.0,0,1500,0,1,PID_ATTITUDE
115.883621,00-120_STILL,36991532294100,203600,PITCH,-0.02,-0.04,-0.07,0.0,0.0,0.0,0.0,0,1500,0,1,PID_ATTITUDE
115.977145,00-120_STILL,36991625817600,203700,PITCH,-0.02,-0.03,-0.06,0.0,0.0,0.0,0.0,0,1500,0,1,PID_ATTITUDE
116.085496,00-120_STILL,36991734168500,203800,PITCH,-0.03,-0.02,-0.05,0.0,0.0,0.0,0.0,0,1500,0,1,PID_ATTITUDE
116.179162,00-120_STILL,36991827834900,203900,PITCH,-0.03,-0.03,-0.06,0.0,0.0,0.0,0.0,0,1500,0,1,PID_ATTITUDE
116.289523,00-120_STILL,36991938196000,204000,PITCH,-0.02,-0.03,-0.06,0.0,0.0,0.0,0.0,0,1500,0,1,PID_ATTITUDE
116.382330,00-120_STILL,36992031003000,204100,PITCH,-0.01,-0.02,-0.05,0.0,0.0,0.0,0.0,0,1500,0,1,PID_ATTITUDE
116.476029,00-120_STILL,36992124702300,204200,PITCH,-0.02,-0.02,-0.05,0.0,0.0,0.0,0.0,0,1500,0,1,PID_ATTITUDE
116.585896,00-120_STILL,36992234569000,204300,PITCH,-0.01,-0.01,-0.05,0.0,0.0,0.0,0.0,0,1500,0,1,PID_ATTITUDE
116.678086,00-120_STILL,36992326759000,204400,PITCH,-0.04,-0.02,-0.05,0.0,0.0,0.0,0.0,0,1500,0,1,PID_ATTITUDE
116.730219,00-120_STILL,36992378891700,204500,PITCH,-0.05,-0.02,-0.05,0.0,0.0,0.0,0.0,0,1500,0,1,PID_ATTITUDE
116.878838,00-120_STILL,36992527511200,204600,PITCH,-0.04,-0.01,-0.04,0.0,0.0,0.0,0.0,0,1500,0,1,PID_ATTITUDE
116.988185,00-120_STILL,36992636857900,204700,PITCH,-0.04,0.0,-0.03,0.0,0.0,0.0,0.0,0,1500,0,1,PID_ATTITUDE
117.081458,00-120_STILL,36992730130800,204800,PITCH,-0.03,0.0,-0.03,0.0,0.0,0.0,0.0,0,1500,0,1,PID_ATTITUDE
117.191864,00-120_STILL,36992840536600,204900,PITCH,-0.02,0.01,-0.03,0.0,0.0,0.0,0.0,0,1500,0,1,PID_ATTITUDE
117.283380,00-120_STILL,36992932052700,205000,PITCH,-0.02,0.0,-0.03,0.0,0.0,0.0,0.0,0,1500,0,1,PID_ATTITUDE
117.377534,00-120_STILL,36993026207100,205100,PITCH,-0.01,-0.01,-0.04,0.0,0.0,0.0,0.0,0,1500,0,1,PID_ATTITUDE
117.486625,00-120_STILL,36993135297400,205200,PITCH,-0.01,-0.01,-0.04,0.0,0.0,0.0,0.0,0,1500,0,1,PID_ATTITUDE
117.580381,00-120_STILL,36993229054200,205300,PITCH,-0.01,-0.01,-0.04,0.0,0.0,0.0,0.0,0,1500,0,1,PID_ATTITUDE
117.688741,00-120_STILL,36993337413500,205400,PITCH,-0.02,0.0,-0.03,0.0,0.0,0.0,0.0,0,1500,0,1,PID_ATTITUDE
117.730119,00-120_STILL,36993378791400,205500,PITCH,-0.02,0.0,-0.03,0.0,0.0,0.0,0.0,0,1500,0,1,PID_ATTITUDE
117.891005,00-120_STILL,36993539678300,205600,PITCH,-0.03,0.0,-0.03,0.0,0.0,0.0,0.0,0,1500,0,1,PID_ATTITUDE
117.986119,00-120_STILL,36993634791800,205700,PITCH,-0.02,0.0,-0.03,0.0,0.0,0.0,0.0,0,1500,0,1,PID_ATTITUDE
118.078970,00-120_STILL,36993727642800,205800,PITCH,-0.01,-0.01,-0.04,0.0,0.0,0.0,0.0,0,1500,0,1,PID_ATTITUDE
118.187448,00-120_STILL,36993836121000,205900,PITCH,-0.02,-0.01,-0.04,0.0,0.0,0.0,0.0,0,1500,0,1,PID_ATTITUDE
118.280555,00-120_STILL,36993929228200,206000,PITCH,-0.02,-0.01,-0.04,0.0,0.0,0.0,0.0,0,1500,0,1,PID_ATTITUDE
118.388975,00-120_STILL,36994037648100,206100,PITCH,-0.01,-0.01,-0.04,0.0,0.0,0.0,0.0,0,1500,0,1,PID_ATTITUDE
118.481957,00-120_STILL,36994130630100,206200,PITCH,-0.01,0.0,-0.03,0.0,0.0,0.0,0.0,0,1500,0,1,PID_ATTITUDE
118.589644,00-120_STILL,36994238316900,206300,PITCH,-0.01,0.0,-0.03,0.0,0.0,0.0,0.0,0,1500,0,1,PID_ATTITUDE
118.682593,00-120_STILL,36994331265600,206400,PITCH,0.0,0.0,-0.03,0.0,0.0,0.0,0.0,0,1500,0,1,PID_ATTITUDE
118.729803,00-120_STILL,36994378475700,206500,PITCH,-0.01,0.0,-0.03,0.0,0.0,0.0,0.0,0,1500,0,1,PID_ATTITUDE
118.885004,00-120_STILL,36994533676500,206600,PITCH,-0.01,-0.01,-0.04,0.0,0.0,0.0,0.0,0,1500,0,1,PID_ATTITUDE
118.979834,00-120_STILL,36994628506900,206700,PITCH,0.0,-0.01,-0.04,0.0,0.0,0.0,0.0,0,1500,0,1,PID_ATTITUDE
119.089046,00-120_STILL,36994737718700,206800,PITCH,0.0,0.0,-0.04,0.0,0.0,0.0,0.0,0,1500,0,1,PID_ATTITUDE
119.183237,00-120_STILL,36994831910300,206900,PITCH,0.0,-0.01,-0.03,0.0,0.0,0.0,0.0,0,1500,0,1,PID_ATTITUDE
119.277914,00-120_STILL,36994926587300,207000,PITCH,0.0,0.0,-0.03,0.0,0.0,0.0,0.0,0,1500,0,1,PID_ATTITUDE
119.387278,00-120_STILL,36995035950800,207100,PITCH,-0.01,0.0,-0.03,0.0,0.0,0.0,0.0,0,1500,0,1,PID_ATTITUDE
119.480422,00-120_STILL,36995129094600,207200,PITCH,-0.02,0.0,-0.03,0.0,0.0,0.0,0.0,0,1500,0,1,PID_ATTITUDE
119.588918,00-120_STILL,36995237590600,207300,PITCH,-0.01,0.0,-0.04,0.0,0.0,0.0,0.0,0,1500,0,1,PID_ATTITUDE
119.681968,00-120_STILL,36995330641100,207400,PITCH,-0.01,-0.01,-0.03,0.0,0.0,0.0,0.0,0,1500,0,1,PID_ATTITUDE
119.729854,00-120_STILL,36995378526800,207500,PITCH,-0.02,0.0,-0.03,0.0,0.0,0.0,0.0,0,1500,0,1,PID_ATTITUDE
119.882988,00-120_STILL,36995531660900,207600,PITCH,-0.02,0.0,-0.03,0.0,0.0,0.0,0.0,0,1500,0,1,PID_ATTITUDE
119.975918,00-120_STILL,36995624590900,207700,PITCH,-0.03,-0.01,-0.04,0.0,0.0,0.0,0.0,0,1500,0,1,PID_ATTITUDE
120.084742,120-240_ROLL_MOTION,36995733415300,207800,PITCH,-0.03,0.0,-0.03,0.0,0.0,0.0,0.0,0,1500,0,1,PID_ATTITUDE
120.178229,120-240_ROLL_MOTION,36995826902200,207900,PITCH,-0.02,0.01,-0.02,0.0,0.0,0.0,0.0,0,1500,0,1,PID_ATTITUDE
120.286428,120-240_ROLL_MOTION,36995935100400,208000,PITCH,-0.01,0.0,-0.03,0.0,0.0,0.0,0.0,0,1500,0,1,PID_ATTITUDE
120.379366,120-240_ROLL_MOTION,36996028039000,208100,PITCH,0.0,-0.02,-0.05,0.0,0.0,0.0,0.0,0,1500,0,1,PID_ATTITUDE
120.489554,120-240_ROLL_MOTION,36996138227400,208200,PITCH,0.0,-0.03,-0.06,0.0,0.0,0.0,0.0,0,1500,0,1,PID_ATTITUDE
120.583182,120-240_ROLL_MOTION,36996231855300,208300,PITCH,0.0,-0.04,-0.07,0.0,0.0,0.0,0.0,0,1500,0,1,PID_ATTITUDE
120.677059,120-240_ROLL_MOTION,36996325732200,208400,PITCH,0.0,-0.02,-0.05,0.0,0.0,0.0,0.0,0,1500,0,1,PID_ATTITUDE
120.729691,120-240_ROLL_MOTION,36996378364100,208500,PITCH,-0.02,-0.02,-0.05,0.0,0.0,0.0,0.0,0,1500,0,1,PID_ATTITUDE
120.878426,120-240_ROLL_MOTION,36996527098500,208600,PITCH,-0.01,-0.02,-0.05,0.0,0.0,0.0,0.0,0,1500,0,1,PID_ATTITUDE
120.986630,120-240_ROLL_MOTION,36996635302900,208700,PITCH,-0.01,-0.01,-0.04,0.0,0.0,0.0,0.0,0,1500,0,1,PID_ATTITUDE
121.078956,120-240_ROLL_MOTION,36996727628400,208800,PITCH,-0.01,-0.01,-0.04,0.0,0.0,0.0,0.0,0,1500,0,1,PID_ATTITUDE
121.186002,120-240_ROLL_MOTION,36996834674400,208900,PITCH,-0.01,-0.01,-0.04,0.0,0.0,0.0,0.0,0,1500,0,1,PID_ATTITUDE
121.278593,120-240_ROLL_MOTION,36996927265700,209000,PITCH,-0.01,-0.02,-0.05,0.0,0.0,0.0,0.0,0,1500,0,1,PID_ATTITUDE
121.388242,120-240_ROLL_MOTION,36997036914800,209100,PITCH,0.0,-0.02,-0.05,0.0,0.0,0.0,0.0,0,1500,0,1,PID_ATTITUDE
121.481001,120-240_ROLL_MOTION,36997129673800,209200,PITCH,0.0,-0.01,-0.04,0.0,0.0,0.0,0.0,0,1500,0,1,PID_ATTITUDE
121.589826,120-240_ROLL_MOTION,36997238499300,209300,PITCH,0.0,-0.01,-0.04,0.0,0.0,0.0,0.0,0,1500,0,1,PID_ATTITUDE
121.683843,120-240_ROLL_MOTION,36997332515600,209400,PITCH,-0.01,0.0,-0.03,0.0,0.0,0.0,0.0,0,1500,0,1,PID_ATTITUDE
121.729589,120-240_ROLL_MOTION,36997378262200,209500,PITCH,-0.01,-0.02,-0.05,0.0,0.0,0.0,0.0,0,1500,0,1,PID_ATTITUDE
121.884319,120-240_ROLL_MOTION,36997532992200,209600,PITCH,-0.01,-0.01,-0.04,0.0,0.0,0.0,0.0,0,1500,0,1,PID_ATTITUDE
121.978800,120-240_ROLL_MOTION,36997627473000,209700,PITCH,0.0,-0.01,-0.04,0.0,0.0,0.0,0.0,0,1500,0,1,PID_ATTITUDE
122.087968,120-240_ROLL_MOTION,36997736641100,209800,PITCH,0.0,-0.01,-0.04,0.0,0.0,0.0,0.0,0,1500,0,1,PID_ATTITUDE
122.182596,120-240_ROLL_MOTION,36997831268500,209900,PITCH,0.0,0.0,-0.03,0.0,0.0,0.0,0.0,0,1500,0,1,PID_ATTITUDE
122.275457,120-240_ROLL_MOTION,36997924129600,210000,PITCH,-0.01,-0.02,-0.05,0.0,0.0,0.0,0.0,0,1500,0,1,PID_ATTITUDE
122.383544,120-240_ROLL_MOTION,36998032216600,210100,PITCH,-0.01,-0.03,-0.06,0.0,0.0,0.0,0.0,0,1500,0,1,PID_ATTITUDE
122.476465,120-240_ROLL_MOTION,36998125138100,210200,PITCH,-0.01,-0.03,-0.06,0.0,0.0,0.0,0.0,0,1500,0,1,PID_ATTITUDE
122.585292,120-240_ROLL_MOTION,36998233965300,210300,PITCH,0.0,-0.04,-0.07,0.0,0.0,0.0,0.0,0,1500,0,1,PID_ATTITUDE
122.678576,120-240_ROLL_MOTION,36998327249300,210400,PITCH,-0.02,-0.04,-0.07,0.0,0.0,0.0,0.0,0,1500,0,1,PID_ATTITUDE
122.729240,120-240_ROLL_MOTION,36998377912800,210500,PITCH,-0.01,-0.04,-0.07,0.0,0.0,0.0,0.0,0,1500,0,1,PID_ATTITUDE
122.882066,120-240_ROLL_MOTION,36998530739300,210600,PITCH,-0.01,-0.03,-0.06,0.0,0.0,0.0,0.0,0,1500,0,1,PID_ATTITUDE
122.990159,120-240_ROLL_MOTION,36998638831700,210700,PITCH,0.0,-0.03,-0.05,0.0,0.0,0.0,0.0,0,1500,0,1,PID_ATTITUDE
123.082961,120-240_ROLL_MOTION,36998731633500,210800,PITCH,0.0,-0.01,-0.04,0.0,0.0,0.0,0.0,0,1500,0,1,PID_ATTITUDE
123.175363,120-240_ROLL_MOTION,36998824035700,210900,PITCH,-0.01,-0.01,-0.04,0.0,0.0,0.0,0.0,0,1500,0,1,PID_ATTITUDE
123.285071,120-240_ROLL_MOTION,36998933744100,211000,PITCH,0.0,0.0,-0.03,0.0,0.0,0.0,0.0,0,1500,0,1,PID_ATTITUDE
123.378177,120-240_ROLL_MOTION,36999026849500,211100,PITCH,0.0,0.0,-0.03,0.0,0.0,0.0,0.0,0,1500,0,1,PID_ATTITUDE
123.486484,120-240_ROLL_MOTION,36999135157200,211200,PITCH,0.01,0.0,-0.03,0.0,0.0,0.0,0.0,0,1500,0,1,PID_ATTITUDE
123.579859,120-240_ROLL_MOTION,36999228531500,211300,PITCH,0.0,0.0,-0.03,0.0,0.0,0.0,0.0,0,1500,0,1,PID_ATTITUDE
123.689319,120-240_ROLL_MOTION,36999337991500,211400,PITCH,-0.01,0.0,-0.03,0.0,0.0,0.0,0.0,0,1500,0,1,PID_ATTITUDE
123.729291,120-240_ROLL_MOTION,36999377963400,211500,PITCH,-0.02,0.0,-0.03,0.0,0.0,0.0,0.0,0,1500,0,1,PID_ATTITUDE
123.876116,120-240_ROLL_MOTION,36999524788900,211600,PITCH,-0.01,0.0,-0.03,0.0,0.0,0.0,0.0,0,1500,0,1,PID_ATTITUDE
123.983502,120-240_ROLL_MOTION,36999632174800,211700,PITCH,-0.01,-0.01,-0.04,0.0,0.0,0.0,0.0,0,1500,0,1,PID_ATTITUDE
124.076371,120-240_ROLL_MOTION,36999725044200,211800,PITCH,-0.02,-0.02,-0.05,0.0,0.0,0.0,0.0,0,1500,0,1,PID_ATTITUDE
124.184138,120-240_ROLL_MOTION,36999832811300,211900,PITCH,-0.02,-0.02,-0.05,0.0,0.0,0.0,0.0,0,1500,0,1,PID_ATTITUDE
124.276711,120-240_ROLL_MOTION,36999925383700,212000,PITCH,-0.02,-0.02,-0.05,0.0,0.0,0.0,0.0,0,1500,0,1,PID_ATTITUDE
124.386181,120-240_ROLL_MOTION,37000034854100,212100,PITCH,-0.02,-0.01,-0.04,0.0,0.0,0.0,0.0,0,1500,0,1,PID_ATTITUDE
124.478201,120-240_ROLL_MOTION,37000126874200,212200,PITCH,-0.03,0.0,-0.03,0.0,0.0,0.0,0.0,0,1500,0,1,PID_ATTITUDE
124.587721,120-240_ROLL_MOTION,37000236393700,212300,PITCH,-0.03,-0.01,-0.04,0.0,0.0,0.0,0.0,0,1500,0,1,PID_ATTITUDE
124.679782,120-240_ROLL_MOTION,37000328454600,212400,PITCH,-0.04,-0.01,-0.05,0.0,0.0,0.0,0.0,0,1500,0,1,PID_ATTITUDE
124.728939,120-240_ROLL_MOTION,37000377612300,212500,PITCH,-0.04,-0.02,-0.05,0.0,0.0,0.0,0.0,0,1500,0,1,PID_ATTITUDE
124.881659,120-240_ROLL_MOTION,37000530332100,212600,PITCH,-0.03,-0.02,-0.06,0.0,0.0,0.0,0.0,0,1500,0,1,PID_ATTITUDE
124.990631,120-240_ROLL_MOTION,37000639304000,212700,PITCH,-0.02,-0.02,-0.05,0.0,0.0,0.0,0.0,0,1500,0,1,PID_ATTITUDE
125.085757,120-240_ROLL_MOTION,37000734430200,212800,PITCH,-0.02,-0.02,-0.05,0.0,0.0,0.0,0.0,0,1500,0,1,PID_ATTITUDE
125.178961,120-240_ROLL_MOTION,37000827633500,212900,PITCH,-0.02,-0.01,-0.04,0.0,0.0,0.0,0.0,0,1500,0,1,PID_ATTITUDE
125.289072,120-240_ROLL_MOTION,37000937745100,213000,PITCH,-0.02,-0.02,-0.05,0.0,0.0,0.0,0.0,0,1500,0,1,PID_ATTITUDE
125.383035,120-240_ROLL_MOTION,37001031707500,213100,PITCH,-0.02,-0.02,-0.05,0.0,0.0,0.0,0.0,0,1500,0,1,PID_ATTITUDE
125.477955,120-240_ROLL_MOTION,37001126628300,213200,PITCH,-0.03,-0.02,-0.05,0.0,0.0,0.0,0.0,0,1500,0,1,PID_ATTITUDE
125.586376,120-240_ROLL_MOTION,37001235048600,213300,PITCH,-0.03,-0.02,-0.06,0.0,0.0,0.0,0.0,0,1500,0,1,PID_ATTITUDE
125.679423,120-240_ROLL_MOTION,37001328096200,213400,PITCH,-0.03,-0.03,-0.06,0.0,0.0,0.0,0.0,0,1500,0,1,PID_ATTITUDE
125.728765,120-240_ROLL_MOTION,37001377438300,213500,PITCH,-0.03,-0.03,-0.06,0.0,0.0,0.0,0.0,0,1500,0,1,PID_ATTITUDE
125.880339,120-240_ROLL_MOTION,37001529012100,213600,PITCH,-0.03,-0.02,-0.05,0.0,0.0,0.0,0.0,0,1500,0,1,PID_ATTITUDE
125.989536,120-240_ROLL_MOTION,37001638208500,213700,PITCH,-0.03,-0.02,-0.05,0.0,0.0,0.0,0.0,0,1500,0,1,PID_ATTITUDE
126.083103,120-240_ROLL_MOTION,37001731776200,213800,PITCH,-0.02,-0.02,-0.05,0.0,0.0,0.0,0.0,0,1500,0,1,PID_ATTITUDE
126.176612,120-240_ROLL_MOTION,37001825284400,213900,PITCH,-0.02,-0.03,-0.06,0.0,0.0,0.0,0.0,0,1500,0,1,PID_ATTITUDE
126.286998,120-240_ROLL_MOTION,37001935671400,214000,PITCH,-0.01,-0.02,-0.05,0.0,0.0,0.0,0.0,0,1500,0,1,PID_ATTITUDE
126.382131,120-240_ROLL_MOTION,37002030803500,214100,PITCH,-0.02,-0.02,-0.05,0.0,0.0,0.0,0.0,0,1500,0,1,PID_ATTITUDE
126.475244,120-240_ROLL_MOTION,37002123916600,214200,PITCH,-0.02,-0.02,-0.05,0.0,0.0,0.0,0.0,0,1500,0,1,PID_ATTITUDE
126.585783,120-240_ROLL_MOTION,37002234455500,214300,PITCH,-0.02,-0.02,-0.05,0.0,0.0,0.0,0.0,0,1500,0,1,PID_ATTITUDE
126.679564,120-240_ROLL_MOTION,37002328237100,214400,PITCH,-0.02,-0.01,-0.04,0.0,0.0,0.0,0.0,0,1500,0,1,PID_ATTITUDE
126.728604,120-240_ROLL_MOTION,37002377276600,214500,PITCH,-0.02,-0.01,-0.04,0.0,0.0,0.0,0.0,0,1500,0,1,PID_ATTITUDE
126.881842,120-240_ROLL_MOTION,37002530515300,214600,PITCH,-0.02,-0.02,-0.05,0.0,0.0,0.0,0.0,0,1500,0,1,PID_ATTITUDE
126.989880,120-240_ROLL_MOTION,37002638553300,214700,PITCH,-0.02,-0.04,-0.07,0.0,0.0,0.0,0.0,0,1500,0,1,PID_ATTITUDE
127.083163,120-240_ROLL_MOTION,37002731836100,214800,PITCH,-0.01,-0.03,-0.06,0.0,0.0,0.0,0.0,0,1500,0,1,PID_ATTITUDE
127.175854,120-240_ROLL_MOTION,37002824526900,214900,PITCH,-0.01,-0.02,-0.05,0.0,0.0,0.0,0.0,0,1500,0,1,PID_ATTITUDE
127.284314,120-240_ROLL_MOTION,37002932986800,215000,PITCH,0.0,-0.03,-0.06,0.0,0.0,0.0,0.0,0,1500,0,1,PID_ATTITUDE
127.377137,120-240_ROLL_MOTION,37003025810300,215100,PITCH,0.0,-0.02,-0.05,0.0,0.0,0.0,0.0,0,1500,0,1,PID_ATTITUDE
127.485443,120-240_ROLL_MOTION,37003134115900,215200,PITCH,-0.01,-0.02,-0.05,0.0,0.0,0.0,0.0,0,1500,0,1,PID_ATTITUDE
127.579591,120-240_ROLL_MOTION,37003228263900,215300,PITCH,0.0,-0.02,-0.05,0.0,0.0,0.0,0.0,0,1500,0,1,PID_ATTITUDE
127.688885,120-240_ROLL_MOTION,37003337558100,215400,PITCH,-0.01,-0.02,-0.05,0.0,0.0,0.0,0.0,0,1500,0,1,PID_ATTITUDE
127.728623,120-240_ROLL_MOTION,37003377295800,215500,PITCH,0.0,-0.03,-0.06,0.0,0.0,0.0,0.0,0,1500,0,1,PID_ATTITUDE
127.875551,120-240_ROLL_MOTION,37003524223600,215600,PITCH,-0.01,-0.02,-0.05,0.0,0.0,0.0,0.0,0,1500,0,1,PID_ATTITUDE
127.985276,120-240_ROLL_MOTION,37003633948800,215700,PITCH,-0.01,-0.01,-0.04,0.0,0.0,0.0,0.0,0,1500,0,1,PID_ATTITUDE
128.079670,120-240_ROLL_MOTION,37003728342700,215800,PITCH,0.0,-0.02,-0.05,0.0,0.0,0.0,0.0,0,1500,0,1,PID_ATTITUDE
128.189041,120-240_ROLL_MOTION,37003837714200,215900,PITCH,-0.01,-0.02,-0.05,0.0,0.0,0.0,0.0,0,1500,0,1,PID_ATTITUDE
128.283203,120-240_ROLL_MOTION,37003931875800,216000,PITCH,0.0,-0.02,-0.05,0.0,0.0,0.0,0.0,0,1500,0,1,PID_ATTITUDE
128.376912,120-240_ROLL_MOTION,37004025584900,216100,PITCH,-0.01,-0.02,-0.05,0.0,0.0,0.0,0.0,0,1500,0,1,PID_ATTITUDE
128.486568,120-240_ROLL_MOTION,37004135240900,216200,PITCH,-0.01,-0.02,-0.05,0.0,0.0,0.0,0.0,0,1500,0,1,PID_ATTITUDE
128.579889,120-240_ROLL_MOTION,37004228561600,216300,PITCH,0.0,-0.02,-0.05,0.0,0.0,0.0,0.0,0,1500,0,1,PID_ATTITUDE
128.674413,120-240_ROLL_MOTION,37004323085900,216400,PITCH,0.0,-0.03,-0.06,0.0,0.0,0.0,0.0,0,1500,0,1,PID_ATTITUDE
128.728492,120-240_ROLL_MOTION,37004377164900,216500,PITCH,-0.01,-0.03,-0.06,0.0,0.0,0.0,0.0,0,1500,0,1,PID_ATTITUDE
128.877124,120-240_ROLL_MOTION,37004525797100,216600,PITCH,-0.01,-0.03,-0.06,0.0,0.0,0.0,0.0,0,1500,0,1,PID_ATTITUDE
128.984532,120-240_ROLL_MOTION,37004633205100,216700,PITCH,-0.01,-0.03,-0.06,0.0,0.0,0.0,0.0,0,1500,0,1,PID_ATTITUDE
129.077878,120-240_ROLL_MOTION,37004726550500,216800,PITCH,-0.01,-0.03,-0.06,0.0,0.0,0.0,0.0,0,1500,0,1,PID_ATTITUDE
129.187658,120-240_ROLL_MOTION,37004836330600,216900,PITCH,0.0,-0.03,-0.06,0.0,0.0,0.0,0.0,0,1500,0,1,PID_ATTITUDE
129.280064,120-240_ROLL_MOTION,37004928737100,217000,PITCH,0.0,-0.03,-0.06,0.0,0.0,0.0,0.0,0,1500,0,1,PID_ATTITUDE
129.388998,120-240_ROLL_MOTION,37005037671200,217100,PITCH,-0.01,-0.03,-0.06,0.0,0.0,0.0,0.0,0,1500,0,1,PID_ATTITUDE
129.482271,120-240_ROLL_MOTION,37005130944200,217200,PITCH,0.01,-0.03,-0.06,0.0,0.0,0.0,0.0,0,1500,0,1,PID_ATTITUDE
129.576144,120-240_ROLL_MOTION,37005224817400,217300,PITCH,0.01,-0.02,-0.05,0.0,0.0,0.0,0.0,0,1500,0,1,PID_ATTITUDE
129.685547,120-240_ROLL_MOTION,37005334220100,217400,PITCH,0.01,-0.01,-0.04,0.0,0.0,0.0,0.0,0,1500,0,1,PID_ATTITUDE
129.728350,120-240_ROLL_MOTION,37005377022400,217500,PITCH,0.01,0.0,-0.03,0.0,0.0,0.0,0.0,0,1500,0,1,PID_ATTITUDE
129.886956,120-240_ROLL_MOTION,37005535629100,217600,PITCH,0.0,0.0,-0.03,0.0,0.0,0.0,0.0,0,1500,0,1,PID_ATTITUDE
129.980736,120-240_ROLL_MOTION,37005629409200,217700,PITCH,-0.01,0.0,-0.03,0.0,0.0,0.0,0.0,0,1500,0,1,PID_ATTITUDE
130.074186,120-240_ROLL_MOTION,37005722858600,217800,PITCH,-0.01,-0.01,-0.04,0.0,0.0,0.0,0.0,0,1500,0,1,PID_ATTITUDE
130.184594,120-240_ROLL_MOTION,37005833267000,217900,PITCH,-0.01,-0.01,-0.04,0.0,0.0,0.0,0.0,0,1500,0,1,PID_ATTITUDE
130.278093,120-240_ROLL_MOTION,37005926766200,218000,PITCH,0.0,-0.01,-0.04,0.0,0.0,0.0,0.0,0,1500,0,1,PID_ATTITUDE
130.388253,120-240_ROLL_MOTION,37006036925800,218100,PITCH,-0.01,0.0,-0.03,0.0,0.0,0.0,0.0,0,1500,0,1,PID_ATTITUDE
130.481562,120-240_ROLL_MOTION,37006130235000,218200,PITCH,0.0,0.0,-0.03,0.0,0.0,0.0,0.0,0,1500,0,1,PID_ATTITUDE
130.575336,120-240_ROLL_MOTION,37006224008600,218300,PITCH,-0.01,0.0,-0.03,0.0,0.0,0.0,0.0,0,1500,0,1,PID_ATTITUDE
130.684741,120-240_ROLL_MOTION,37006333414100,218400,PITCH,0.0,0.0,-0.03,0.0,0.0,0.0,0.0,0,1500,0,1,PID_ATTITUDE
130.728214,120-240_ROLL_MOTION,37006376886600,218500,PITCH,-0.01,-0.01,-0.04,0.0,0.0,0.0,0.0,0,1500,0,1,PID_ATTITUDE
130.886668,120-240_ROLL_MOTION,37006535341100,218600,PITCH,-0.01,-0.01,-0.05,0.0,0.0,0.0,0.0,0,1500,0,1,PID_ATTITUDE
130.978460,120-240_ROLL_MOTION,37006627133000,218700,PITCH,-0.01,-0.01,-0.03,0.0,0.0,0.0,0.0,0,1500,0,1,PID_ATTITUDE
131.086696,120-240_ROLL_MOTION,37006735368800,218800,PITCH,-0.01,0.0,-0.03,0.0,0.0,0.0,0.0,0,1500,0,1,PID_ATTITUDE
131.180437,120-240_ROLL_MOTION,37006829110000,218900,PITCH,-0.01,0.0,-0.03,0.0,0.0,0.0,0.0,0,1500,0,1,PID_ATTITUDE
131.274455,120-240_ROLL_MOTION,37006923127900,219000,PITCH,-0.01,-0.01,-0.04,0.0,0.0,0.0,0.0,0,1500,0,1,PID_ATTITUDE
131.384197,120-240_ROLL_MOTION,37007032869400,219100,PITCH,-0.01,0.0,-0.03,0.0,0.0,0.0,0.0,0,1500,0,1,PID_ATTITUDE
131.477643,120-240_ROLL_MOTION,37007126315700,219200,PITCH,0.0,0.0,-0.03,0.0,0.0,0.0,0.0,0,1500,0,1,PID_ATTITUDE
131.586178,120-240_ROLL_MOTION,37007234851100,219300,PITCH,0.01,0.0,-0.03,0.0,0.0,0.0,0.0,0,1500,0,1,PID_ATTITUDE
131.680349,120-240_ROLL_MOTION,37007329022300,219400,PITCH,0.01,0.0,-0.03,0.0,0.0,0.0,0.0,0,1500,0,1,PID_ATTITUDE
131.728075,120-240_ROLL_MOTION,37007376748400,219500,PITCH,0.0,-0.01,-0.04,0.0,0.0,0.0,0.0,0,1500,0,1,PID_ATTITUDE
131.882452,120-240_ROLL_MOTION,37007531125300,219600,PITCH,0.0,-0.01,-0.04,0.0,0.0,0.0,0.0,0,1500,0,1,PID_ATTITUDE
131.976479,120-240_ROLL_MOTION,37007625151600,219700,PITCH,0.0,-0.02,-0.05,0.0,0.0,0.0,0.0,0,1500,0,1,PID_ATTITUDE
132.085250,120-240_ROLL_MOTION,37007733923100,219800,PITCH,-0.01,-0.02,-0.05,0.0,0.0,0.0,0.0,0,1500,0,1,PID_ATTITUDE
132.180228,120-240_ROLL_MOTION,37007828901100,219900,PITCH,0.0,-0.02,-0.05,0.0,0.0,0.0,0.0,0,1500,0,1,PID_ATTITUDE
132.288250,120-240_ROLL_MOTION,37007936923300,220000,PITCH,-0.01,-0.02,-0.05,0.0,0.0,0.0,0.0,0,1500,0,1,PID_ATTITUDE
132.381488,120-240_ROLL_MOTION,37008030161200,220100,PITCH,-0.01,-0.03,-0.07,0.0,0.0,0.0,0.0,0,1500,0,1,PID_ATTITUDE
132.474173,120-240_ROLL_MOTION,37008122846300,220200,PITCH,-0.02,-0.03,-0.06,0.0,0.0,0.0,0.0,0,1500,0,1,PID_ATTITUDE
132.582592,120-240_ROLL_MOTION,37008231264800,220300,PITCH,-0.03,-0.02,-0.05,0.0,0.0,0.0,0.0,0,1500,0,1,PID_ATTITUDE
132.676436,120-240_ROLL_MOTION,37008325109100,220400,PITCH,-0.03,-0.02,-0.04,0.0,0.0,0.0,0.0,0,1500,0,1,PID_ATTITUDE
132.727713,120-240_ROLL_MOTION,37008376385500,220500,PITCH,-0.03,-0.01,-0.04,0.0,0.0,0.0,0.0,0,1500,0,1,PID_ATTITUDE
132.878278,120-240_ROLL_MOTION,37008526950500,220600,PITCH,-0.04,-0.02,-0.05,0.0,0.0,0.0,0.0,0,1500,0,1,PID_ATTITUDE
132.986938,120-240_ROLL_MOTION,37008635610700,220700,PITCH,-0.03,-0.02,-0.05,0.0,0.0,0.0,0.0,0,1500,0,1,PID_ATTITUDE
133.080940,120-240_ROLL_MOTION,37008729612900,220800,PITCH,-0.01,-0.01,-0.05,0.0,0.0,0.0,0.0,0,1500,0,1,PID_ATTITUDE
133.175303,120-240_ROLL_MOTION,37008823975800,220900,PITCH,-0.02,-0.01,-0.04,0.0,0.0,0.0,0.0,0,1500,0,1,PID_ATTITUDE
133.284695,120-240_ROLL_MOTION,37008933368200,221000,PITCH,-0.01,0.0,-0.03,0.0,0.0,0.0,0.0,0,1500,0,1,PID_ATTITUDE
133.378116,120-240_ROLL_MOTION,37009026789300,221100,PITCH,-0.02,0.0,-0.03,0.0,0.0,0.0,0.0,0,1500,0,1,PID_ATTITUDE
133.486173,120-240_ROLL_MOTION,37009134845600,221200,PITCH,-0.01,-0.01,-0.04,0.0,0.0,0.0,0.0,0,1500,0,1,PID_ATTITUDE
133.580244,120-240_ROLL_MOTION,37009228916800,221300,PITCH,-0.01,-0.02,-0.05,0.0,0.0,0.0,0.0,0,1500,0,1,PID_ATTITUDE
133.673536,120-240_ROLL_MOTION,37009322209000,221400,PITCH,-0.01,-0.03,-0.07,0.0,0.0,0.0,0.0,0,1500,0,1,PID_ATTITUDE
133.727725,120-240_ROLL_MOTION,37009376398100,221500,PITCH,-0.01,-0.04,-0.07,0.0,0.0,0.0,0.0,0,1500,0,1,PID_ATTITUDE
133.876742,120-240_ROLL_MOTION,37009525414800,221600,PITCH,-0.02,-0.05,-0.08,0.0,0.0,0.0,0.0,0,1500,0,1,PID_ATTITUDE
133.985379,120-240_ROLL_MOTION,37009634052200,221700,PITCH,-0.02,-0.05,-0.08,0.0,0.0,0.0,0.0,0,1500,0,1,PID_ATTITUDE
134.078199,120-240_ROLL_MOTION,37009726872100,221800,PITCH,-0.02,-0.04,-0.07,0.0,0.0,0.0,0.0,0,1500,0,1,PID_ATTITUDE
134.187266,120-240_ROLL_MOTION,37009835939200,221900,PITCH,-0.01,-0.04,-0.07,0.0,0.0,0.0,0.0,0,1500,0,1,PID_ATTITUDE
134.280038,120-240_ROLL_MOTION,37009928710600,222000,PITCH,-0.01,-0.04,-0.07,0.0,0.0,0.0,0.0,0,1500,0,1,PID_ATTITUDE
134.374411,120-240_ROLL_MOTION,37010023083600,222100,PITCH,-0.01,-0.04,-0.07,0.0,0.0,0.0,0.0,0,1500,0,1,PID_ATTITUDE
134.484495,120-240_ROLL_MOTION,37010133168000,222200,PITCH,-0.02,-0.03,-0.06,0.0,0.0,0.0,0.0,0,1500,0,1,PID_ATTITUDE
134.579163,120-240_ROLL_MOTION,37010227836200,222300,PITCH,-0.02,-0.02,-0.05,0.0,0.0,0.0,0.0,0,1500,0,1,PID_ATTITUDE
134.672949,120-240_ROLL_MOTION,37010321621700,222400,PITCH,-0.02,-0.02,-0.05,0.0,0.0,0.0,0.0,0,1500,0,1,PID_ATTITUDE
134.727579,120-240_ROLL_MOTION,37010376252200,222500,PITCH,-0.02,-0.01,-0.04,0.0,0.0,0.0,0.0,0,1500,0,1,PID_ATTITUDE
134.874999,120-240_ROLL_MOTION,37010523671700,222600,PITCH,-0.03,0.01,-0.02,0.0,0.0,0.0,0.0,0,1500,0,1,PID_ATTITUDE
134.983976,120-240_ROLL_MOTION,37010632649200,222700,PITCH,-0.03,0.02,-0.01,0.0,0.0,0.0,0.0,0,1500,0,1,PID_ATTITUDE
135.078637,120-240_ROLL_MOTION,37010727310300,222800,PITCH,-0.03,0.01,-0.02,0.0,0.0,0.0,0.0,0,1500,0,1,PID_ATTITUDE
135.186664,120-240_ROLL_MOTION,37010835336900,222900,PITCH,-0.02,0.01,-0.02,0.0,0.0,0.0,0.0,0,1500,0,1,PID_ATTITUDE
135.279177,120-240_ROLL_MOTION,37010927849900,223000,PITCH,-0.01,0.0,-0.03,0.0,0.0,0.0,0.0,0,1500,0,1,PID_ATTITUDE
135.373444,120-240_ROLL_MOTION,37011022116500,223100,PITCH,-0.01,-0.01,-0.04,0.0,0.0,0.0,0.0,0,1500,0,1,PID_ATTITUDE
135.482844,120-240_ROLL_MOTION,37011131517400,223200,PITCH,-0.01,0.0,-0.03,0.0,0.0,0.0,0.0,0,1500,0,1,PID_ATTITUDE
135.575475,120-240_ROLL_MOTION,37011224147400,223300,PITCH,0.0,0.0,-0.03,0.0,0.0,0.0,0.0,0,1500,0,1,PID_ATTITUDE
135.684113,120-240_ROLL_MOTION,37011332786200,223400,PITCH,-0.01,0.0,-0.03,0.0,0.0,0.0,0.0,0,1500,0,1,PID_ATTITUDE
135.727513,120-240_ROLL_MOTION,37011376185700,223500,PITCH,0.0,-0.01,-0.03,0.0,0.0,0.0,0.0,0,1500,0,1,PID_ATTITUDE
135.886002,120-240_ROLL_MOTION,37011534674700,223600,PITCH,0.01,0.0,-0.03,0.0,0.0,0.0,0.0,0,1500,0,1,PID_ATTITUDE
135.980060,120-240_ROLL_MOTION,37011628732700,223700,PITCH,0.01,-0.01,-0.04,0.0,0.0,0.0,0.0,0,1500,0,1,PID_ATTITUDE
136.089137,120-240_ROLL_MOTION,37011737809900,223800,PITCH,0.02,-0.01,-0.04,0.0,0.0,0.0,0.0,0,1500,0,1,PID_ATTITUDE
136.182997,120-240_ROLL_MOTION,37011831670000,223900,PITCH,0.02,-0.01,-0.04,0.0,0.0,0.0,0.0,0,1500,0,1,PID_ATTITUDE
136.277420,120-240_ROLL_MOTION,37011926092800,224000,PITCH,0.01,-0.02,-0.05,0.0,0.0,0.0,0.0,0,1500,0,1,PID_ATTITUDE
136.386291,120-240_ROLL_MOTION,37012034963700,224100,PITCH,0.01,-0.01,-0.04,0.0,0.0,0.0,0.0,0,1500,0,1,PID_ATTITUDE
136.479409,120-240_ROLL_MOTION,37012128082100,224200,PITCH,0.0,-0.01,-0.04,0.0,0.0,0.0,0.0,0,1500,0,1,PID_ATTITUDE
136.573339,120-240_ROLL_MOTION,37012222012100,224300,PITCH,0.0,-0.02,-0.05,0.0,0.0,0.0,0.0,0,1500,0,1,PID_ATTITUDE
136.683354,120-240_ROLL_MOTION,37012332026500,224400,PITCH,0.0,-0.03,-0.06,0.0,0.0,0.0,0.0,0,1500,0,1,PID_ATTITUDE
136.727291,120-240_ROLL_MOTION,37012375964100,224500,PITCH,0.0,-0.02,-0.05,0.0,0.0,0.0,0.0,0,1500,0,1,PID_ATTITUDE
136.885980,120-240_ROLL_MOTION,37012534652600,224600,PITCH,0.01,-0.02,-0.04,0.0,0.0,0.0,0.0,0,1500,0,1,PID_ATTITUDE
136.979766,120-240_ROLL_MOTION,37012628438900,224700,PITCH,0.0,-0.02,-0.05,0.0,0.0,0.0,0.0,0,1500,0,1,PID_ATTITUDE
137.073343,120-240_ROLL_MOTION,37012722015500,224800,PITCH,0.0,-0.04,-0.07,0.0,0.0,0.0,0.0,0,1500,0,1,PID_ATTITUDE
137.182295,120-240_ROLL_MOTION,37012830967500,224900,PITCH,-0.01,-0.03,-0.06,0.0,0.0,0.0,0.0,0,1500,0,1,PID_ATTITUDE
137.277028,120-240_ROLL_MOTION,37012925701200,225000,PITCH,0.0,-0.02,-0.05,0.0,0.0,0.0,0.0,0,1500,0,1,PID_ATTITUDE
137.384451,120-240_ROLL_MOTION,37013033123500,225100,PITCH,0.0,-0.02,-0.05,0.0,0.0,0.0,0.0,0,1500,0,1,PID_ATTITUDE
137.476981,120-240_ROLL_MOTION,37013125653900,225200,PITCH,0.0,-0.01,-0.04,0.0,0.0,0.0,0.0,0,1500,0,1,PID_ATTITUDE
137.585510,120-240_ROLL_MOTION,37013234182600,225300,PITCH,0.0,-0.02,-0.05,0.0,0.0,0.0,0.0,0,1500,0,1,PID_ATTITUDE
137.678215,120-240_ROLL_MOTION,37013326888400,225400,PITCH,0.01,-0.02,-0.05,0.0,0.0,0.0,0.0,0,1500,0,1,PID_ATTITUDE
137.726963,120-240_ROLL_MOTION,37013375636100,225500,PITCH,-0.01,-0.02,-0.05,0.0,0.0,0.0,0.0,0,1500,0,1,PID_ATTITUDE
137.878941,120-240_ROLL_MOTION,37013527614000,225600,PITCH,0.0,-0.02,-0.05,0.0,0.0,0.0,0.0,0,1500,0,1,PID_ATTITUDE
137.987350,120-240_ROLL_MOTION,37013636022900,225700,PITCH,-0.01,-0.01,-0.04,0.0,0.0,0.0,0.0,0,1500,0,1,PID_ATTITUDE
138.080036,120-240_ROLL_MOTION,37013728709000,225800,PITCH,-0.01,-0.01,-0.04,0.0,0.0,0.0,0.0,0,1500,0,1,PID_ATTITUDE
138.173411,120-240_ROLL_MOTION,37013822084000,225900,PITCH,-0.01,-0.01,-0.04,0.0,0.0,0.0,0.0,0,1500,0,1,PID_ATTITUDE
138.283581,120-240_ROLL_MOTION,37013932254100,226000,PITCH,-0.01,-0.01,-0.04,0.0,0.0,0.0,0.0,0,1500,0,1,PID_ATTITUDE
138.377355,120-240_ROLL_MOTION,37014026028300,226100,PITCH,-0.02,-0.02,-0.06,0.0,0.0,0.0,0.0,0,1500,0,1,PID_ATTITUDE
138.485797,120-240_ROLL_MOTION,37014134469500,226200,PITCH,-0.01,-0.03,-0.05,0.0,0.0,0.0,0.0,0,1500,0,1,PID_ATTITUDE
138.579135,120-240_ROLL_MOTION,37014227807400,226300,PITCH,-0.02,-0.02,-0.05,0.0,0.0,0.0,0.0,0,1500,0,1,PID_ATTITUDE
138.672803,120-240_ROLL_MOTION,37014321476300,226400,PITCH,-0.01,-0.01,-0.04,0.0,0.0,0.0,0.0,0,1500,0,1,PID_ATTITUDE
138.726993,120-240_ROLL_MOTION,37014375665600,226500,PITCH,-0.02,-0.01,-0.04,0.0,0.0,0.0,0.0,0,1500,0,1,PID_ATTITUDE
138.876269,120-240_ROLL_MOTION,37014524941900,226600,PITCH,-0.02,-0.02,-0.05,0.0,0.0,0.0,0.0,0,1500,0,1,PID_ATTITUDE
138.984784,120-240_ROLL_MOTION,37014633457400,226700,PITCH,-0.02,-0.02,-0.05,0.0,0.0,0.0,0.0,0,1500,0,1,PID_ATTITUDE
139.078601,120-240_ROLL_MOTION,37014727273800,226800,PITCH,-0.02,-0.01,-0.04,0.0,0.0,0.0,0.0,0,1500,0,1,PID_ATTITUDE
139.173168,120-240_ROLL_MOTION,37014821840900,226900,PITCH,-0.02,-0.01,-0.04,0.0,0.0,0.0,0.0,0,1500,0,1,PID_ATTITUDE
139.280822,120-240_ROLL_MOTION,37014929495000,227000,PITCH,-0.02,0.0,-0.03,0.0,0.0,0.0,0.0,0,1500,0,1,PID_ATTITUDE
139.374032,120-240_ROLL_MOTION,37015022705200,227100,PITCH,-0.01,0.0,-0.03,0.0,0.0,0.0,0.0,0,1500,0,1,PID_ATTITUDE
139.481951,120-240_ROLL_MOTION,37015130623400,227200,PITCH,0.0,0.0,-0.03,0.0,0.0,0.0,0.0,0,1500,0,1,PID_ATTITUDE
139.575117,120-240_ROLL_MOTION,37015223790100,227300,PITCH,0.01,0.0,-0.03,0.0,0.0,0.0,0.0,0,1500,0,1,PID_ATTITUDE
139.683693,120-240_ROLL_MOTION,37015332366300,227400,PITCH,0.01,-0.01,-0.04,0.0,0.0,0.0,0.0,0,1500,0,1,PID_ATTITUDE
139.726890,120-240_ROLL_MOTION,37015375562700,227500,PITCH,0.01,0.0,-0.03,0.0,0.0,0.0,0.0,0,1500,0,1,PID_ATTITUDE
139.887433,120-240_ROLL_MOTION,37015536105700,227600,PITCH,0.01,0.0,-0.03,0.0,0.0,0.0,0.0,0,1500,0,1,PID_ATTITUDE
139.979051,120-240_ROLL_MOTION,37015627724400,227700,PITCH,0.01,-0.01,-0.04,0.0,0.0,0.0,0.0,0,1500,0,1,PID_ATTITUDE
140.085493,120-240_ROLL_MOTION,37015734165900,227800,PITCH,0.0,-0.01,-0.04,0.0,0.0,0.0,0.0,0,1500,0,1,PID_ATTITUDE
140.178275,120-240_ROLL_MOTION,37015826947600,227900,PITCH,0.01,-0.02,-0.05,0.0,0.0,0.0,0.0,0,1500,0,1,PID_ATTITUDE
140.287778,120-240_ROLL_MOTION,37015936450500,228000,PITCH,0.01,-0.01,-0.04,0.0,0.0,0.0,0.0,0,1500,0,1,PID_ATTITUDE
140.382264,120-240_ROLL_MOTION,37016030936500,228100,PITCH,0.01,0.0,-0.03,0.0,0.0,0.0,0.0,0,1500,0,1,PID_ATTITUDE
140.475768,120-240_ROLL_MOTION,37016124440800,228200,PITCH,0.01,0.0,-0.03,0.0,0.0,0.0,0.0,0,1500,0,1,PID_ATTITUDE
140.584119,120-240_ROLL_MOTION,37016232792000,228300,PITCH,0.01,0.0,-0.03,0.0,0.0,0.0,0.0,0,1500,0,1,PID_ATTITUDE
140.678470,120-240_ROLL_MOTION,37016327143100,228400,PITCH,0.01,0.0,-0.03,0.0,0.0,0.0,0.0,0,1500,0,1,PID_ATTITUDE
140.726776,120-240_ROLL_MOTION,37016375449400,228500,PITCH,0.01,0.01,-0.02,0.0,0.0,0.0,0.0,0,1500,0,1,PID_ATTITUDE
140.880742,120-240_ROLL_MOTION,37016529415100,228600,PITCH,0.02,0.01,-0.02,0.0,0.0,0.0,0.0,0,1500,0,1,PID_ATTITUDE
140.975093,120-240_ROLL_MOTION,37016623765900,228700,PITCH,0.02,0.01,-0.02,0.0,0.0,0.0,0.0,0,1500,0,1,PID_ATTITUDE
141.083970,120-240_ROLL_MOTION,37016732643200,228800,PITCH,0.02,0.01,-0.02,0.0,0.0,0.0,0.0,0,1500,0,1,PID_ATTITUDE
141.178176,120-240_ROLL_MOTION,37016826848900,228900,PITCH,0.02,0.0,-0.03,0.0,0.0,0.0,0.0,0,1500,0,1,PID_ATTITUDE
141.271832,120-240_ROLL_MOTION,37016920504900,229000,PITCH,0.01,0.0,-0.03,0.0,0.0,0.0,0.0,0,1500,0,1,PID_ATTITUDE
141.379702,120-240_ROLL_MOTION,37017028375200,229100,PITCH,0.0,-0.01,-0.04,0.0,0.0,0.0,0.0,0,1500,0,1,PID_ATTITUDE
141.473139,120-240_ROLL_MOTION,37017121811700,229200,PITCH,-0.01,-0.01,-0.04,0.0,0.0,0.0,0.0,0,1500,0,1,PID_ATTITUDE
141.582673,120-240_ROLL_MOTION,37017231345400,229300,PITCH,-0.01,-0.01,-0.04,0.0,0.0,0.0,0.0,0,1500,0,1,PID_ATTITUDE
141.675478,120-240_ROLL_MOTION,37017324150500,229400,PITCH,0.0,-0.01,-0.04,0.0,0.0,0.0,0.0,0,1500,0,1,PID_ATTITUDE
141.726709,120-240_ROLL_MOTION,37017375382300,229500,PITCH,0.01,-0.01,-0.04,0.0,0.0,0.0,0.0,0,1500,0,1,PID_ATTITUDE
141.877195,120-240_ROLL_MOTION,37017525868100,229600,PITCH,0.02,-0.01,-0.04,0.0,0.0,0.0,0.0,0,1500,0,1,PID_ATTITUDE
141.985905,120-240_ROLL_MOTION,37017634578200,229700,PITCH,0.01,-0.01,-0.04,0.0,0.0,0.0,0.0,0,1500,0,1,PID_ATTITUDE
142.078774,120-240_ROLL_MOTION,37017727446800,229800,PITCH,0.01,-0.01,-0.04,0.0,0.0,0.0,0.0,0,1500,0,1,PID_ATTITUDE
142.171999,120-240_ROLL_MOTION,37017820672200,229900,PITCH,0.01,-0.01,-0.05,0.0,0.0,0.0,0.0,0,1500,0,1,PID_ATTITUDE
142.282136,120-240_ROLL_MOTION,37017930809000,230000,PITCH,-0.01,-0.01,-0.04,0.0,0.0,0.0,0.0,0,1500,0,1,PID_ATTITUDE
142.374894,120-240_ROLL_MOTION,37018023567000,230100,PITCH,-0.01,-0.01,-0.04,0.0,0.0,0.0,0.0,0,1500,0,1,PID_ATTITUDE
142.482934,120-240_ROLL_MOTION,37018131607100,230200,PITCH,0.0,-0.01,-0.04,0.0,0.0,0.0,0.0,0,1500,0,1,PID_ATTITUDE
142.576385,120-240_ROLL_MOTION,37018225057600,230300,PITCH,0.0,-0.01,-0.04,0.0,0.0,0.0,0.0,0,1500,0,1,PID_ATTITUDE
142.685594,120-240_ROLL_MOTION,37018334266900,230400,PITCH,-0.01,-0.01,-0.04,0.0,0.0,0.0,0.0,0,1500,0,1,PID_ATTITUDE
142.726387,120-240_ROLL_MOTION,37018375059900,230500,PITCH,0.0,-0.02,-0.05,0.0,0.0,0.0,0.0,0,1500,0,1,PID_ATTITUDE
142.886823,120-240_ROLL_MOTION,37018535496400,230600,PITCH,0.01,-0.03,-0.06,0.0,0.0,0.0,0.0,0,1500,0,1,PID_ATTITUDE
142.982245,120-240_ROLL_MOTION,37018630917700,230700,PITCH,0.01,-0.03,-0.05,0.0,0.0,0.0,0.0,0,1500,0,1,PID_ATTITUDE
143.075590,120-240_ROLL_MOTION,37018724263300,230800,PITCH,-0.01,-0.02,-0.05,0.0,0.0,0.0,0.0,0,1500,0,1,PID_ATTITUDE
143.183987,120-240_ROLL_MOTION,37018832659800,230900,PITCH,-0.01,-0.01,-0.04,0.0,0.0,0.0,0.0,0,1500,0,1,PID_ATTITUDE
143.278499,120-240_ROLL_MOTION,37018927172300,231000,PITCH,0.0,-0.01,-0.04,0.0,0.0,0.0,0.0,0,1500,0,1,PID_ATTITUDE
143.372406,120-240_ROLL_MOTION,37019021079200,231100,PITCH,0.0,-0.01,-0.04,0.0,0.0,0.0,0.0,0,1500,0,1,PID_ATTITUDE
143.480649,120-240_ROLL_MOTION,37019129321400,231200,PITCH,-0.01,-0.01,-0.04,0.0,0.0,0.0,0.0,0,1500,0,1,PID_ATTITUDE
143.573441,120-240_ROLL_MOTION,37019222114300,231300,PITCH,-0.01,-0.01,-0.04,0.0,0.0,0.0,0.0,0,1500,0,1,PID_ATTITUDE
143.684136,120-240_ROLL_MOTION,37019332809400,231400,PITCH,-0.01,-0.01,-0.04,0.0,0.0,0.0,0.0,0,1500,0,1,PID_ATTITUDE
143.726272,120-240_ROLL_MOTION,37019374944700,231500,PITCH,0.0,-0.01,-0.04,0.0,0.0,0.0,0.0,0,1500,0,1,PID_ATTITUDE
143.885052,120-240_ROLL_MOTION,37019533724600,231600,PITCH,0.0,-0.01,-0.04,0.0,0.0,0.0,0.0,0,1500,0,1,PID_ATTITUDE
143.978206,120-240_ROLL_MOTION,37019626879300,231700,PITCH,0.01,-0.01,-0.04,0.0,0.0,0.0,0.0,0,1500,0,1,PID_ATTITUDE
144.087408,120-240_ROLL_MOTION,37019736081200,231800,PITCH,0.01,-0.01,-0.04,0.0,0.0,0.0,0.0,0,1500,0,1,PID_ATTITUDE
144.180213,120-240_ROLL_MOTION,37019828885600,231900,PITCH,0.0,0.0,-0.03,0.0,0.0,0.0,0.0,0,1500,0,1,PID_ATTITUDE
144.273415,120-240_ROLL_MOTION,37019922087400,232000,PITCH,-0.01,-0.01,-0.04,0.0,0.0,0.0,0.0,0,1500,0,1,PID_ATTITUDE
144.382637,120-240_ROLL_MOTION,37020031309800,232100,PITCH,-0.02,0.0,-0.03,0.0,0.0,0.0,0.0,0,1500,0,1,PID_ATTITUDE
144.476082,120-240_ROLL_MOTION,37020124754900,232200,PITCH,-0.02,-0.01,-0.04,0.0,0.0,0.0,0.0,0,1500,0,1,PID_ATTITUDE
144.583930,120-240_ROLL_MOTION,37020232602800,232300,PITCH,-0.02,0.0,-0.03,0.0,0.0,0.0,0.0,0,1500,0,1,PID_ATTITUDE
144.677666,120-240_ROLL_MOTION,37020326338600,232400,PITCH,-0.01,-0.01,-0.04,0.0,0.0,0.0,0.0,0,1500,0,1,PID_ATTITUDE
144.726055,120-240_ROLL_MOTION,37020374727600,232500,PITCH,-0.01,0.0,-0.03,0.0,0.0,0.0,0.0,0,1500,0,1,PID_ATTITUDE
144.880289,120-240_ROLL_MOTION,37020528961900,232600,PITCH,-0.01,0.01,-0.02,0.0,0.0,0.0,0.0,0,1500,0,1,PID_ATTITUDE
144.974115,120-240_ROLL_MOTION,37020622788300,232700,PITCH,-0.01,0.01,-0.02,0.0,0.0,0.0,0.0,0,1500,0,1,PID_ATTITUDE
145.081592,120-240_ROLL_MOTION,37020730264800,232800,PITCH,-0.01,0.01,-0.02,0.0,0.0,0.0,0.0,0,1500,0,1,PID_ATTITUDE
145.175294,120-240_ROLL_MOTION,37020823966400,232900,PITCH,-0.01,0.0,-0.03,0.0,0.0,0.0,0.0,0,1500,0,1,PID_ATTITUDE
145.282864,120-240_ROLL_MOTION,37020931536800,233000,PITCH,-0.01,0.0,-0.03,0.0,0.0,0.0,0.0,0,1500,0,1,PID_ATTITUDE
145.376578,120-240_ROLL_MOTION,37021025251300,233100,PITCH,-0.01,0.0,-0.03,0.0,0.0,0.0,0.0,0,1500,0,1,PID_ATTITUDE
145.485998,120-240_ROLL_MOTION,37021134670700,233200,PITCH,-0.01,0.0,-0.03,0.0,0.0,0.0,0.0,0,1500,0,1,PID_ATTITUDE
145.579078,120-240_ROLL_MOTION,37021227751200,233300,PITCH,-0.01,0.0,-0.03,0.0,0.0,0.0,0.0,0,1500,0,1,PID_ATTITUDE
145.673468,120-240_ROLL_MOTION,37021322141000,233400,PITCH,0.0,0.01,-0.02,0.0,0.0,0.0,0.0,0,1500,0,1,PID_ATTITUDE
145.726007,120-240_ROLL_MOTION,37021374679700,233500,PITCH,-0.01,0.01,-0.02,0.0,0.0,0.0,0.0,0,1500,0,1,PID_ATTITUDE
145.875564,120-240_ROLL_MOTION,37021524236900,233600,PITCH,-0.01,0.02,-0.01,0.0,0.0,0.0,0.0,0,1500,0,1,PID_ATTITUDE
145.983270,120-240_ROLL_MOTION,37021631942900,233700,PITCH,-0.01,0.01,-0.02,0.0,0.0,0.0,0.0,0,1500,0,1,PID_ATTITUDE
146.076668,120-240_ROLL_MOTION,37021725341000,233800,PITCH,-0.02,0.01,-0.02,0.0,0.0,0.0,0.0,0,1500,0,1,PID_ATTITUDE
146.185985,120-240_ROLL_MOTION,37021834657900,233900,PITCH,-0.02,0.0,-0.03,0.0,0.0,0.0,0.0,0,1500,0,1,PID_ATTITUDE
146.281169,120-240_ROLL_MOTION,37021929842100,234000,PITCH,-0.02,0.0,-0.03,0.0,0.0,0.0,0.0,0,1500,0,1,PID_ATTITUDE
146.374418,120-240_ROLL_MOTION,37022023090700,234100,PITCH,-0.02,0.0,-0.03,0.0,0.0,0.0,0.0,0,1500,0,1,PID_ATTITUDE
146.483594,120-240_ROLL_MOTION,37022132266500,234200,PITCH,-0.01,0.01,-0.02,0.0,0.0,0.0,0.0,0,1500,0,1,PID_ATTITUDE
146.576837,120-240_ROLL_MOTION,37022225510000,234300,PITCH,-0.01,0.01,-0.02,0.0,0.0,0.0,0.0,0,1500,0,1,PID_ATTITUDE
146.685375,120-240_ROLL_MOTION,37022334047900,234400,PITCH,-0.01,0.02,-0.01,0.0,0.0,0.0,0.0,0,1500,0,1,PID_ATTITUDE
146.725965,120-240_ROLL_MOTION,37022374637400,234500,PITCH,-0.01,0.02,-0.01,0.0,0.0,0.0,0.0,0,1500,0,1,PID_ATTITUDE
146.872608,120-240_ROLL_MOTION,37022521281100,234600,PITCH,0.0,0.03,0.0,0.0,0.0,0.0,0.0,0,1500,0,1,PID_ATTITUDE
146.981294,120-240_ROLL_MOTION,37022629966500,234700,PITCH,0.0,0.02,-0.01,0.0,0.0,0.0,0.0,0,1500,0,1,PID_ATTITUDE
147.074191,120-240_ROLL_MOTION,37022722864100,234800,PITCH,0.0,0.02,-0.02,0.0,0.0,0.0,0.0,0,1500,0,1,PID_ATTITUDE
147.181492,120-240_ROLL_MOTION,37022830165300,234900,PITCH,0.0,0.01,-0.02,0.0,0.0,0.0,0.0,0,1500,0,1,PID_ATTITUDE
147.274532,120-240_ROLL_MOTION,37022923205000,235000,PITCH,-0.01,0.02,-0.01,0.0,0.0,0.0,0.0,0,1500,0,1,PID_ATTITUDE
147.383866,120-240_ROLL_MOTION,37023032538700,235100,PITCH,-0.02,0.01,-0.01,0.0,0.0,0.0,0.0,0,1500,0,1,PID_ATTITUDE
147.477808,120-240_ROLL_MOTION,37023126481000,235200,PITCH,-0.02,0.0,-0.03,0.0,0.0,0.0,0.0,0,1500,0,1,PID_ATTITUDE
147.572244,120-240_ROLL_MOTION,37023220916900,235300,PITCH,-0.02,-0.01,-0.04,0.0,0.0,0.0,0.0,0,1500,0,1,PID_ATTITUDE
147.679807,120-240_ROLL_MOTION,37023328479500,235400,PITCH,0.0,-0.03,-0.06,0.0,0.0,0.0,0.0,0,1500,0,1,PID_ATTITUDE
147.725718,120-240_ROLL_MOTION,37023374390400,235500,PITCH,-0.01,-0.02,-0.05,0.0,0.0,0.0,0.0,0,1500,0,1,PID_ATTITUDE
147.882953,120-240_ROLL_MOTION,37023531626200,235600,PITCH,0.0,-0.02,-0.05,0.0,0.0,0.0,0.0,0,1500,0,1,PID_ATTITUDE
147.976519,120-240_ROLL_MOTION,37023625192000,235700,PITCH,0.0,-0.02,-0.05,0.0,0.0,0.0,0.0,0,1500,0,1,PID_ATTITUDE
148.084724,120-240_ROLL_MOTION,37023733396900,235800,PITCH,-0.01,-0.01,-0.04,0.0,0.0,0.0,0.0,0,1500,0,1,PID_ATTITUDE
148.176442,120-240_ROLL_MOTION,37023825115200,235900,PITCH,0.0,0.0,-0.03,0.0,0.0,0.0,0.0,0,1500,0,1,PID_ATTITUDE
148.284857,120-240_ROLL_MOTION,37023933529900,236000,PITCH,0.01,0.02,-0.01,0.0,0.0,0.0,0.0,0,1500,0,1,PID_ATTITUDE
148.375617,120-240_ROLL_MOTION,37024024289800,236100,PITCH,0.01,0.01,-0.02,0.0,0.0,0.0,0.0,0,1500,0,1,PID_ATTITUDE
148.484482,120-240_ROLL_MOTION,37024133154800,236200,PITCH,0.01,-0.01,-0.04,0.0,0.0,0.0,0.0,0,1500,0,1,PID_ATTITUDE
148.578546,120-240_ROLL_MOTION,37024227218500,236300,PITCH,0.01,-0.01,-0.04,0.0,0.0,0.0,0.0,0,1500,0,1,PID_ATTITUDE
148.672964,120-240_ROLL_MOTION,37024321637000,236400,PITCH,0.01,-0.01,-0.04,0.0,0.0,0.0,0.0,0,1500,0,1,PID_ATTITUDE
148.725318,120-240_ROLL_MOTION,37024373991300,236500,PITCH,0.0,-0.02,-0.05,0.0,0.0,0.0,0.0,0,1500,0,1,PID_ATTITUDE
148.874943,120-240_ROLL_MOTION,37024523615700,236600,PITCH,0.0,-0.02,-0.05,0.0,0.0,0.0,0.0,0,1500,0,1,PID_ATTITUDE
148.986039,120-240_ROLL_MOTION,37024634712200,236700,PITCH,-0.01,-0.01,-0.04,0.0,0.0,0.0,0.0,0,1500,0,1,PID_ATTITUDE
149.079651,120-240_ROLL_MOTION,37024728324100,236800,PITCH,-0.02,-0.01,-0.04,0.0,0.0,0.0,0.0,0,1500,0,1,PID_ATTITUDE
149.172360,120-240_ROLL_MOTION,37024821032600,236900,PITCH,-0.02,-0.02,-0.05,0.0,0.0,0.0,0.0,0,1500,0,1,PID_ATTITUDE
149.280682,120-240_ROLL_MOTION,37024929354700,237000,PITCH,-0.01,-0.01,-0.04,0.0,0.0,0.0,0.0,0,1500,0,1,PID_ATTITUDE
149.373442,120-240_ROLL_MOTION,37025022114700,237100,PITCH,-0.01,-0.01,-0.04,0.0,0.0,0.0,0.0,0,1500,0,1,PID_ATTITUDE
149.479872,120-240_ROLL_MOTION,37025128545400,237200,PITCH,-0.01,0.0,-0.03,0.0,0.0,0.0,0.0,0,1500,0,1,PID_ATTITUDE
149.573889,120-240_ROLL_MOTION,37025222561900,237300,PITCH,-0.01,0.01,-0.02,0.0,0.0,0.0,0.0,0,1500,0,1,PID_ATTITUDE
149.681781,120-240_ROLL_MOTION,37025330453900,237400,PITCH,-0.01,0.0,-0.03,0.0,0.0,0.0,0.0,0,1500,0,1,PID_ATTITUDE
149.725371,120-240_ROLL_MOTION,37025374044300,237500,PITCH,-0.01,0.0,-0.03,0.0,0.0,0.0,0.0,0,1500,0,1,PID_ATTITUDE
149.885573,120-240_ROLL_MOTION,37025534245600,237600,PITCH,-0.02,0.0,-0.03,0.0,0.0,0.0,0.0,0,1500,0,1,PID_ATTITUDE
149.977848,120-240_ROLL_MOTION,37025626520500,237700,PITCH,-0.02,0.0,-0.03,0.0,0.0,0.0,0.0,0,1500,0,1,PID_ATTITUDE
150.071237,120-240_ROLL_MOTION,37025719909800,237800,PITCH,-0.02,0.01,-0.02,0.0,0.0,0.0,0.0,0,1500,0,1,PID_ATTITUDE
150.179496,120-240_ROLL_MOTION,37025828169100,237900,PITCH,-0.02,0.0,-0.03,0.0,0.0,0.0,0.0,0,1500,0,1,PID_ATTITUDE
150.271769,120-240_ROLL_MOTION,37025920442200,238000,PITCH,-0.01,0.0,-0.03,0.0,0.0,0.0,0.0,0,1500,0,1,PID_ATTITUDE
150.379540,120-240_ROLL_MOTION,37026028212600,238100,PITCH,-0.01,0.0,-0.03,0.0,0.0,0.0,0.0,0,1500,0,1,PID_ATTITUDE
150.473309,120-240_ROLL_MOTION,37026121981700,238200,PITCH,0.0,-0.01,-0.04,0.0,0.0,0.0,0.0,0,1500,0,1,PID_ATTITUDE
150.581841,120-240_ROLL_MOTION,37026230514400,238300,PITCH,0.01,0.0,-0.03,0.0,0.0,0.0,0.0,0,1500,0,1,PID_ATTITUDE
150.675557,120-240_ROLL_MOTION,37026324230200,238400,PITCH,0.01,-0.01,-0.04,0.0,0.0,0.0,0.0,0,1500,0,1,PID_ATTITUDE
150.725059,120-240_ROLL_MOTION,37026373732200,238500,PITCH,0.01,-0.02,-0.05,0.0,0.0,0.0,0.0,0,1500,0,1,PID_ATTITUDE
150.877382,120-240_ROLL_MOTION,37026526055100,238600,PITCH,0.01,-0.04,-0.07,0.0,0.0,0.0,0.0,0,1500,0,1,PID_ATTITUDE
150.970742,120-240_ROLL_MOTION,37026619415200,238700,PITCH,0.01,-0.04,-0.07,0.0,0.0,0.0,0.0,0,1500,0,1,PID_ATTITUDE
151.078851,120-240_ROLL_MOTION,37026727524000,238800,PITCH,0.01,-0.03,-0.06,0.0,0.0,0.0,0.0,0,1500,0,1,PID_ATTITUDE
151.172295,120-240_ROLL_MOTION,37026820968400,238900,PITCH,-0.01,-0.02,-0.05,0.0,0.0,0.0,0.0,0,1500,0,1,PID_ATTITUDE
151.281405,120-240_ROLL_MOTION,37026930077600,239000,PITCH,-0.02,-0.02,-0.05,0.0,0.0,0.0,0.0,0,1500,0,1,PID_ATTITUDE
151.374745,120-240_ROLL_MOTION,37027023417900,239100,PITCH,-0.02,-0.02,-0.05,0.0,0.0,0.0,0.0,0,1500,0,1,PID_ATTITUDE
151.483775,120-240_ROLL_MOTION,37027132447600,239200,PITCH,-0.01,-0.01,-0.04,0.0,0.0,0.0,0.0,0,1500,0,1,PID_ATTITUDE
151.577498,120-240_ROLL_MOTION,37027226170900,239300,PITCH,0.0,-0.01,-0.04,0.0,0.0,0.0,0.0,0,1500,0,1,PID_ATTITUDE
151.670411,120-240_ROLL_MOTION,37027319084300,239400,PITCH,0.01,-0.01,-0.04,0.0,0.0,0.0,0.0,0,1500,0,1,PID_ATTITUDE
151.725041,120-240_ROLL_MOTION,37027373714000,239500,PITCH,0.02,-0.01,-0.04,0.0,0.0,0.0,0.0,0,1500,0,1,PID_ATTITUDE
151.873112,120-240_ROLL_MOTION,37027521784800,239600,PITCH,0.02,-0.01,-0.04,0.0,0.0,0.0,0.0,0,1500,0,1,PID_ATTITUDE
151.983170,120-240_ROLL_MOTION,37027631842400,239700,PITCH,0.01,-0.01,-0.03,0.0,0.0,0.0,0.0,0,1500,0,1,PID_ATTITUDE
152.077097,120-240_ROLL_MOTION,37027725770100,239800,PITCH,0.01,0.0,-0.03,0.0,0.0,0.0,0.0,0,1500,0,1,PID_ATTITUDE
152.171285,120-240_ROLL_MOTION,37027819957800,239900,PITCH,0.02,0.0,-0.03,0.0,0.0,0.0,0.0,0,1500,0,1,PID_ATTITUDE
152.280502,120-240_ROLL_MOTION,37027929174500,240000,PITCH,0.02,0.01,-0.02,0.0,0.0,0.0,0.0,0,1500,0,1,PID_ATTITUDE
152.372828,120-240_ROLL_MOTION,37028021501000,240100,PITCH,0.01,0.01,-0.02,0.0,0.0,0.0,0.0,0,1500,0,1,PID_ATTITUDE
152.482263,120-240_ROLL_MOTION,37028130935700,240200,PITCH,0.01,0.02,-0.01,0.0,0.0,0.0,0.0,0,1500,0,1,PID_ATTITUDE
152.576401,120-240_ROLL_MOTION,37028225073500,240300,PITCH,0.01,0.01,-0.02,0.0,0.0,0.0,0.0,0,1500,0,1,PID_ATTITUDE
152.685644,120-240_ROLL_MOTION,37028334316500,240400,PITCH,0.0,0.0,-0.03,0.0,0.0,0.0,0.0,0,1500,0,1,PID_ATTITUDE
152.724887,120-240_ROLL_MOTION,37028373559700,240500,PITCH,0.0,-0.01,-0.04,0.0,0.0,0.0,0.0,0,1500,0,1,PID_ATTITUDE
152.872031,120-240_ROLL_MOTION,37028520704400,240600,PITCH,-0.01,-0.02,-0.05,0.0,0.0,0.0,0.0,0,1500,0,1,PID_ATTITUDE
152.981085,120-240_ROLL_MOTION,37028629757500,240700,PITCH,-0.01,-0.02,-0.05,0.0,0.0,0.0,0.0,0,1500,0,1,PID_ATTITUDE
153.074990,120-240_ROLL_MOTION,37028723662600,240800,PITCH,-0.01,0.0,-0.03,0.0,0.0,0.0,0.0,0,1500,0,1,PID_ATTITUDE
153.183385,120-240_ROLL_MOTION,37028832057700,240900,PITCH,-0.01,0.0,-0.03,0.0,0.0,0.0,0.0,0,1500,0,1,PID_ATTITUDE
153.277455,120-240_ROLL_MOTION,37028926127700,241000,PITCH,-0.01,0.0,-0.03,0.0,0.0,0.0,0.0,0,1500,0,1,PID_ATTITUDE
153.370938,120-240_ROLL_MOTION,37029019611300,241100,PITCH,-0.02,0.0,-0.03,0.0,0.0,0.0,0.0,0,1500,0,1,PID_ATTITUDE
153.479883,120-240_ROLL_MOTION,37029128556300,241200,PITCH,-0.01,0.0,-0.03,0.0,0.0,0.0,0.0,0,1500,0,1,PID_ATTITUDE
153.571602,120-240_ROLL_MOTION,37029220274900,241300,PITCH,-0.02,0.0,-0.03,0.0,0.0,0.0,0.0,0,1500,0,1,PID_ATTITUDE
153.681458,120-240_ROLL_MOTION,37029330130500,241400,PITCH,-0.01,0.01,-0.02,0.0,0.0,0.0,0.0,0,1500,0,1,PID_ATTITUDE
153.724830,120-240_ROLL_MOTION,37029373503300,241500,PITCH,-0.01,0.01,-0.02,0.0,0.0,0.0,0.0,0,1500,0,1,PID_ATTITUDE
153.882136,120-240_ROLL_MOTION,37029530809300,241600,PITCH,0.0,0.01,-0.02,0.0,0.0,0.0,0.0,0,1500,0,1,PID_ATTITUDE
153.975324,120-240_ROLL_MOTION,37029623996500,241700,PITCH,0.0,0.01,-0.02,0.0,0.0,0.0,0.0,0,1500,0,1,PID_ATTITUDE
154.084949,120-240_ROLL_MOTION,37029733622400,241800,PITCH,0.01,0.01,-0.02,0.0,0.0,0.0,0.0,0,1500,0,1,PID_ATTITUDE
154.178758,120-240_ROLL_MOTION,37029827431200,241900,PITCH,0.0,0.02,-0.01,0.0,0.0,0.0,0.0,0,1500,0,1,PID_ATTITUDE
154.272016,120-240_ROLL_MOTION,37029920688700,242000,PITCH,0.0,0.02,-0.01,0.0,0.0,0.0,0.0,0,1500,0,1,PID_ATTITUDE
154.380556,120-240_ROLL_MOTION,37030029228500,242100,PITCH,-0.01,0.02,-0.01,0.0,0.0,0.0,0.0,0,1500,0,1,PID_ATTITUDE
154.473942,120-240_ROLL_MOTION,37030122614600,242200,PITCH,-0.01,0.01,-0.02,0.0,0.0,0.0,0.0,0,1500,0,1,PID_ATTITUDE
154.583088,120-240_ROLL_MOTION,37030231760400,242300,PITCH,-0.02,0.0,-0.03,0.0,0.0,0.0,0.0,0,1500,0,1,PID_ATTITUDE
154.676741,120-240_ROLL_MOTION,37030325414300,242400,PITCH,-0.02,0.0,-0.03,0.0,0.0,0.0,0.0,0,1500,0,1,PID_ATTITUDE
154.724502,120-240_ROLL_MOTION,37030373175400,242500,PITCH,-0.01,0.0,-0.03,0.0,0.0,0.0,0.0,0,1500,0,1,PID_ATTITUDE
154.877522,120-240_ROLL_MOTION,37030526194800,242600,PITCH,-0.01,0.0,-0.03,0.0,0.0,0.0,0.0,0,1500,0,1,PID_ATTITUDE
154.971865,120-240_ROLL_MOTION,37030620538100,242700,PITCH,-0.01,0.01,-0.02,0.0,0.0,0.0,0.0,0,1500,0,1,PID_ATTITUDE
155.080475,120-240_ROLL_MOTION,37030729147400,242800,PITCH,-0.01,0.01,-0.02,0.0,0.0,0.0,0.0,0,1500,0,1,PID_ATTITUDE
155.174411,120-240_ROLL_MOTION,37030823083600,242900,PITCH,0.0,0.01,-0.02,0.0,0.0,0.0,0.0,0,1500,0,1,PID_ATTITUDE
155.284284,120-240_ROLL_MOTION,37030932956500,243000,PITCH,0.0,0.01,-0.02,0.0,0.0,0.0,0.0,0,1500,0,1,PID_ATTITUDE
155.377531,120-240_ROLL_MOTION,37031026203500,243100,PITCH,0.0,0.01,-0.02,0.0,0.0,0.0,0.0,0,1500,0,1,PID_ATTITUDE
155.485281,120-240_ROLL_MOTION,37031133953600,243200,PITCH,0.0,0.02,-0.01,0.0,0.0,0.0,0.0,0,1500,0,1,PID_ATTITUDE
155.578255,120-240_ROLL_MOTION,37031226928000,243300,PITCH,-0.01,0.02,-0.01,0.0,0.0,0.0,0.0,0,1500,0,1,PID_ATTITUDE
155.672412,120-240_ROLL_MOTION,37031321084900,243400,PITCH,-0.01,0.01,-0.03,0.0,0.0,0.0,0.0,0,1500,0,1,PID_ATTITUDE
155.724427,120-240_ROLL_MOTION,37031373099500,243500,PITCH,-0.01,-0.01,-0.04,0.0,0.0,0.0,0.0,0,1500,0,1,PID_ATTITUDE
155.874875,120-240_ROLL_MOTION,37031523547800,243600,PITCH,0.0,0.0,-0.03,0.0,0.0,0.0,0.0,0,1500,0,1,PID_ATTITUDE
155.984228,120-240_ROLL_MOTION,37031632900600,243700,PITCH,-0.01,0.01,-0.02,0.0,0.0,0.0,0.0,0,1500,0,1,PID_ATTITUDE
156.077668,120-240_ROLL_MOTION,37031726341400,243800,PITCH,-0.01,0.01,-0.02,0.0,0.0,0.0,0.0,0,1500,0,1,PID_ATTITUDE
156.172293,120-240_ROLL_MOTION,37031820966300,243900,PITCH,-0.02,0.0,-0.03,0.0,0.0,0.0,0.0,0,1500,0,1,PID_ATTITUDE
156.282083,120-240_ROLL_MOTION,37031930755900,244000,PITCH,-0.03,-0.01,-0.04,0.0,0.0,0.0,0.0,0,1500,0,1,PID_ATTITUDE
156.375429,120-240_ROLL_MOTION,37032024101700,244100,PITCH,-0.03,-0.01,-0.04,0.0,0.0,0.0,0.0,0,1500,0,1,PID_ATTITUDE
156.484675,120-240_ROLL_MOTION,37032133348000,244200,PITCH,-0.03,0.01,-0.02,0.0,0.0,0.0,0.0,0,1500,0,1,PID_ATTITUDE
156.577746,120-240_ROLL_MOTION,37032226418700,244300,PITCH,-0.03,0.01,-0.02,0.0,0.0,0.0,0.0,0,1500,0,1,PID_ATTITUDE
156.671544,120-240_ROLL_MOTION,37032320217000,244400,PITCH,-0.02,0.02,-0.01,0.0,0.0,0.0,0.0,0,1500,0,1,PID_ATTITUDE
156.724282,120-240_ROLL_MOTION,37032372955000,244500,PITCH,-0.02,0.02,-0.01,0.0,0.0,0.0,0.0,0,1500,0,1,PID_ATTITUDE
156.873815,120-240_ROLL_MOTION,37032522488000,244600,PITCH,-0.01,0.01,-0.02,0.0,0.0,0.0,0.0,0,1500,0,1,PID_ATTITUDE
156.982149,120-240_ROLL_MOTION,37032630821800,244700,PITCH,-0.01,0.01,-0.02,0.0,0.0,0.0,0.0,0,1500,0,1,PID_ATTITUDE
157.074373,120-240_ROLL_MOTION,37032723045600,244800,PITCH,-0.01,0.01,-0.02,0.0,0.0,0.0,0.0,0,1500,0,1,PID_ATTITUDE
157.182500,120-240_ROLL_MOTION,37032831173200,244900,PITCH,-0.01,0.01,-0.02,0.0,0.0,0.0,0.0,0,1500,0,1,PID_ATTITUDE
157.275976,120-240_ROLL_MOTION,37032924648900,245000,PITCH,-0.02,0.01,-0.03,0.0,0.0,0.0,0.0,0,1500,0,1,PID_ATTITUDE
157.370305,120-240_ROLL_MOTION,37033018977500,245100,PITCH,-0.01,0.0,-0.03,0.0,0.0,0.0,0.0,0,1500,0,1,PID_ATTITUDE
157.477681,120-240_ROLL_MOTION,37033126354300,245200,PITCH,-0.01,0.0,-0.03,0.0,0.0,0.0,0.0,0,1500,0,1,PID_ATTITUDE
157.570051,120-240_ROLL_MOTION,37033218723900,245300,PITCH,-0.01,0.0,-0.03,0.0,0.0,0.0,0.0,0,1500,0,1,PID_ATTITUDE
157.678654,120-240_ROLL_MOTION,37033327327100,245400,PITCH,-0.01,-0.01,-0.04,0.0,0.0,0.0,0.0,0,1500,0,1,PID_ATTITUDE
157.724131,120-240_ROLL_MOTION,37033372804300,245500,PITCH,-0.02,0.0,-0.03,0.0,0.0,0.0,0.0,0,1500,0,1,PID_ATTITUDE
157.882490,120-240_ROLL_MOTION,37033531162900,245600,PITCH,-0.04,-0.01,-0.04,0.0,0.0,0.0,0.0,0,1500,0,1,PID_ATTITUDE
157.976930,120-240_ROLL_MOTION,37033625602500,245700,PITCH,-0.03,0.0,-0.03,0.0,0.0,0.0,0.0,0,1500,0,1,PID_ATTITUDE
158.071816,120-240_ROLL_MOTION,37033720488800,245800,PITCH,-0.03,0.0,-0.02,0.0,0.0,0.0,0.0,0,1500,0,1,PID_ATTITUDE
158.180298,120-240_ROLL_MOTION,37033828971300,245900,PITCH,-0.03,0.02,-0.01,0.0,0.0,0.0,0.0,0,1500,0,1,PID_ATTITUDE
158.275572,120-240_ROLL_MOTION,37033924244700,246000,PITCH,-0.03,0.02,-0.01,0.0,0.0,0.0,0.0,0,1500,0,1,PID_ATTITUDE
158.384829,120-240_ROLL_MOTION,37034033501500,246100,PITCH,-0.02,0.01,-0.01,0.0,0.0,0.0,0.0,0,1500,0,1,PID_ATTITUDE
158.478607,120-240_ROLL_MOTION,37034127279500,246200,PITCH,-0.03,0.02,-0.01,0.0,0.0,0.0,0.0,0,1500,0,1,PID_ATTITUDE
158.572192,120-240_ROLL_MOTION,37034220865300,246300,PITCH,-0.04,0.03,0.0,0.0,0.0,0.0,0.0,0,1500,0,1,PID_ATTITUDE
158.680005,120-240_ROLL_MOTION,37034328678400,246400,PITCH,-0.04,0.02,-0.01,0.0,0.0,0.0,0.0,0,1500,0,1,PID_ATTITUDE
158.724034,120-240_ROLL_MOTION,37034372706700,246500,PITCH,-0.04,0.01,-0.02,0.0,0.0,0.0,0.0,0,1500,0,1,PID_ATTITUDE
158.883392,120-240_ROLL_MOTION,37034532064500,246600,PITCH,-0.04,0.01,-0.02,0.0,0.0,0.0,0.0,0,1500,0,1,PID_ATTITUDE
158.976919,120-240_ROLL_MOTION,37034625591800,246700,PITCH,-0.04,0.0,-0.03,0.0,0.0,0.0,0.0,0,1500,0,1,PID_ATTITUDE
159.083739,120-240_ROLL_MOTION,37034732412100,246800,PITCH,-0.04,0.0,-0.03,0.0,0.0,0.0,0.0,0,1500,0,1,PID_ATTITUDE
159.176868,120-240_ROLL_MOTION,37034825541000,246900,PITCH,-0.03,-0.01,-0.04,0.0,0.0,0.0,0.0,0,1500,0,1,PID_ATTITUDE
159.284632,120-240_ROLL_MOTION,37034933304800,247000,PITCH,-0.03,-0.02,-0.05,0.0,0.0,0.0,0.0,0,1500,0,1,PID_ATTITUDE
159.377799,120-240_ROLL_MOTION,37035026472100,247100,PITCH,-0.04,-0.02,-0.05,0.0,0.0,0.0,0.0,0,1500,0,1,PID_ATTITUDE
159.471770,120-240_ROLL_MOTION,37035120443000,247200,PITCH,-0.04,-0.02,-0.05,0.0,0.0,0.0,0.0,0,1500,0,1,PID_ATTITUDE
159.580404,120-240_ROLL_MOTION,37035229076500,247300,PITCH,-0.05,-0.01,-0.03,0.0,0.0,0.0,0.0,0,1500,0,1,PID_ATTITUDE
159.673591,120-240_ROLL_MOTION,37035322264400,247400,PITCH,-0.05,0.01,-0.02,0.0,0.0,0.0,0.0,0,1500,0,1,PID_ATTITUDE
159.723684,120-240_ROLL_MOTION,37035372357200,247500,PITCH,-0.04,0.0,-0.03,0.0,0.0,0.0,0.0,0,1500,0,1,PID_ATTITUDE
159.877050,120-240_ROLL_MOTION,37035525723300,247600,PITCH,-0.04,0.0,-0.03,0.0,0.0,0.0,0.0,0,1500,0,1,PID_ATTITUDE
159.970527,120-240_ROLL_MOTION,37035619199400,247700,PITCH,-0.05,0.0,-0.03,0.0,0.0,0.0,0.0,0,1500,0,1,PID_ATTITUDE
160.079157,120-240_ROLL_MOTION,37035727829600,247800,PITCH,-0.05,-0.01,-0.04,0.0,0.0,0.0,0.0,0,1500,0,1,PID_ATTITUDE
160.171963,120-240_ROLL_MOTION,37035820635800,247900,PITCH,-0.05,0.0,-0.03,0.0,0.0,0.0,0.0,0,1500,0,1,PID_ATTITUDE
160.281202,120-240_ROLL_MOTION,37035929875300,248000,PITCH,-0.05,-0.01,-0.04,0.0,0.0,0.0,0.0,0,1500,0,1,PID_ATTITUDE
160.373797,120-240_ROLL_MOTION,37036022470100,248100,PITCH,-0.05,-0.02,-0.05,0.0,0.0,0.0,0.0,0,1500,0,1,PID_ATTITUDE
160.483239,120-240_ROLL_MOTION,37036131911800,248200,PITCH,-0.04,-0.03,-0.06,0.0,0.0,0.0,0.0,0,1500,0,1,PID_ATTITUDE
160.575333,120-240_ROLL_MOTION,37036224005500,248300,PITCH,-0.04,-0.03,-0.06,0.0,0.0,0.0,0.0,0,1500,0,1,PID_ATTITUDE
160.683756,120-240_ROLL_MOTION,37036332428900,248400,PITCH,-0.03,-0.02,-0.05,0.0,0.0,0.0,0.0,0,1500,0,1,PID_ATTITUDE
160.723518,120-240_ROLL_MOTION,37036372190600,248500,PITCH,-0.02,-0.02,-0.05,0.0,0.0,0.0,0.0,0,1500,0,1,PID_ATTITUDE
160.869398,120-240_ROLL_MOTION,37036518071000,248600,PITCH,-0.02,-0.01,-0.05,0.0,0.0,0.0,0.0,0,1500,0,1,PID_ATTITUDE
160.978508,120-240_ROLL_MOTION,37036627180900,248700,PITCH,-0.02,-0.02,-0.05,0.0,0.0,0.0,0.0,0,1500,0,1,PID_ATTITUDE
161.071524,120-240_ROLL_MOTION,37036720197300,248800,PITCH,-0.03,-0.01,-0.04,0.0,0.0,0.0,0.0,0,1500,0,1,PID_ATTITUDE
161.180813,120-240_ROLL_MOTION,37036829485800,248900,PITCH,-0.03,-0.01,-0.04,0.0,0.0,0.0,0.0,0,1500,0,1,PID_ATTITUDE
161.273070,120-240_ROLL_MOTION,37036921743100,249000,PITCH,-0.02,-0.02,-0.05,0.0,0.0,0.0,0.0,0,1500,0,1,PID_ATTITUDE
161.380867,120-240_ROLL_MOTION,37037029540300,249100,PITCH,-0.02,-0.01,-0.04,0.0,0.0,0.0,0.0,0,1500,0,1,PID_ATTITUDE
161.474602,120-240_ROLL_MOTION,37037123274600,249200,PITCH,-0.02,-0.01,-0.04,0.0,0.0,0.0,0.0,0,1500,0,1,PID_ATTITUDE
161.582477,120-240_ROLL_MOTION,37037231150200,249300,PITCH,-0.01,0.0,-0.03,0.0,0.0,0.0,0.0,0,1500,0,1,PID_ATTITUDE
161.676159,120-240_ROLL_MOTION,37037324831500,249400,PITCH,-0.01,0.0,-0.03,0.0,0.0,0.0,0.0,0,1500,0,1,PID_ATTITUDE
161.723487,120-240_ROLL_MOTION,37037372160100,249500,PITCH,-0.01,-0.01,-0.04,0.0,0.0,0.0,0.0,0,1500,0,1,PID_ATTITUDE
161.879052,120-240_ROLL_MOTION,37037527725300,249600,PITCH,-0.01,-0.02,-0.06,0.0,0.0,0.0,0.0,0,1500,0,1,PID_ATTITUDE
161.972793,120-240_ROLL_MOTION,37037621466200,249700,PITCH,-0.01,-0.03,-0.06,0.0,0.0,0.0,0.0,0,1500,0,1,PID_ATTITUDE
162.081920,120-240_ROLL_MOTION,37037730593100,249800,PITCH,-0.01,-0.03,-0.07,0.0,0.0,0.0,0.0,0,1500,0,1,PID_ATTITUDE
162.174313,120-240_ROLL_MOTION,37037822985800,249900,PITCH,-0.01,-0.03,-0.06,0.0,0.0,0.0,0.0,0,1500,0,1,PID_ATTITUDE
162.283526,120-240_ROLL_MOTION,37037932199100,250000,PITCH,-0.02,-0.02,-0.05,0.0,0.0,0.0,0.0,0,1500,0,1,PID_ATTITUDE
162.376209,120-240_ROLL_MOTION,37038024882100,250100,PITCH,-0.03,-0.03,-0.06,0.0,0.0,0.0,0.0,0,1500,0,1,PID_ATTITUDE
162.468738,120-240_ROLL_MOTION,37038117410700,250200,PITCH,-0.04,-0.02,-0.05,0.0,0.0,0.0,0.0,0,1500,0,1,PID_ATTITUDE
162.578861,120-240_ROLL_MOTION,37038227533600,250300,PITCH,-0.04,-0.02,-0.05,0.0,0.0,0.0,0.0,0,1500,0,1,PID_ATTITUDE
162.671367,120-240_ROLL_MOTION,37038320039900,250400,PITCH,-0.04,-0.03,-0.06,0.0,0.0,0.0,0.0,0,1500,0,1,PID_ATTITUDE
162.723207,120-240_ROLL_MOTION,37038371879900,250500,PITCH,-0.04,-0.01,-0.04,0.0,0.0,0.0,0.0,0,1500,0,1,PID_ATTITUDE
162.874089,120-240_ROLL_MOTION,37038522761600,250600,PITCH,-0.03,-0.01,-0.04,0.0,0.0,0.0,0.0,0,1500,0,1,PID_ATTITUDE
162.983381,120-240_ROLL_MOTION,37038632054200,250700,PITCH,-0.03,-0.02,-0.04,0.0,0.0,0.0,0.0,0,1500,0,1,PID_ATTITUDE
163.077106,120-240_ROLL_MOTION,37038725779300,250800,PITCH,-0.03,-0.01,-0.04,0.0,0.0,0.0,0.0,0,1500,0,1,PID_ATTITUDE
163.170464,120-240_ROLL_MOTION,37038819136900,250900,PITCH,-0.02,-0.01,-0.04,0.0,0.0,0.0,0.0,0,1500,0,1,PID_ATTITUDE
163.279366,120-240_ROLL_MOTION,37038928038700,251000,PITCH,-0.02,0.0,-0.03,0.0,0.0,0.0,0.0,0,1500,0,1,PID_ATTITUDE
163.373885,120-240_ROLL_MOTION,37039022557700,251100,PITCH,-0.02,-0.01,-0.03,0.0,0.0,0.0,0.0,0,1500,0,1,PID_ATTITUDE
163.483809,120-240_ROLL_MOTION,37039132482300,251200,PITCH,-0.02,0.0,-0.02,0.0,0.0,0.0,0.0,0,1500,0,1,PID_ATTITUDE
163.577404,120-240_ROLL_MOTION,37039226076900,251300,PITCH,-0.02,0.02,-0.01,0.0,0.0,0.0,0.0,0,1500,0,1,PID_ATTITUDE
163.669639,120-240_ROLL_MOTION,37039318312400,251400,PITCH,-0.02,0.02,-0.01,0.0,0.0,0.0,0.0,0,1500,0,1,PID_ATTITUDE
163.723253,120-240_ROLL_MOTION,37039371926400,251500,PITCH,-0.02,0.02,-0.01,0.0,0.0,0.0,0.0,0,1500,0,1,PID_ATTITUDE
163.869636,120-240_ROLL_MOTION,37039518308900,251600,PITCH,-0.01,0.01,-0.01,0.0,0.0,0.0,0.0,0,1500,0,1,PID_ATTITUDE
163.977324,120-240_ROLL_MOTION,37039625997300,251700,PITCH,-0.01,0.02,-0.01,0.0,0.0,0.0,0.0,0,1500,0,1,PID_ATTITUDE
164.069902,120-240_ROLL_MOTION,37039718575100,251800,PITCH,-0.01,0.0,-0.03,0.0,0.0,0.0,0.0,0,1500,0,1,PID_ATTITUDE
164.178432,120-240_ROLL_MOTION,37039827104600,251900,PITCH,-0.01,-0.01,-0.04,0.0,0.0,0.0,0.0,0,1500,0,1,PID_ATTITUDE
164.271785,120-240_ROLL_MOTION,37039920457900,252000,PITCH,0.0,0.0,-0.03,0.0,0.0,0.0,0.0,0,1500,0,1,PID_ATTITUDE
164.379293,120-240_ROLL_MOTION,37040027965800,252100,PITCH,-0.01,0.01,-0.02,0.0,0.0,0.0,0.0,0,1500,0,1,PID_ATTITUDE
164.471421,120-240_ROLL_MOTION,37040120094300,252200,PITCH,-0.02,0.02,-0.01,0.0,0.0,0.0,0.0,0,1500,0,1,PID_ATTITUDE
164.580559,120-240_ROLL_MOTION,37040229231800,252300,PITCH,-0.02,0.02,-0.01,0.0,0.0,0.0,0.0,0,1500,0,1,PID_ATTITUDE
164.672233,120-240_ROLL_MOTION,37040320905700,252400,PITCH,-0.01,0.02,-0.02,0.0,0.0,0.0,0.0,0,1500,0,1,PID_ATTITUDE
164.722919,120-240_ROLL_MOTION,37040371592000,252500,PITCH,0.01,0.01,-0.02,0.0,0.0,0.0,0.0,0,1500,0,1,PID_ATTITUDE
164.874385,120-240_ROLL_MOTION,37040523057800,252600,PITCH,0.01,0.01,-0.02,0.0,0.0,0.0,0.0,0,1500,0,1,PID_ATTITUDE
164.982382,120-240_ROLL_MOTION,37040631054600,252700,PITCH,0.01,0.0,-0.03,0.0,0.0,0.0,0.0,0,1500,0,1,PID_ATTITUDE
165.075311,120-240_ROLL_MOTION,37040723983600,252800,PITCH,0.0,0.01,-0.02,0.0,0.0,0.0,0.0,0,1500,0,1,PID_ATTITUDE
165.183701,120-240_ROLL_MOTION,37040832373600,252900,PITCH,-0.01,0.01,-0.02,0.0,0.0,0.0,0.0,0,1500,0,1,PID_ATTITUDE
165.276398,120-240_ROLL_MOTION,37040925070900,253000,PITCH,-0.01,0.01,-0.02,0.0,0.0,0.0,0.0,0,1500,0,1,PID_ATTITUDE
165.369761,120-240_ROLL_MOTION,37041018434300,253100,PITCH,0.0,0.0,-0.03,0.0,0.0,0.0,0.0,0,1500,0,1,PID_ATTITUDE
165.479081,120-240_ROLL_MOTION,37041127753900,253200,PITCH,0.0,0.01,-0.02,0.0,0.0,0.0,0.0,0,1500,0,1,PID_ATTITUDE
165.573148,120-240_ROLL_MOTION,37041221820800,253300,PITCH,0.0,0.02,-0.01,0.0,0.0,0.0,0.0,0,1500,0,1,PID_ATTITUDE
165.681294,120-240_ROLL_MOTION,37041329966500,253400,PITCH,0.0,0.03,0.0,0.0,0.0,0.0,0.0,0,1500,0,1,PID_ATTITUDE
165.722989,120-240_ROLL_MOTION,37041371662100,253500,PITCH,-0.01,0.02,-0.01,0.0,0.0,0.0,0.0,0,1500,0,1,PID_ATTITUDE
165.869566,120-240_ROLL_MOTION,37041518239000,253600,PITCH,-0.01,0.01,-0.02,0.0,0.0,0.0,0.0,0,1500,0,1,PID_ATTITUDE
165.977395,120-240_ROLL_MOTION,37041626068100,253700,PITCH,-0.03,0.01,-0.02,0.0,0.0,0.0,0.0,0,1500,0,1,PID_ATTITUDE
166.071023,120-240_ROLL_MOTION,37041719695600,253800,PITCH,-0.03,0.01,-0.01,0.0,0.0,0.0,0.0,0,1500,0,1,PID_ATTITUDE
166.179818,120-240_ROLL_MOTION,37041828491200,253900,PITCH,-0.02,0.01,-0.02,0.0,0.0,0.0,0.0,0,1500,0,1,PID_ATTITUDE
166.273905,120-240_ROLL_MOTION,37041922578000,254000,PITCH,-0.02,0.0,-0.03,0.0,0.0,0.0,0.0,0,1500,0,1,PID_ATTITUDE
166.382856,120-240_ROLL_MOTION,37042031528500,254100,PITCH,-0.02,0.01,-0.02,0.0,0.0,0.0,0.0,0,1500,0,1,PID_ATTITUDE
166.476593,120-240_ROLL_MOTION,37042125266000,254200,PITCH,-0.02,0.0,-0.03,0.0,0.0,0.0,0.0,0,1500,0,1,PID_ATTITUDE
166.569851,120-240_ROLL_MOTION,37042218524300,254300,PITCH,0.0,0.01,-0.02,0.0,0.0,0.0,0.0,0,1500,0,1,PID_ATTITUDE
166.679020,120-240_ROLL_MOTION,37042327693300,254400,PITCH,0.0,0.01,-0.02,0.0,0.0,0.0,0.0,0,1500,0,1,PID_ATTITUDE
166.722638,120-240_ROLL_MOTION,37042371310600,254500,PITCH,0.0,0.01,-0.02,0.0,0.0,0.0,0.0,0,1500,0,1,PID_ATTITUDE
166.881129,120-240_ROLL_MOTION,37042529801500,254600,PITCH,-0.01,0.01,-0.02,0.0,0.0,0.0,0.0,0,1500,0,1,PID_ATTITUDE
166.976496,120-240_ROLL_MOTION,37042625168900,254700,PITCH,-0.01,0.0,-0.03,0.0,0.0,0.0,0.0,0,1500,0,1,PID_ATTITUDE
167.069724,120-240_ROLL_MOTION,37042718396700,254800,PITCH,0.0,0.0,-0.03,0.0,0.0,0.0,0.0,0,1500,0,1,PID_ATTITUDE
167.177534,120-240_ROLL_MOTION,37042826207000,254900,PITCH,0.0,0.0,-0.03,0.0,0.0,0.0,0.0,0,1500,0,1,PID_ATTITUDE
167.270581,120-240_ROLL_MOTION,37042919254300,255000,PITCH,-0.02,0.01,-0.02,0.0,0.0,0.0,0.0,0,1500,0,1,PID_ATTITUDE
167.379934,120-240_ROLL_MOTION,37043028606900,255100,PITCH,-0.02,0.01,-0.02,0.0,0.0,0.0,0.0,0,1500,0,1,PID_ATTITUDE
167.472026,120-240_ROLL_MOTION,37043120698900,255200,PITCH,-0.01,0.01,-0.02,0.0,0.0,0.0,0.0,0,1500,0,1,PID_ATTITUDE
167.581987,120-240_ROLL_MOTION,37043230660200,255300,PITCH,0.0,0.02,-0.01,0.0,0.0,0.0,0.0,0,1500,0,1,PID_ATTITUDE
167.674866,120-240_ROLL_MOTION,37043323538600,255400,PITCH,0.0,0.03,0.0,0.0,0.0,0.0,0.0,0,1500,0,1,PID_ATTITUDE
167.722511,120-240_ROLL_MOTION,37043371184400,255500,PITCH,-0.01,0.04,0.01,0.0,0.0,0.0,0.0,0,1500,0,1,PID_ATTITUDE
167.878070,120-240_ROLL_MOTION,37043526742600,255600,PITCH,0.0,0.04,0.01,0.0,0.0,0.0,0.0,0,1500,0,1,PID_ATTITUDE
167.972344,120-240_ROLL_MOTION,37043621016600,255700,PITCH,-0.01,0.04,0.01,0.0,0.0,0.0,0.0,0,1500,0,1,PID_ATTITUDE
168.082156,120-240_ROLL_MOTION,37043730829000,255800,PITCH,-0.02,0.04,0.02,0.0,0.0,0.0,0.0,0,1500,0,1,PID_ATTITUDE
168.175776,120-240_ROLL_MOTION,37043824448500,255900,PITCH,-0.02,0.05,0.02,0.0,0.0,0.0,0.0,0,1500,0,1,PID_ATTITUDE
168.268909,120-240_ROLL_MOTION,37043917581500,256000,PITCH,-0.03,0.04,0.01,0.0,0.0,0.0,0.0,0,1500,0,1,PID_ATTITUDE
168.379052,120-240_ROLL_MOTION,37044027725000,256100,PITCH,-0.03,0.02,-0.01,0.0,0.0,0.0,0.0,0,1500,0,1,PID_ATTITUDE
168.471143,120-240_ROLL_MOTION,37044119816000,256200,PITCH,-0.04,0.02,-0.01,0.0,0.0,0.0,0.0,0,1500,0,1,PID_ATTITUDE
168.578816,120-240_ROLL_MOTION,37044227488600,256300,PITCH,-0.03,0.03,0.0,0.0,0.0,0.0,0.0,0,1500,0,1,PID_ATTITUDE
168.672446,120-240_ROLL_MOTION,37044321118400,256400,PITCH,-0.04,0.02,-0.01,0.0,0.0,0.0,0.0,0,1500,0,1,PID_ATTITUDE
168.722345,120-240_ROLL_MOTION,37044371018400,256500,PITCH,-0.04,0.01,-0.02,0.0,0.0,0.0,0.0,0,1500,0,1,PID_ATTITUDE
168.877258,120-240_ROLL_MOTION,37044525930500,256600,PITCH,-0.03,0.01,-0.02,0.0,0.0,0.0,0.0,0,1500,0,1,PID_ATTITUDE
168.971553,120-240_ROLL_MOTION,37044620226100,256700,PITCH,-0.02,0.0,-0.03,0.0,0.0,0.0,0.0,0,1500,0,1,PID_ATTITUDE
169.080243,120-240_ROLL_MOTION,37044728915500,256800,PITCH,-0.01,0.01,-0.02,0.0,0.0,0.0,0.0,0,1500,0,1,PID_ATTITUDE
169.173704,120-240_ROLL_MOTION,37044822377000,256900,PITCH,-0.02,0.01,-0.01,0.0,0.0,0.0,0.0,0,1500,0,1,PID_ATTITUDE
169.267656,120-240_ROLL_MOTION,37044916329000,257000,PITCH,-0.03,0.02,-0.01,0.0,0.0,0.0,0.0,0,1500,0,1,PID_ATTITUDE
169.378326,120-240_ROLL_MOTION,37045026999100,257100,PITCH,-0.03,0.01,-0.02,0.0,0.0,0.0,0.0,0,1500,0,1,PID_ATTITUDE
169.471472,120-240_ROLL_MOTION,37045120145200,257200,PITCH,-0.02,0.0,-0.03,0.0,0.0,0.0,0.0,0,1500,0,1,PID_ATTITUDE
169.580294,120-240_ROLL_MOTION,37045228966400,257300,PITCH,0.0,0.0,-0.03,0.0,0.0,0.0,0.0,0,1500,0,1,PID_ATTITUDE
169.673286,120-240_ROLL_MOTION,37045321959100,257400,PITCH,0.0,-0.01,-0.04,0.0,0.0,0.0,0.0,0,1500,0,1,PID_ATTITUDE
169.721949,120-240_ROLL_MOTION,37045370622200,257500,PITCH,0.01,-0.01,-0.04,0.0,0.0,0.0,0.0,0,1500,0,1,PID_ATTITUDE
169.873802,120-240_ROLL_MOTION,37045522475000,257600,PITCH,0.0,-0.01,-0.04,0.0,0.0,0.0,0.0,0,1500,0,1,PID_ATTITUDE
169.981528,120-240_ROLL_MOTION,37045630200500,257700,PITCH,0.0,-0.02,-0.05,0.0,0.0,0.0,0.0,0,1500,0,1,PID_ATTITUDE
170.074674,120-240_ROLL_MOTION,37045723347100,257800,PITCH,-0.01,-0.03,-0.06,0.0,0.0,0.0,0.0,0,1500,0,1,PID_ATTITUDE
170.168057,120-240_ROLL_MOTION,37045816730300,257900,PITCH,-0.01,-0.03,-0.06,0.0,0.0,0.0,0.0,0,1500,0,1,PID_ATTITUDE
170.276544,120-240_ROLL_MOTION,37045925217100,258000,PITCH,-0.02,-0.03,-0.06,0.0,0.0,0.0,0.0,0,1500,0,1,PID_ATTITUDE
170.368946,120-240_ROLL_MOTION,37046017618600,258100,PITCH,-0.02,-0.02,-0.05,0.0,0.0,0.0,0.0,0,1500,0,1,PID_ATTITUDE
170.477740,120-240_ROLL_MOTION,37046126412600,258200,PITCH,-0.02,-0.01,-0.04,0.0,0.0,0.0,0.0,0,1500,0,1,PID_ATTITUDE
170.570750,120-240_ROLL_MOTION,37046219423200,258300,PITCH,-0.03,-0.02,-0.05,0.0,0.0,0.0,0.0,0,1500,0,1,PID_ATTITUDE
170.680090,120-240_ROLL_MOTION,37046328762800,258400,PITCH,-0.03,-0.02,-0.05,0.0,0.0,0.0,0.0,0,1500,0,1,PID_ATTITUDE
170.722170,120-240_ROLL_MOTION,37046370842800,258500,PITCH,-0.03,-0.02,-0.05,0.0,0.0,0.0,0.0,0,1500,0,1,PID_ATTITUDE
170.882220,120-240_ROLL_MOTION,37046530893400,258600,PITCH,-0.03,-0.01,-0.04,0.0,0.0,0.0,0.0,0,1500,0,1,PID_ATTITUDE
170.975232,120-240_ROLL_MOTION,37046623904500,258700,PITCH,-0.02,-0.01,-0.03,0.0,0.0,0.0,0.0,0,1500,0,1,PID_ATTITUDE
171.068412,120-240_ROLL_MOTION,37046717085100,258800,PITCH,-0.01,0.0,-0.03,0.0,0.0,0.0,0.0,0,1500,0,1,PID_ATTITUDE
171.177098,120-240_ROLL_MOTION,37046825770700,258900,PITCH,-0.01,-0.01,-0.04,0.0,0.0,0.0,0.0,0,1500,0,1,PID_ATTITUDE
171.270275,120-240_ROLL_MOTION,37046918947500,259000,PITCH,0.0,0.0,-0.03,0.0,0.0,0.0,0.0,0,1500,0,1,PID_ATTITUDE
171.378988,120-240_ROLL_MOTION,37047027660600,259100,PITCH,0.0,0.01,-0.02,0.0,0.0,0.0,0.0,0,1500,0,1,PID_ATTITUDE
171.471133,120-240_ROLL_MOTION,37047119805500,259200,PITCH,-0.01,0.01,-0.02,0.0,0.0,0.0,0.0,0,1500,0,1,PID_ATTITUDE
171.580691,120-240_ROLL_MOTION,37047229363400,259300,PITCH,-0.02,0.01,-0.02,0.0,0.0,0.0,0.0,0,1500,0,1,PID_ATTITUDE
171.674605,120-240_ROLL_MOTION,37047323277500,259400,PITCH,-0.02,0.01,-0.02,0.0,0.0,0.0,0.0,0,1500,0,1,PID_ATTITUDE
171.721883,120-240_ROLL_MOTION,37047370555600,259500,PITCH,-0.01,0.01,-0.02,0.0,0.0,0.0,0.0,0,1500,0,1,PID_ATTITUDE
171.878849,120-240_ROLL_MOTION,37047527521500,259600,PITCH,-0.01,0.0,-0.02,0.0,0.0,0.0,0.0,0,1500,0,1,PID_ATTITUDE
171.972711,120-240_ROLL_MOTION,37047621383600,259700,PITCH,-0.01,0.01,-0.02,0.0,0.0,0.0,0.0,0,1500,0,1,PID_ATTITUDE
172.081062,120-240_ROLL_MOTION,37047729735200,259800,PITCH,0.0,0.01,-0.02,0.0,0.0,0.0,0.0,0,1500,0,1,PID_ATTITUDE
172.174809,120-240_ROLL_MOTION,37047823481900,259900,PITCH,0.01,0.01,-0.02,0.0,0.0,0.0,0.0,0,1500,0,1,PID_ATTITUDE
172.268197,120-240_ROLL_MOTION,37047916870000,260000,PITCH,0.0,0.0,-0.03,0.0,0.0,0.0,0.0,0,1500,0,1,PID_ATTITUDE
172.377693,120-240_ROLL_MOTION,37048026365500,260100,PITCH,-0.01,0.0,-0.03,0.0,0.0,0.0,0.0,0,1500,0,1,PID_ATTITUDE
172.470374,120-240_ROLL_MOTION,37048119047000,260200,PITCH,0.0,0.0,-0.03,0.0,0.0,0.0,0.0,0,1500,0,1,PID_ATTITUDE
172.580254,120-240_ROLL_MOTION,37048228926700,260300,PITCH,-0.01,-0.01,-0.04,0.0,0.0,0.0,0.0,0,1500,0,1,PID_ATTITUDE
172.673301,120-240_ROLL_MOTION,37048321974300,260400,PITCH,-0.01,0.0,-0.03,0.0,0.0,0.0,0.0,0,1500,0,1,PID_ATTITUDE
172.721838,120-240_ROLL_MOTION,37048370511000,260500,PITCH,-0.01,0.0,-0.03,0.0,0.0,0.0,0.0,0,1500,0,1,PID_ATTITUDE
172.876641,120-240_ROLL_MOTION,37048525313700,260600,PITCH,-0.01,-0.02,-0.05,0.0,0.0,0.0,0.0,0,1500,0,1,PID_ATTITUDE
172.970720,120-240_ROLL_MOTION,37048619392500,260700,PITCH,-0.01,-0.02,-0.05,0.0,0.0,0.0,0.0,0,1500,0,1,PID_ATTITUDE
173.079772,120-240_ROLL_MOTION,37048728445200,260800,PITCH,-0.01,-0.01,-0.04,0.0,0.0,0.0,0.0,0,1500,0,1,PID_ATTITUDE
173.172810,120-240_ROLL_MOTION,37048821483100,260900,PITCH,-0.02,-0.01,-0.04,0.0,0.0,0.0,0.0,0,1500,0,1,PID_ATTITUDE
173.281422,120-240_ROLL_MOTION,37048930094600,261000,PITCH,-0.03,-0.01,-0.04,0.0,0.0,0.0,0.0,0,1500,0,1,PID_ATTITUDE
173.375469,120-240_ROLL_MOTION,37049024142000,261100,PITCH,-0.03,0.0,-0.03,0.0,0.0,0.0,0.0,0,1500,0,1,PID_ATTITUDE
173.469544,120-240_ROLL_MOTION,37049118216800,261200,PITCH,-0.03,0.01,-0.02,0.0,0.0,0.0,0.0,0,1500,0,1,PID_ATTITUDE
173.578873,120-240_ROLL_MOTION,37049227545900,261300,PITCH,-0.03,0.0,-0.03,0.0,0.0,0.0,0.0,0,1500,0,1,PID_ATTITUDE
173.672102,120-240_ROLL_MOTION,37049320775100,261400,PITCH,-0.02,0.0,-0.03,0.0,0.0,0.0,0.0,0,1500,0,1,PID_ATTITUDE
173.721509,120-240_ROLL_MOTION,37049370182200,261500,PITCH,-0.01,0.0,-0.03,0.0,0.0,0.0,0.0,0,1500,0,1,PID_ATTITUDE
173.875675,120-240_ROLL_MOTION,37049524348200,261600,PITCH,-0.02,-0.01,-0.04,0.0,0.0,0.0,0.0,0,1500,0,1,PID_ATTITUDE
173.968613,120-240_ROLL_MOTION,37049617285500,261700,PITCH,-0.03,-0.02,-0.05,0.0,0.0,0.0,0.0,0,1500,0,1,PID_ATTITUDE
174.076990,120-240_ROLL_MOTION,37049725663100,261800,PITCH,-0.03,-0.01,-0.04,0.0,0.0,0.0,0.0,0,1500,0,1,PID_ATTITUDE
174.171005,120-240_ROLL_MOTION,37049819677500,261900,PITCH,-0.02,-0.01,-0.03,0.0,0.0,0.0,0.0,0,1500,0,1,PID_ATTITUDE
174.279370,120-240_ROLL_MOTION,37049928043000,262000,PITCH,-0.02,-0.01,-0.04,0.0,0.0,0.0,0.0,0,1500,0,1,PID_ATTITUDE
174.372758,120-240_ROLL_MOTION,37050021431200,262100,PITCH,-0.02,0.0,-0.03,0.0,0.0,0.0,0.0,0,1500,0,1,PID_ATTITUDE
174.482334,120-240_ROLL_MOTION,37050131006900,262200,PITCH,-0.02,0.0,-0.03,0.0,0.0,0.0,0.0,0,1500,0,1,PID_ATTITUDE
174.575757,120-240_ROLL_MOTION,37050224430200,262300,PITCH,-0.02,0.0,-0.03,0.0,0.0,0.0,0.0,0,1500,0,1,PID_ATTITUDE
174.669043,120-240_ROLL_MOTION,37050317715800,262400,PITCH,-0.01,0.0,-0.03,0.0,0.0,0.0,0.0,0,1500,0,1,PID_ATTITUDE
174.721421,120-240_ROLL_MOTION,37050370093500,262500,PITCH,-0.02,-0.01,-0.04,0.0,0.0,0.0,0.0,0,1500,0,1,PID_ATTITUDE
174.870714,120-240_ROLL_MOTION,37050519387000,262600,PITCH,-0.01,0.0,-0.03,0.0,0.0,0.0,0.0,0,1500,0,1,PID_ATTITUDE
174.981490,120-240_ROLL_MOTION,37050630163100,262700,PITCH,0.01,0.0,-0.03,0.0,0.0,0.0,0.0,0,1500,0,1,PID_ATTITUDE
175.074772,120-240_ROLL_MOTION,37050723444700,262800,PITCH,0.01,-0.01,-0.04,0.0,0.0,0.0,0.0,0,1500,0,1,PID_ATTITUDE
175.166754,120-240_ROLL_MOTION,37050815426800,262900,PITCH,0.0,-0.01,-0.04,0.0,0.0,0.0,0.0,0,1500,0,1,PID_ATTITUDE
175.276427,120-240_ROLL_MOTION,37050925099900,263000,PITCH,0.0,-0.02,-0.05,0.0,0.0,0.0,0.0,0,1500,0,1,PID_ATTITUDE
175.369963,120-240_ROLL_MOTION,37051018635700,263100,PITCH,0.01,-0.02,-0.05,0.0,0.0,0.0,0.0,0,1500,0,1,PID_ATTITUDE
175.478051,120-240_ROLL_MOTION,37051126723700,263200,PITCH,0.01,-0.01,-0.04,0.0,0.0,0.0,0.0,0,1500,0,1,PID_ATTITUDE
175.571364,120-240_ROLL_MOTION,37051220037400,263300,PITCH,0.0,-0.01,-0.04,0.0,0.0,0.0,0.0,0,1500,0,1,PID_ATTITUDE
175.679870,120-240_ROLL_MOTION,37051328543200,263400,PITCH,-0.01,-0.01,-0.04,0.0,0.0,0.0,0.0,0,1500,0,1,PID_ATTITUDE
175.721270,120-240_ROLL_MOTION,37051369942800,263500,PITCH,-0.01,-0.01,-0.04,0.0,0.0,0.0,0.0,0,1500,0,1,PID_ATTITUDE
175.882267,120-240_ROLL_MOTION,37051530939900,263600,PITCH,-0.03,-0.01,-0.04,0.0,0.0,0.0,0.0,0,1500,0,1,PID_ATTITUDE
175.974976,120-240_ROLL_MOTION,37051623649100,263700,PITCH,-0.04,-0.02,-0.05,0.0,0.0,0.0,0.0,0,1500,0,1,PID_ATTITUDE
176.068972,120-240_ROLL_MOTION,37051717645200,263800,PITCH,-0.05,-0.01,-0.04,0.0,0.0,0.0,0.0,0,1500,0,1,PID_ATTITUDE
176.177520,120-240_ROLL_MOTION,37051826193300,263900,PITCH,-0.04,-0.01,-0.04,0.0,0.0,0.0,0.0,0,1500,0,1,PID_ATTITUDE
176.269735,120-240_ROLL_MOTION,37051918408200,264000,PITCH,-0.05,-0.01,-0.04,0.0,0.0,0.0,0.0,0,1500,0,1,PID_ATTITUDE
176.377465,120-240_ROLL_MOTION,37052026137400,264100,PITCH,-0.04,-0.01,-0.04,0.0,0.0,0.0,0.0,0,1500,0,1,PID_ATTITUDE
176.470322,120-240_ROLL_MOTION,37052118994400,264200,PITCH,-0.04,-0.01,-0.04,0.0,0.0,0.0,0.0,0,1500,0,1,PID_ATTITUDE
176.578783,120-240_ROLL_MOTION,37052227456000,264300,PITCH,-0.02,-0.01,-0.04,0.0,0.0,0.0,0.0,0,1500,0,1,PID_ATTITUDE
176.672220,120-240_ROLL_MOTION,37052320893200,264400,PITCH,-0.01,-0.02,-0.05,0.0,0.0,0.0,0.0,0,1500,0,1,PID_ATTITUDE
176.720979,120-240_ROLL_MOTION,37052369651600,264500,PITCH,-0.02,-0.02,-0.06,0.0,0.0,0.0,0.0,0,1500,0,1,PID_ATTITUDE
176.872063,120-240_ROLL_MOTION,37052520735600,264600,PITCH,-0.02,-0.04,-0.07,0.0,0.0,0.0,0.0,0,1500,0,1,PID_ATTITUDE
176.980199,120-240_ROLL_MOTION,37052628872100,264700,PITCH,-0.02,-0.04,-0.07,0.0,0.0,0.0,0.0,0,1500,0,1,PID_ATTITUDE
177.075342,120-240_ROLL_MOTION,37052724015000,264800,PITCH,-0.02,-0.03,-0.06,0.0,0.0,0.0,0.0,0,1500,0,1,PID_ATTITUDE
177.170191,120-240_ROLL_MOTION,37052818864300,264900,PITCH,-0.01,-0.02,-0.05,0.0,0.0,0.0,0.0,0,1500,0,1,PID_ATTITUDE
177.278331,120-240_ROLL_MOTION,37052927003700,265000,PITCH,0.0,-0.01,-0.04,0.0,0.0,0.0,0.0,0,1500,0,1,PID_ATTITUDE
177.370046,120-240_ROLL_MOTION,37053018719200,265100,PITCH,-0.01,-0.01,-0.04,0.0,0.0,0.0,0.0,0,1500,0,1,PID_ATTITUDE
177.477697,120-240_ROLL_MOTION,37053126369500,265200,PITCH,-0.01,0.0,-0.03,0.0,0.0,0.0,0.0,0,1500,0,1,PID_ATTITUDE
177.570197,120-240_ROLL_MOTION,37053218869900,265300,PITCH,-0.01,0.0,-0.03,0.0,0.0,0.0,0.0,0,1500,0,1,PID_ATTITUDE
177.679308,120-240_ROLL_MOTION,37053327981300,265400,PITCH,-0.01,0.0,-0.04,0.0,0.0,0.0,0.0,0,1500,0,1,PID_ATTITUDE
177.720967,120-240_ROLL_MOTION,37053369640300,265500,PITCH,-0.01,-0.01,-0.04,0.0,0.0,0.0,0.0,0,1500,0,1,PID_ATTITUDE
177.867019,120-240_ROLL_MOTION,37053515692100,265600,PITCH,-0.02,0.0,-0.03,0.0,0.0,0.0,0.0,0,1500,0,1,PID_ATTITUDE
177.976140,120-240_ROLL_MOTION,37053624812800,265700,PITCH,-0.02,-0.01,-0.04,0.0,0.0,0.0,0.0,0,1500,0,1,PID_ATTITUDE
178.069610,120-240_ROLL_MOTION,37053718283300,265800,PITCH,-0.02,-0.01,-0.04,0.0,0.0,0.0,0.0,0,1500,0,1,PID_ATTITUDE
178.179469,120-240_ROLL_MOTION,37053828142300,265900,PITCH,-0.02,-0.01,-0.04,0.0,0.0,0.0,0.0,0,1500,0,1,PID_ATTITUDE
178.272660,120-240_ROLL_MOTION,37053921332800,266000,PITCH,-0.02,0.0,-0.03,0.0,0.0,0.0,0.0,0,1500,0,1,PID_ATTITUDE
178.366190,120-240_ROLL_MOTION,37054014863200,266100,PITCH,-0.02,0.0,-0.03,0.0,0.0,0.0,0.0,0,1500,0,1,PID_ATTITUDE
178.475392,120-240_ROLL_MOTION,37054124065100,266200,PITCH,-0.01,-0.01,-0.04,0.0,0.0,0.0,0.0,0,1500,0,1,PID_ATTITUDE
178.568112,120-240_ROLL_MOTION,37054216784700,266300,PITCH,-0.01,-0.01,-0.05,0.0,0.0,0.0,0.0,0,1500,0,1,PID_ATTITUDE
178.677148,120-240_ROLL_MOTION,37054325820600,266400,PITCH,-0.01,-0.02,-0.05,0.0,0.0,0.0,0.0,0,1500,0,1,PID_ATTITUDE
178.720843,120-240_ROLL_MOTION,37054369516200,266500,PITCH,0.0,-0.02,-0.05,0.0,0.0,0.0,0.0,0,1500,0,1,PID_ATTITUDE
178.878935,120-240_ROLL_MOTION,37054527607400,266600,PITCH,0.0,-0.01,-0.04,0.0,0.0,0.0,0.0,0,1500,0,1,PID_ATTITUDE
178.972338,120-240_ROLL_MOTION,37054621011000,266700,PITCH,-0.01,-0.01,-0.04,0.0,0.0,0.0,0.0,0,1500,0,1,PID_ATTITUDE
179.066933,120-240_ROLL_MOTION,37054715606100,266800,PITCH,-0.02,-0.02,-0.05,0.0,0.0,0.0,0.0,0,1500,0,1,PID_ATTITUDE
179.176705,120-240_ROLL_MOTION,37054825377600,266900,PITCH,-0.02,-0.02,-0.06,0.0,0.0,0.0,0.0,0,1500,0,1,PID_ATTITUDE
179.269391,120-240_ROLL_MOTION,37054918064000,267000,PITCH,-0.01,-0.03,-0.06,0.0,0.0,0.0,0.0,0,1500,0,1,PID_ATTITUDE
179.378291,120-240_ROLL_MOTION,37055026963600,267100,PITCH,0.0,-0.03,-0.06,0.0,0.0,0.0,0.0,0,1500,0,1,PID_ATTITUDE
179.471790,120-240_ROLL_MOTION,37055120463300,267200,PITCH,0.02,-0.04,-0.06,0.0,0.0,0.0,0.0,0,1500,0,1,PID_ATTITUDE
179.580018,120-240_ROLL_MOTION,37055228691300,267300,PITCH,0.01,-0.03,-0.06,0.0,0.0,0.0,0.0,0,1500,0,1,PID_ATTITUDE
179.673496,120-240_ROLL_MOTION,37055322169400,267400,PITCH,0.01,-0.03,-0.06,0.0,0.0,0.0,0.0,0,1500,0,1,PID_ATTITUDE
179.720677,120-240_ROLL_MOTION,37055369349900,267500,PITCH,0.0,-0.03,-0.06,0.0,0.0,0.0,0.0,0,1500,0,1,PID_ATTITUDE
179.875402,120-240_ROLL_MOTION,37055524074800,267600,PITCH,0.0,-0.03,-0.06,0.0,0.0,0.0,0.0,0,1500,0,1,PID_ATTITUDE
179.969332,120-240_ROLL_MOTION,37055618004500,267700,PITCH,-0.01,-0.03,-0.06,0.0,0.0,0.0,0.0,0,1500,0,1,PID_ATTITUDE
180.077370,120-240_ROLL_MOTION,37055726042500,267800,PITCH,-0.01,-0.02,-0.05,0.0,0.0,0.0,0.0,0,1500,0,1,PID_ATTITUDE
180.170472,120-240_ROLL_MOTION,37055819145000,267900,PITCH,0.0,-0.03,-0.06,0.0,0.0,0.0,0.0,0,1500,0,1,PID_ATTITUDE
180.279910,120-240_ROLL_MOTION,37055928582700,268000,PITCH,0.01,-0.02,-0.05,0.0,0.0,0.0,0.0,0,1500,0,1,PID_ATTITUDE
180.373180,120-240_ROLL_MOTION,37056021852500,268100,PITCH,0.01,-0.01,-0.04,0.0,0.0,0.0,0.0,0,1500,0,1,PID_ATTITUDE
180.466214,120-240_ROLL_MOTION,37056114886500,268200,PITCH,0.01,-0.01,-0.04,0.0,0.0,0.0,0.0,0,1500,0,1,PID_ATTITUDE
180.574915,120-240_ROLL_MOTION,37056223587700,268300,PITCH,0.0,0.0,-0.03,0.0,0.0,0.0,0.0,0,1500,0,1,PID_ATTITUDE
180.668427,120-240_ROLL_MOTION,37056317099900,268400,PITCH,-0.01,-0.01,-0.04,0.0,0.0,0.0,0.0,0,1500,0,1,PID_ATTITUDE
180.720521,120-240_ROLL_MOTION,37056369194000,268500,PITCH,-0.01,-0.01,-0.04,0.0,0.0,0.0,0.0,0,1500,0,1,PID_ATTITUDE
180.870793,120-240_ROLL_MOTION,37056519466100,268600,PITCH,-0.02,-0.01,-0.04,0.0,0.0,0.0,0.0,0,1500,0,1,PID_ATTITUDE
180.980130,120-240_ROLL_MOTION,37056628802400,268700,PITCH,-0.04,0.0,-0.03,0.0,0.0,0.0,0.0,0,1500,0,1,PID_ATTITUDE
181.073393,120-240_ROLL_MOTION,37056722066300,268800,PITCH,-0.04,0.01,-0.02,0.0,0.0,0.0,0.0,0,1500,0,1,PID_ATTITUDE
181.168764,120-240_ROLL_MOTION,37056817436700,268900,PITCH,-0.03,0.01,-0.02,0.0,0.0,0.0,0.0,0,1500,0,1,PID_ATTITUDE
181.277792,120-240_ROLL_MOTION,37056926465000,269000,PITCH,-0.04,0.01,-0.02,0.0,0.0,0.0,0.0,0,1500,0,1,PID_ATTITUDE
181.369713,120-240_ROLL_MOTION,37057018385500,269100,PITCH,-0.06,0.01,-0.02,0.0,0.0,0.0,0.0,0,1500,0,1,PID_ATTITUDE
181.478835,120-240_ROLL_MOTION,37057127507600,269200,PITCH,-0.06,0.01,-0.02,0.0,0.0,0.0,0.0,0,1500,0,1,PID_ATTITUDE
181.573491,120-240_ROLL_MOTION,37057222163600,269300,PITCH,-0.06,0.02,-0.01,0.0,0.0,0.0,0.0,0,1500,0,1,PID_ATTITUDE
181.666926,120-240_ROLL_MOTION,37057315598500,269400,PITCH,-0.07,0.01,-0.03,0.0,0.0,0.0,0.0,0,1500,0,1,PID_ATTITUDE
181.720374,120-240_ROLL_MOTION,37057369047300,269500,PITCH,-0.06,0.0,-0.03,0.0,0.0,0.0,0.0,0,1500,0,1,PID_ATTITUDE
181.868756,120-240_ROLL_MOTION,37057517428600,269600,PITCH,-0.06,0.01,-0.01,0.0,0.0,0.0,0.0,0,1500,0,1,PID_ATTITUDE
181.977144,120-240_ROLL_MOTION,37057625816700,269700,PITCH,-0.06,0.01,-0.02,0.0,0.0,0.0,0.0,0,1500,0,1,PID_ATTITUDE
182.068600,120-240_ROLL_MOTION,37057717272700,269800,PITCH,-0.05,0.01,-0.02,0.0,0.0,0.0,0.0,0,1500,0,1,PID_ATTITUDE
182.176876,120-240_ROLL_MOTION,37057825548500,269900,PITCH,-0.04,0.0,-0.03,0.0,0.0,0.0,0.0,0,1500,0,1,PID_ATTITUDE
182.270340,120-240_ROLL_MOTION,37057919012700,270000,PITCH,-0.04,-0.01,-0.04,0.0,0.0,0.0,0.0,0,1500,0,1,PID_ATTITUDE
182.380827,120-240_ROLL_MOTION,37058029499800,270100,PITCH,-0.05,-0.01,-0.04,0.0,0.0,0.0,0.0,0,1500,0,1,PID_ATTITUDE
182.474984,120-240_ROLL_MOTION,37058123656500,270200,PITCH,-0.04,-0.02,-0.05,0.0,0.0,0.0,0.0,0,1500,0,1,PID_ATTITUDE
182.569174,120-240_ROLL_MOTION,37058217846500,270300,PITCH,-0.04,-0.01,-0.04,0.0,0.0,0.0,0.0,0,1500,0,1,PID_ATTITUDE
182.678948,120-240_ROLL_MOTION,37058327621200,270400,PITCH,-0.04,-0.01,-0.04,0.0,0.0,0.0,0.0,0,1500,0,1,PID_ATTITUDE
182.720418,120-240_ROLL_MOTION,37058369091000,270500,PITCH,-0.04,-0.01,-0.04,0.0,0.0,0.0,0.0,0,1500,0,1,PID_ATTITUDE
182.866751,120-240_ROLL_MOTION,37058515424300,270600,PITCH,-0.03,-0.02,-0.05,0.0,0.0,0.0,0.0,0,1500,0,1,PID_ATTITUDE
182.974827,120-240_ROLL_MOTION,37058623499800,270700,PITCH,-0.02,-0.02,-0.05,0.0,0.0,0.0,0.0,0,1500,0,1,PID_ATTITUDE
183.068964,120-240_ROLL_MOTION,37058717636900,270800,PITCH,-0.02,-0.02,-0.05,0.0,0.0,0.0,0.0,0,1500,0,1,PID_ATTITUDE
183.177760,120-240_ROLL_MOTION,37058826432500,270900,PITCH,-0.02,-0.01,-0.04,0.0,0.0,0.0,0.0,0,1500,0,1,PID_ATTITUDE
183.272172,120-240_ROLL_MOTION,37058920844500,271000,PITCH,-0.02,-0.01,-0.04,0.0,0.0,0.0,0.0,0,1500,0,1,PID_ATTITUDE
183.379880,120-240_ROLL_MOTION,37059028553100,271100,PITCH,-0.03,-0.02,-0.05,0.0,0.0,0.0,0.0,0,1500,0,1,PID_ATTITUDE
183.473918,120-240_ROLL_MOTION,37059122590600,271200,PITCH,-0.03,-0.01,-0.04,0.0,0.0,0.0,0.0,0,1500,0,1,PID_ATTITUDE
183.566170,120-240_ROLL_MOTION,37059214842400,271300,PITCH,-0.02,0.0,-0.03,0.0,0.0,0.0,0.0,0,1500,0,1,PID_ATTITUDE
183.674589,120-240_ROLL_MOTION,37059323261800,271400,PITCH,-0.03,0.01,-0.02,0.0,0.0,0.0,0.0,0,1500,0,1,PID_ATTITUDE
183.720116,120-240_ROLL_MOTION,37059368788800,271500,PITCH,-0.03,0.01,-0.03,0.0,0.0,0.0,0.0,0,1500,0,1,PID_ATTITUDE
183.877245,120-240_ROLL_MOTION,37059525918300,271600,PITCH,-0.03,0.0,-0.03,0.0,0.0,0.0,0.0,0,1500,0,1,PID_ATTITUDE
183.969350,120-240_ROLL_MOTION,37059618022900,271700,PITCH,-0.03,0.01,-0.02,0.0,0.0,0.0,0.0,0,1500,0,1,PID_ATTITUDE
184.076826,120-240_ROLL_MOTION,37059725498800,271800,PITCH,-0.03,0.01,-0.02,0.0,0.0,0.0,0.0,0,1500,0,1,PID_ATTITUDE
184.170291,120-240_ROLL_MOTION,37059818964000,271900,PITCH,-0.02,0.01,-0.02,0.0,0.0,0.0,0.0,0,1500,0,1,PID_ATTITUDE
184.278105,120-240_ROLL_MOTION,37059926777900,272000,PITCH,-0.04,0.01,-0.02,0.0,0.0,0.0,0.0,0,1500,0,1,PID_ATTITUDE
184.370927,120-240_ROLL_MOTION,37060019600300,272100,PITCH,-0.04,0.01,-0.01,0.0,0.0,0.0,0.0,0,1500,0,1,PID_ATTITUDE
184.480417,120-240_ROLL_MOTION,37060129090300,272200,PITCH,-0.03,0.02,-0.01,0.0,0.0,0.0,0.0,0,1500,0,1,PID_ATTITUDE
184.575039,120-240_ROLL_MOTION,37060223711800,272300,PITCH,-0.03,0.02,-0.01,0.0,0.0,0.0,0.0,0,1500,0,1,PID_ATTITUDE
184.670092,120-240_ROLL_MOTION,37060318765100,272400,PITCH,-0.03,0.03,0.0,0.0,0.0,0.0,0.0,0,1500,0,1,PID_ATTITUDE
184.719835,120-240_ROLL_MOTION,37060368507600,272500,PITCH,-0.03,0.02,-0.01,0.0,0.0,0.0,0.0,0,1500,0,1,PID_ATTITUDE
184.871759,120-240_ROLL_MOTION,37060520432200,272600,PITCH,-0.02,0.01,-0.02,0.0,0.0,0.0,0.0,0,1500,0,1,PID_ATTITUDE
184.979744,120-240_ROLL_MOTION,37060628417300,272700,PITCH,-0.02,0.0,-0.03,0.0,0.0,0.0,0.0,0,1500,0,1,PID_ATTITUDE
185.075373,120-240_ROLL_MOTION,37060724045900,272800,PITCH,-0.02,0.0,-0.03,0.0,0.0,0.0,0.0,0,1500,0,1,PID_ATTITUDE
185.167471,120-240_ROLL_MOTION,37060816143800,272900,PITCH,-0.02,0.01,-0.02,0.0,0.0,0.0,0.0,0,1500,0,1,PID_ATTITUDE
185.275599,120-240_ROLL_MOTION,37060924272000,273000,PITCH,-0.01,0.02,-0.01,0.0,0.0,0.0,0.0,0,1500,0,1,PID_ATTITUDE
185.368434,120-240_ROLL_MOTION,37061017106800,273100,PITCH,-0.02,0.01,-0.02,0.0,0.0,0.0,0.0,0,1500,0,1,PID_ATTITUDE
185.476892,120-240_ROLL_MOTION,37061125564700,273200,PITCH,-0.03,0.0,-0.03,0.0,0.0,0.0,0.0,0,1500,0,1,PID_ATTITUDE
185.569372,120-240_ROLL_MOTION,37061218044800,273300,PITCH,-0.04,0.01,-0.02,0.0,0.0,0.0,0.0,0,1500,0,1,PID_ATTITUDE
185.677557,120-240_ROLL_MOTION,37061326229500,273400,PITCH,-0.04,0.02,-0.01,0.0,0.0,0.0,0.0,0,1500,0,1,PID_ATTITUDE
185.719796,120-240_ROLL_MOTION,37061368469200,273500,PITCH,-0.03,0.01,-0.02,0.0,0.0,0.0,0.0,0,1500,0,1,PID_ATTITUDE
185.865942,120-240_ROLL_MOTION,37061514615000,273600,PITCH,-0.02,0.0,-0.03,0.0,0.0,0.0,0.0,0,1500,0,1,PID_ATTITUDE
185.974781,120-240_ROLL_MOTION,37061623453800,273700,PITCH,-0.02,0.0,-0.03,0.0,0.0,0.0,0.0,0,1500,0,1,PID_ATTITUDE
186.070391,120-240_ROLL_MOTION,37061719064400,273800,PITCH,-0.02,-0.01,-0.04,0.0,0.0,0.0,0.0,0,1500,0,1,PID_ATTITUDE
186.177685,120-240_ROLL_MOTION,37061826357500,273900,PITCH,-0.02,-0.01,-0.04,0.0,0.0,0.0,0.0,0,1500,0,1,PID_ATTITUDE
186.269834,120-240_ROLL_MOTION,37061918506500,274000,PITCH,-0.03,-0.01,-0.05,0.0,0.0,0.0,0.0,0,1500,0,1,PID_ATTITUDE
186.379655,120-240_ROLL_MOTION,37062028327600,274100,PITCH,-0.03,-0.01,-0.04,0.0,0.0,0.0,0.0,0,1500,0,1,PID_ATTITUDE
186.472745,120-240_ROLL_MOTION,37062121418300,274200,PITCH,-0.03,-0.01,-0.04,0.0,0.0,0.0,0.0,0,1500,0,1,PID_ATTITUDE
186.567523,120-240_ROLL_MOTION,37062216195700,274300,PITCH,-0.03,0.0,-0.03,0.0,0.0,0.0,0.0,0,1500,0,1,PID_ATTITUDE
186.676655,120-240_ROLL_MOTION,37062325327400,274400,PITCH,-0.04,-0.01,-0.04,0.0,0.0,0.0,0.0,0,1500,0,1,PID_ATTITUDE
186.719636,120-240_ROLL_MOTION,37062368308500,274500,PITCH,-0.03,-0.01,-0.04,0.0,0.0,0.0,0.0,0,1500,0,1,PID_ATTITUDE
186.878354,120-240_ROLL_MOTION,37062527026800,274600,PITCH,-0.02,0.0,-0.03,0.0,0.0,0.0,0.0,0,1500,0,1,PID_ATTITUDE
186.971281,120-240_ROLL_MOTION,37062619953700,274700,PITCH,-0.01,0.01,-0.02,0.0,0.0,0.0,0.0,0,1500,0,1,PID_ATTITUDE
187.066437,120-240_ROLL_MOTION,37062715110000,274800,PITCH,-0.01,0.01,-0.02,0.0,0.0,0.0,0.0,0,1500,0,1,PID_ATTITUDE
187.176144,120-240_ROLL_MOTION,37062824817400,274900,PITCH,-0.01,0.02,-0.01,0.0,0.0,0.0,0.0,0,1500,0,1,PID_ATTITUDE
187.269622,120-240_ROLL_MOTION,37062918295100,275000,PITCH,-0.01,0.01,-0.02,0.0,0.0,0.0,0.0,0,1500,0,1,PID_ATTITUDE
187.378441,120-240_ROLL_MOTION,37063027113900,275100,PITCH,0.0,0.0,-0.02,0.0,0.0,0.0,0.0,0,1500,0,1,PID_ATTITUDE
187.471054,120-240_ROLL_MOTION,37063119726800,275200,PITCH,0.0,0.01,-0.02,0.0,0.0,0.0,0.0,0,1500,0,1,PID_ATTITUDE
187.578221,120-240_ROLL_MOTION,37063226894200,275300,PITCH,0.01,0.01,-0.02,0.0,0.0,0.0,0.0,0,1500,0,1,PID_ATTITUDE
187.672923,120-240_ROLL_MOTION,37063321595600,275400,PITCH,0.01,0.02,-0.01,0.0,0.0,0.0,0.0,0,1500,0,1,PID_ATTITUDE
187.719558,120-240_ROLL_MOTION,37063368230900,275500,PITCH,0.01,0.02,-0.01,0.0,0.0,0.0,0.0,0,1500,0,1,PID_ATTITUDE
187.875040,120-240_ROLL_MOTION,37063523712600,275600,PITCH,0.0,0.02,-0.01,0.0,0.0,0.0,0.0,0,1500,0,1,PID_ATTITUDE
187.969088,120-240_ROLL_MOTION,37063617761400,275700,PITCH,0.0,0.01,-0.02,0.0,0.0,0.0,0.0,0,1500,0,1,PID_ATTITUDE
188.077406,120-240_ROLL_MOTION,37063726079400,275800,PITCH,0.01,0.01,-0.02,0.0,0.0,0.0,0.0,0,1500,0,1,PID_ATTITUDE
188.171227,120-240_ROLL_MOTION,37063819899700,275900,PITCH,0.01,0.01,-0.02,0.0,0.0,0.0,0.0,0,1500,0,1,PID_ATTITUDE
188.264838,120-240_ROLL_MOTION,37063913510700,276000,PITCH,0.0,-0.01,-0.04,0.0,0.0,0.0,0.0,0,1500,0,1,PID_ATTITUDE
188.374914,120-240_ROLL_MOTION,37064023586900,276100,PITCH,-0.01,-0.02,-0.05,0.0,0.0,0.0,0.0,0,1500,0,1,PID_ATTITUDE
188.467551,120-240_ROLL_MOTION,37064116223700,276200,PITCH,-0.01,-0.03,-0.06,0.0,0.0,0.0,0.0,0,1500,0,1,PID_ATTITUDE
188.576550,120-240_ROLL_MOTION,37064225222700,276300,PITCH,0.0,-0.03,-0.06,0.0,0.0,0.0,0.0,0,1500,0,1,PID_ATTITUDE
188.670332,120-240_ROLL_MOTION,37064319004600,276400,PITCH,-0.01,-0.03,-0.06,0.0,0.0,0.0,0.0,0,1500,0,1,PID_ATTITUDE
188.719180,120-240_ROLL_MOTION,37064367853400,276500,PITCH,-0.01,-0.03,-0.06,0.0,0.0,0.0,0.0,0,1500,0,1,PID_ATTITUDE
188.873267,120-240_ROLL_MOTION,37064521939900,276600,PITCH,-0.01,-0.04,-0.07,0.0,0.0,0.0,0.0,0,1500,0,1,PID_ATTITUDE
188.966400,120-240_ROLL_MOTION,37064615073000,276700,PITCH,-0.02,-0.04,-0.07,0.0,0.0,0.0,0.0,0,1500,0,1,PID_ATTITUDE
189.075949,120-240_ROLL_MOTION,37064724622300,276800,PITCH,-0.01,-0.03,-0.06,0.0,0.0,0.0,0.0,0,1500,0,1,PID_ATTITUDE
189.169587,120-240_ROLL_MOTION,37064818260300,276900,PITCH,-0.02,-0.02,-0.05,0.0,0.0,0.0,0.0,0,1500,0,1,PID_ATTITUDE
189.278738,120-240_ROLL_MOTION,37064927411100,277000,PITCH,-0.02,-0.02,-0.05,0.0,0.0,0.0,0.0,0,1500,0,1,PID_ATTITUDE
189.373477,120-240_ROLL_MOTION,37065022149400,277100,PITCH,-0.02,-0.01,-0.04,0.0,0.0,0.0,0.0,0,1500,0,1,PID_ATTITUDE
189.465528,120-240_ROLL_MOTION,37065114200700,277200,PITCH,-0.02,-0.01,-0.04,0.0,0.0,0.0,0.0,0,1500,0,1,PID_ATTITUDE
189.574090,120-240_ROLL_MOTION,37065222762700,277300,PITCH,-0.03,-0.01,-0.04,0.0,0.0,0.0,0.0,0,1500,0,1,PID_ATTITUDE
189.668253,120-240_ROLL_MOTION,37065316925900,277400,PITCH,-0.03,-0.01,-0.04,0.0,0.0,0.0,0.0,0,1500,0,1,PID_ATTITUDE
189.719012,120-240_ROLL_MOTION,37065367685000,277500,PITCH,-0.02,0.0,-0.03,0.0,0.0,0.0,0.0,0,1500,0,1,PID_ATTITUDE
189.871568,120-240_ROLL_MOTION,37065520241200,277600,PITCH,-0.03,0.0,-0.02,0.0,0.0,0.0,0.0,0,1500,0,1,PID_ATTITUDE
189.979367,120-240_ROLL_MOTION,37065628040400,277700,PITCH,-0.02,0.0,-0.03,0.0,0.0,0.0,0.0,0,1500,0,1,PID_ATTITUDE
190.072181,120-240_ROLL_MOTION,37065720853500,277800,PITCH,-0.04,0.0,-0.03,0.0,0.0,0.0,0.0,0,1500,0,1,PID_ATTITUDE
190.165893,120-240_ROLL_MOTION,37065814566300,277900,PITCH,-0.04,-0.01,-0.04,0.0,0.0,0.0,0.0,0,1500,0,1,PID_ATTITUDE
190.275969,120-240_ROLL_MOTION,37065924641500,278000,PITCH,-0.04,-0.01,-0.04,0.0,0.0,0.0,0.0,0,1500,0,1,PID_ATTITUDE
190.369718,120-240_ROLL_MOTION,37066018390800,278100,PITCH,-0.03,0.0,-0.03,0.0,0.0,0.0,0.0,0,1500,0,1,PID_ATTITUDE
190.478557,120-240_ROLL_MOTION,37066127230000,278200,PITCH,-0.03,-0.01,-0.04,0.0,0.0,0.0,0.0,0,1500,0,1,PID_ATTITUDE
190.571655,120-240_ROLL_MOTION,37066220327500,278300,PITCH,-0.04,-0.02,-0.05,0.0,0.0,0.0,0.0,0,1500,0,1,PID_ATTITUDE
190.665120,120-240_ROLL_MOTION,37066313792700,278400,PITCH,-0.05,-0.03,-0.06,0.0,0.0,0.0,0.0,0,1500,0,1,PID_ATTITUDE
190.719032,120-240_ROLL_MOTION,37066367705400,278500,PITCH,-0.05,-0.02,-0.05,0.0,0.0,0.0,0.0,0,1500,0,1,PID_ATTITUDE
190.864777,120-240_ROLL_MOTION,37066513450200,278600,PITCH,-0.04,-0.01,-0.04,0.0,0.0,0.0,0.0,0,1500,0,1,PID_ATTITUDE
190.973463,120-240_ROLL_MOTION,37066622135800,278700,PITCH,-0.04,-0.01,-0.04,0.0,0.0,0.0,0.0,0,1500,0,1,PID_ATTITUDE
191.066518,120-240_ROLL_MOTION,37066715190900,278800,PITCH,-0.03,0.0,-0.03,0.0,0.0,0.0,0.0,0,1500,0,1,PID_ATTITUDE
191.174812,120-240_ROLL_MOTION,37066823484800,278900,PITCH,-0.02,0.0,-0.02,0.0,0.0,0.0,0.0,0,1500,0,1,PID_ATTITUDE
191.268488,120-240_ROLL_MOTION,37066917160900,279000,PITCH,-0.01,0.0,-0.03,0.0,0.0,0.0,0.0,0,1500,0,1,PID_ATTITUDE
191.375179,120-240_ROLL_MOTION,37067023852200,279100,PITCH,-0.03,0.0,-0.03,0.0,0.0,0.0,0.0,0,1500,0,1,PID_ATTITUDE
191.468521,120-240_ROLL_MOTION,37067117194000,279200,PITCH,-0.04,-0.01,-0.04,0.0,0.0,0.0,0.0,0,1500,0,1,PID_ATTITUDE
191.576978,120-240_ROLL_MOTION,37067225651200,279300,PITCH,-0.03,-0.02,-0.05,0.0,0.0,0.0,0.0,0,1500,0,1,PID_ATTITUDE
191.671301,120-240_ROLL_MOTION,37067319974300,279400,PITCH,-0.04,-0.02,-0.05,0.0,0.0,0.0,0.0,0,1500,0,1,PID_ATTITUDE
191.718916,120-240_ROLL_MOTION,37067367588500,279500,PITCH,-0.04,-0.02,-0.05,0.0,0.0,0.0,0.0,0,1500,0,1,PID_ATTITUDE
191.873821,120-240_ROLL_MOTION,37067522494300,279600,PITCH,-0.04,-0.02,-0.05,0.0,0.0,0.0,0.0,0,1500,0,1,PID_ATTITUDE
191.965797,120-240_ROLL_MOTION,37067614470200,279700,PITCH,-0.04,-0.01,-0.04,0.0,0.0,0.0,0.0,0,1500,0,1,PID_ATTITUDE
192.073548,120-240_ROLL_MOTION,37067722221000,279800,PITCH,-0.05,-0.01,-0.04,0.0,0.0,0.0,0.0,0,1500,0,1,PID_ATTITUDE
192.166468,120-240_ROLL_MOTION,37067815141000,279900,PITCH,-0.05,-0.01,-0.04,0.0,0.0,0.0,0.0,0,1500,0,1,PID_ATTITUDE
192.275787,120-240_ROLL_MOTION,37067924460300,280000,PITCH,-0.05,-0.02,-0.05,0.0,0.0,0.0,0.0,0,1500,0,1,PID_ATTITUDE
192.369925,120-240_ROLL_MOTION,37068018597800,280100,PITCH,-0.04,-0.01,-0.04,0.0,0.0,0.0,0.0,0,1500,0,1,PID_ATTITUDE
192.477758,120-240_ROLL_MOTION,37068126431000,280200,PITCH,-0.04,0.0,-0.03,0.0,0.0,0.0,0.0,0,1500,0,1,PID_ATTITUDE
192.571247,120-240_ROLL_MOTION,37068219919800,280300,PITCH,-0.03,0.0,-0.03,0.0,0.0,0.0,0.0,0,1500,0,1,PID_ATTITUDE
192.665300,120-240_ROLL_MOTION,37068313972900,280400,PITCH,-0.02,0.0,-0.03,0.0,0.0,0.0,0.0,0,1500,0,1,PID_ATTITUDE
192.718794,120-240_ROLL_MOTION,37068367467200,280500,PITCH,-0.03,0.0,-0.03,0.0,0.0,0.0,0.0,0,1500,0,1,PID_ATTITUDE
192.866067,120-240_ROLL_MOTION,37068514739700,280600,PITCH,-0.03,0.0,-0.03,0.0,0.0,0.0,0.0,0,1500,0,1,PID_ATTITUDE
192.975046,120-240_ROLL_MOTION,37068623719000,280700,PITCH,-0.03,0.0,-0.03,0.0,0.0,0.0,0.0,0,1500,0,1,PID_ATTITUDE
193.068893,120-240_ROLL_MOTION,37068717565500,280800,PITCH,-0.04,-0.01,-0.04,0.0,0.0,0.0,0.0,0,1500,0,1,PID_ATTITUDE
193.177451,120-240_ROLL_MOTION,37068826124100,280900,PITCH,-0.03,-0.02,-0.05,0.0,0.0,0.0,0.0,0,1500,0,1,PID_ATTITUDE
193.271623,120-240_ROLL_MOTION,37068920296300,281000,PITCH,-0.03,-0.02,-0.05,0.0,0.0,0.0,0.0,0,1500,0,1,PID_ATTITUDE
193.365001,120-240_ROLL_MOTION,37069013674100,281100,PITCH,-0.02,-0.02,-0.05,0.0,0.0,0.0,0.0,0,1500,0,1,PID_ATTITUDE
193.473629,120-240_ROLL_MOTION,37069122302300,281200,PITCH,-0.01,-0.02,-0.05,0.0,0.0,0.0,0.0,0,1500,0,1,PID_ATTITUDE
193.567260,120-240_ROLL_MOTION,37069215933200,281300,PITCH,-0.02,-0.01,-0.04,0.0,0.0,0.0,0.0,0,1500,0,1,PID_ATTITUDE
193.677457,120-240_ROLL_MOTION,37069326130100,281400,PITCH,-0.03,-0.01,-0.04,0.0,0.0,0.0,0.0,0,1500,0,1,PID_ATTITUDE
193.718601,120-240_ROLL_MOTION,37069367273600,281500,PITCH,-0.03,-0.02,-0.05,0.0,0.0,0.0,0.0,0,1500,0,1,PID_ATTITUDE
193.878314,120-240_ROLL_MOTION,37069526987300,281600,PITCH,-0.03,-0.02,-0.05,0.0,0.0,0.0,0.0,0,1500,0,1,PID_ATTITUDE
193.970802,120-240_ROLL_MOTION,37069619474600,281700,PITCH,-0.03,-0.01,-0.04,0.0,0.0,0.0,0.0,0,1500,0,1,PID_ATTITUDE
194.064524,120-240_ROLL_MOTION,37069713197000,281800,PITCH,-0.02,-0.02,-0.05,0.0,0.0,0.0,0.0,0,1500,0,1,PID_ATTITUDE
194.173947,120-240_ROLL_MOTION,37069822620100,281900,PITCH,-0.03,-0.02,-0.05,0.0,0.0,0.0,0.0,0,1500,0,1,PID_ATTITUDE
194.265833,120-240_ROLL_MOTION,37069914505500,282000,PITCH,-0.02,-0.02,-0.05,0.0,0.0,0.0,0.0,0,1500,0,1,PID_ATTITUDE
194.375421,120-240_ROLL_MOTION,37070024093900,282100,PITCH,-0.02,-0.01,-0.04,0.0,0.0,0.0,0.0,0,1500,0,1,PID_ATTITUDE
194.469768,120-240_ROLL_MOTION,37070118441300,282200,PITCH,-0.01,-0.01,-0.04,0.0,0.0,0.0,0.0,0,1500,0,1,PID_ATTITUDE
194.578260,120-240_ROLL_MOTION,37070226932400,282300,PITCH,-0.01,-0.02,-0.05,0.0,0.0,0.0,0.0,0,1500,0,1,PID_ATTITUDE
194.670905,120-240_ROLL_MOTION,37070319577800,282400,PITCH,-0.01,-0.01,-0.04,0.0,0.0,0.0,0.0,0,1500,0,1,PID_ATTITUDE
194.718443,120-240_ROLL_MOTION,37070367116300,282500,PITCH,-0.01,-0.02,-0.05,0.0,0.0,0.0,0.0,0,1500,0,1,PID_ATTITUDE
194.872196,120-240_ROLL_MOTION,37070520868400,282600,PITCH,-0.02,-0.02,-0.05,0.0,0.0,0.0,0.0,0,1500,0,1,PID_ATTITUDE
194.966120,120-240_ROLL_MOTION,37070614793400,282700,PITCH,-0.02,-0.02,-0.05,0.0,0.0,0.0,0.0,0,1500,0,1,PID_ATTITUDE
195.074550,120-240_ROLL_MOTION,37070723223200,282800,PITCH,-0.01,-0.02,-0.05,0.0,0.0,0.0,0.0,0,1500,0,1,PID_ATTITUDE
195.169576,120-240_ROLL_MOTION,37070818248500,282900,PITCH,-0.01,-0.03,-0.06,0.0,0.0,0.0,0.0,0,1500,0,1,PID_ATTITUDE
195.264452,120-240_ROLL_MOTION,37070913124500,283000,PITCH,-0.02,-0.03,-0.06,0.0,0.0,0.0,0.0,0,1500,0,1,PID_ATTITUDE
195.372666,120-240_ROLL_MOTION,37071021339200,283100,PITCH,-0.02,-0.03,-0.06,0.0,0.0,0.0,0.0,0,1500,0,1,PID_ATTITUDE
195.464906,120-240_ROLL_MOTION,37071113579300,283200,PITCH,-0.03,-0.03,-0.05,0.0,0.0,0.0,0.0,0,1500,0,1,PID_ATTITUDE
195.574033,120-240_ROLL_MOTION,37071222706100,283300,PITCH,-0.03,-0.03,-0.06,0.0,0.0,0.0,0.0,0,1500,0,1,PID_ATTITUDE
195.668523,120-240_ROLL_MOTION,37071317196400,283400,PITCH,-0.03,-0.01,-0.04,0.0,0.0,0.0,0.0,0,1500,0,1,PID_ATTITUDE
195.718205,120-240_ROLL_MOTION,37071366878300,283500,PITCH,-0.03,-0.02,-0.04,0.0,0.0,0.0,0.0,0,1500,0,1,PID_ATTITUDE
195.871688,120-240_ROLL_MOTION,37071520361300,283600,PITCH,-0.04,-0.01,-0.04,0.0,0.0,0.0,0.0,0,1500,0,1,PID_ATTITUDE
195.964998,120-240_ROLL_MOTION,37071613671200,283700,PITCH,-0.03,-0.01,-0.04,0.0,0.0,0.0,0.0,0,1500,0,1,PID_ATTITUDE
196.073505,120-240_ROLL_MOTION,37071722178000,283800,PITCH,-0.03,-0.01,-0.04,0.0,0.0,0.0,0.0,0,1500,0,1,PID_ATTITUDE
196.166588,120-240_ROLL_MOTION,37071815261000,283900,PITCH,-0.03,-0.01,-0.04,0.0,0.0,0.0,0.0,0,1500,0,1,PID_ATTITUDE
196.276727,120-240_ROLL_MOTION,37071925400400,284000,PITCH,-0.03,-0.01,-0.04,0.0,0.0,0.0,0.0,0,1500,0,1,PID_ATTITUDE
196.371265,120-240_ROLL_MOTION,37072019937600,284100,PITCH,-0.04,-0.02,-0.05,0.0,0.0,0.0,0.0,0,1500,0,1,PID_ATTITUDE
196.479154,120-240_ROLL_MOTION,37072127826900,284200,PITCH,-0.04,-0.02,-0.05,0.0,0.0,0.0,0.0,0,1500,0,1,PID_ATTITUDE
196.572619,120-240_ROLL_MOTION,37072221291800,284300,PITCH,-0.03,-0.03,-0.06,0.0,0.0,0.0,0.0,0,1500,0,1,PID_ATTITUDE
196.666359,120-240_ROLL_MOTION,37072315032400,284400,PITCH,-0.02,-0.03,-0.05,0.0,0.0,0.0,0.0,0,1500,0,1,PID_ATTITUDE
196.718134,120-240_ROLL_MOTION,37072366806900,284500,PITCH,-0.01,-0.02,-0.05,0.0,0.0,0.0,0.0,0,1500,0,1,PID_ATTITUDE
196.868233,120-240_ROLL_MOTION,37072516906300,284600,PITCH,0.0,-0.02,-0.05,0.0,0.0,0.0,0.0,0,1500,0,1,PID_ATTITUDE
196.976038,120-240_ROLL_MOTION,37072624710500,284700,PITCH,0.01,-0.02,-0.05,0.0,0.0,0.0,0.0,0,1500,0,1,PID_ATTITUDE
197.069832,120-240_ROLL_MOTION,37072718505300,284800,PITCH,0.0,-0.03,-0.06,0.0,0.0,0.0,0.0,0,1500,0,1,PID_ATTITUDE
197.163659,120-240_ROLL_MOTION,37072812331900,284900,PITCH,0.0,-0.03,-0.06,0.0,0.0,0.0,0.0,0,1500,0,1,PID_ATTITUDE
197.273074,120-240_ROLL_MOTION,37072921746600,285000,PITCH,0.0,-0.03,-0.06,0.0,0.0,0.0,0.0,0,1500,0,1,PID_ATTITUDE
197.367136,120-240_ROLL_MOTION,37073015809400,285100,PITCH,-0.01,-0.04,-0.07,0.0,0.0,0.0,0.0,0,1500,0,1,PID_ATTITUDE
197.475137,120-240_ROLL_MOTION,37073123809900,285200,PITCH,-0.01,-0.03,-0.06,0.0,0.0,0.0,0.0,0,1500,0,1,PID_ATTITUDE
197.569198,120-240_ROLL_MOTION,37073217870700,285300,PITCH,-0.02,-0.01,-0.04,0.0,0.0,0.0,0.0,0,1500,0,1,PID_ATTITUDE
197.679147,120-240_ROLL_MOTION,37073327819600,285400,PITCH,-0.02,0.0,-0.03,0.0,0.0,0.0,0.0,0,1500,0,1,PID_ATTITUDE
197.717978,120-240_ROLL_MOTION,37073366651100,285500,PITCH,-0.02,0.0,-0.03,0.0,0.0,0.0,0.0,0,1500,0,1,PID_ATTITUDE
197.865146,120-240_ROLL_MOTION,37073513818600,285600,PITCH,-0.02,0.01,-0.03,0.0,0.0,0.0,0.0,0,1500,0,1,PID_ATTITUDE
197.974263,120-240_ROLL_MOTION,37073622936100,285700,PITCH,-0.02,0.0,-0.03,0.0,0.0,0.0,0.0,0,1500,0,1,PID_ATTITUDE
198.068110,120-240_ROLL_MOTION,37073716783300,285800,PITCH,-0.03,0.01,-0.02,0.0,0.0,0.0,0.0,0,1500,0,1,PID_ATTITUDE
198.176043,120-240_ROLL_MOTION,37073824716400,285900,PITCH,-0.02,0.02,-0.01,0.0,0.0,0.0,0.0,0,1500,0,1,PID_ATTITUDE
198.269634,120-240_ROLL_MOTION,37073918306700,286000,PITCH,-0.03,0.02,-0.01,0.0,0.0,0.0,0.0,0,1500,0,1,PID_ATTITUDE
198.377429,120-240_ROLL_MOTION,37074026101600,286100,PITCH,-0.03,0.03,0.0,0.0,0.0,0.0,0.0,0,1500,0,1,PID_ATTITUDE
198.470685,120-240_ROLL_MOTION,37074119358300,286200,PITCH,-0.03,0.03,0.0,0.0,0.0,0.0,0.0,0,1500,0,1,PID_ATTITUDE
198.564376,120-240_ROLL_MOTION,37074213049000,286300,PITCH,-0.02,0.01,-0.02,0.0,0.0,0.0,0.0,0,1500,0,1,PID_ATTITUDE
198.675080,120-240_ROLL_MOTION,37074323752500,286400,PITCH,-0.01,0.01,-0.02,0.0,0.0,0.0,0.0,0,1500,0,1,PID_ATTITUDE
198.717839,120-240_ROLL_MOTION,37074366511900,286500,PITCH,-0.02,0.0,-0.03,0.0,0.0,0.0,0.0,0,1500,0,1,PID_ATTITUDE
198.877192,120-240_ROLL_MOTION,37074525864700,286600,PITCH,-0.02,-0.01,-0.04,0.0,0.0,0.0,0.0,0,1500,0,1,PID_ATTITUDE
198.969736,120-240_ROLL_MOTION,37074618408400,286700,PITCH,-0.01,-0.01,-0.04,0.0,0.0,0.0,0.0,0,1500,0,1,PID_ATTITUDE
199.077091,120-240_ROLL_MOTION,37074725764000,286800,PITCH,-0.01,-0.02,-0.05,0.0,0.0,0.0,0.0,0,1500,0,1,PID_ATTITUDE
199.170692,120-240_ROLL_MOTION,37074819364500,286900,PITCH,-0.02,-0.03,-0.06,0.0,0.0,0.0,0.0,0,1500,0,1,PID_ATTITUDE
199.264037,120-240_ROLL_MOTION,37074912709800,287000,PITCH,-0.03,-0.02,-0.05,0.0,0.0,0.0,0.0,0,1500,0,1,PID_ATTITUDE
199.372097,120-240_ROLL_MOTION,37075020769500,287100,PITCH,-0.02,-0.02,-0.05,0.0,0.0,0.0,0.0,0,1500,0,1,PID_ATTITUDE
199.466427,120-240_ROLL_MOTION,37075115099900,287200,PITCH,-0.02,-0.03,-0.06,0.0,0.0,0.0,0.0,0,1500,0,1,PID_ATTITUDE
199.574853,120-240_ROLL_MOTION,37075223525700,287300,PITCH,-0.02,-0.03,-0.06,0.0,0.0,0.0,0.0,0,1500,0,1,PID_ATTITUDE
199.668834,120-240_ROLL_MOTION,37075317507200,287400,PITCH,-0.01,-0.04,-0.07,0.0,0.0,0.0,0.0,0,1500,0,1,PID_ATTITUDE
199.717736,120-240_ROLL_MOTION,37075366408500,287500,PITCH,-0.02,-0.04,-0.07,0.0,0.0,0.0,0.0,0,1500,0,1,PID_ATTITUDE
199.869828,120-240_ROLL_MOTION,37075518500800,287600,PITCH,-0.02,-0.03,-0.06,0.0,0.0,0.0,0.0,0,1500,0,1,PID_ATTITUDE
199.964257,120-240_ROLL_MOTION,37075612929800,287700,PITCH,-0.01,-0.02,-0.05,0.0,0.0,0.0,0.0,0,1500,0,1,PID_ATTITUDE
200.074121,120-240_ROLL_MOTION,37075722794200,287800,PITCH,0.0,-0.02,-0.05,0.0,0.0,0.0,0.0,0,1500,0,1,PID_ATTITUDE
200.167905,120-240_ROLL_MOTION,37075816578400,287900,PITCH,-0.01,-0.02,-0.05,0.0,0.0,0.0,0.0,0,1500,0,1,PID_ATTITUDE
200.277520,120-240_ROLL_MOTION,37075926192800,288000,PITCH,-0.01,-0.01,-0.04,0.0,0.0,0.0,0.0,0,1500,0,1,PID_ATTITUDE
200.371225,120-240_ROLL_MOTION,37076019897600,288100,PITCH,-0.01,-0.01,-0.04,0.0,0.0,0.0,0.0,0,1500,0,1,PID_ATTITUDE
200.464766,120-240_ROLL_MOTION,37076113438800,288200,PITCH,-0.02,-0.01,-0.04,0.0,0.0,0.0,0.0,0,1500,0,1,PID_ATTITUDE
200.573183,120-240_ROLL_MOTION,37076221856000,288300,PITCH,-0.02,-0.02,-0.05,0.0,0.0,0.0,0.0,0,1500,0,1,PID_ATTITUDE
200.666376,120-240_ROLL_MOTION,37076315048900,288400,PITCH,-0.02,-0.02,-0.05,0.0,0.0,0.0,0.0,0,1500,0,1,PID_ATTITUDE
200.717556,120-240_ROLL_MOTION,37076366228500,288500,PITCH,-0.01,-0.02,-0.05,0.0,0.0,0.0,0.0,0,1500,0,1,PID_ATTITUDE
200.868464,120-240_ROLL_MOTION,37076517136600,288600,PITCH,-0.01,-0.02,-0.05,0.0,0.0,0.0,0.0,0,1500,0,1,PID_ATTITUDE
200.976064,120-240_ROLL_MOTION,37076624737100,288700,PITCH,-0.01,-0.01,-0.04,0.0,0.0,0.0,0.0,0,1500,0,1,PID_ATTITUDE
201.071053,120-240_ROLL_MOTION,37076719726200,288800,PITCH,0.0,-0.01,-0.04,0.0,0.0,0.0,0.0,0,1500,0,1,PID_ATTITUDE
201.164305,120-240_ROLL_MOTION,37076812977900,288900,PITCH,-0.01,-0.01,-0.04,0.0,0.0,0.0,0.0,0,1500,0,1,PID_ATTITUDE
201.272816,120-240_ROLL_MOTION,37076921489000,289000,PITCH,-0.02,-0.02,-0.05,0.0,0.0,0.0,0.0,0,1500,0,1,PID_ATTITUDE
201.365589,120-240_ROLL_MOTION,37077014261500,289100,PITCH,-0.02,-0.02,-0.05,0.0,0.0,0.0,0.0,0,1500,0,1,PID_ATTITUDE
201.473965,120-240_ROLL_MOTION,37077122637700,289200,PITCH,-0.01,-0.02,-0.05,0.0,0.0,0.0,0.0,0,1500,0,1,PID_ATTITUDE
201.567342,120-240_ROLL_MOTION,37077216014700,289300,PITCH,-0.02,-0.02,-0.05,0.0,0.0,0.0,0.0,0,1500,0,1,PID_ATTITUDE
201.677068,120-240_ROLL_MOTION,37077325740900,289400,PITCH,-0.02,-0.02,-0.05,0.0,0.0,0.0,0.0,0,1500,0,1,PID_ATTITUDE
201.717370,120-240_ROLL_MOTION,37077366043000,289500,PITCH,-0.02,-0.02,-0.05,0.0,0.0,0.0,0.0,0,1500,0,1,PID_ATTITUDE
201.878277,120-240_ROLL_MOTION,37077526950100,289600,PITCH,-0.02,-0.03,-0.06,0.0,0.0,0.0,0.0,0,1500,0,1,PID_ATTITUDE
201.970867,120-240_ROLL_MOTION,37077619540000,289700,PITCH,-0.01,-0.02,-0.05,0.0,0.0,0.0,0.0,0,1500,0,1,PID_ATTITUDE
202.063916,120-240_ROLL_MOTION,37077712589100,289800,PITCH,0.0,-0.02,-0.05,0.0,0.0,0.0,0.0,0,1500,0,1,PID_ATTITUDE
202.173352,120-240_ROLL_MOTION,37077822025200,289900,PITCH,-0.01,-0.01,-0.04,0.0,0.0,0.0,0.0,0,1500,0,1,PID_ATTITUDE
202.268392,120-240_ROLL_MOTION,37077917064500,290000,PITCH,0.0,0.0,-0.03,0.0,0.0,0.0,0.0,0,1500,0,1,PID_ATTITUDE
202.377145,120-240_ROLL_MOTION,37078025817400,290100,PITCH,0.0,-0.01,-0.04,0.0,0.0,0.0,0.0,0,1500,0,1,PID_ATTITUDE
202.470302,120-240_ROLL_MOTION,37078118974900,290200,PITCH,0.0,0.0,-0.03,0.0,0.0,0.0,0.0,0,1500,0,1,PID_ATTITUDE
202.565105,120-240_ROLL_MOTION,37078213777900,290300,PITCH,0.01,-0.01,-0.04,0.0,0.0,0.0,0.0,0,1500,0,1,PID_ATTITUDE
202.672675,120-240_ROLL_MOTION,37078321347500,290400,PITCH,0.02,-0.03,-0.06,0.0,0.0,0.0,0.0,0,1500,0,1,PID_ATTITUDE
202.717267,120-240_ROLL_MOTION,37078365940200,290500,PITCH,0.02,-0.03,-0.06,0.0,0.0,0.0,0.0,0,1500,0,1,PID_ATTITUDE
202.875262,120-240_ROLL_MOTION,37078523934600,290600,PITCH,0.02,-0.02,-0.04,0.0,0.0,0.0,0.0,0,1500,0,1,PID_ATTITUDE
202.968799,120-240_ROLL_MOTION,37078617471800,290700,PITCH,0.02,-0.02,-0.05,0.0,0.0,0.0,0.0,0,1500,0,1,PID_ATTITUDE
203.077086,120-240_ROLL_MOTION,37078725758700,290800,PITCH,0.02,0.0,-0.03,0.0,0.0,0.0,0.0,0,1500,0,1,PID_ATTITUDE
203.171112,120-240_ROLL_MOTION,37078819785100,290900,PITCH,0.02,0.0,-0.03,0.0,0.0,0.0,0.0,0,1500,0,1,PID_ATTITUDE
203.264250,120-240_ROLL_MOTION,37078912922800,291000,PITCH,0.0,0.0,-0.03,0.0,0.0,0.0,0.0,0,1500,0,1,PID_ATTITUDE
203.374659,120-240_ROLL_MOTION,37079023331500,291100,PITCH,-0.01,-0.01,-0.04,0.0,0.0,0.0,0.0,0,1500,0,1,PID_ATTITUDE
203.468171,120-240_ROLL_MOTION,37079116843400,291200,PITCH,-0.01,0.0,-0.03,0.0,0.0,0.0,0.0,0,1500,0,1,PID_ATTITUDE
203.576306,120-240_ROLL_MOTION,37079224979400,291300,PITCH,-0.01,0.01,-0.02,0.0,0.0,0.0,0.0,0,1500,0,1,PID_ATTITUDE
203.668438,120-240_ROLL_MOTION,37079317110600,291400,PITCH,-0.02,0.0,-0.03,0.0,0.0,0.0,0.0,0,1500,0,1,PID_ATTITUDE
203.716915,120-240_ROLL_MOTION,37079365588200,291500,PITCH,-0.03,0.0,-0.03,0.0,0.0,0.0,0.0,0,1500,0,1,PID_ATTITUDE
203.871859,120-240_ROLL_MOTION,37079520532300,291600,PITCH,-0.03,-0.01,-0.04,0.0,0.0,0.0,0.0,0,1500,0,1,PID_ATTITUDE
203.966118,120-240_ROLL_MOTION,37079614790500,291700,PITCH,-0.03,-0.02,-0.05,0.0,0.0,0.0,0.0,0,1500,0,1,PID_ATTITUDE
204.076312,120-240_ROLL_MOTION,37079724985100,291800,PITCH,-0.03,-0.02,-0.05,0.0,0.0,0.0,0.0,0,1500,0,1,PID_ATTITUDE
204.169149,120-240_ROLL_MOTION,37079817821900,291900,PITCH,-0.02,-0.02,-0.05,0.0,0.0,0.0,0.0,0,1500,0,1,PID_ATTITUDE
204.277757,120-240_ROLL_MOTION,37079926430200,292000,PITCH,-0.02,-0.02,-0.05,0.0,0.0,0.0,0.0,0,1500,0,1,PID_ATTITUDE
204.368740,120-240_ROLL_MOTION,37080017412500,292100,PITCH,-0.02,-0.01,-0.04,0.0,0.0,0.0,0.0,0,1500,0,1,PID_ATTITUDE
204.477846,120-240_ROLL_MOTION,37080126518700,292200,PITCH,-0.01,-0.03,-0.06,0.0,0.0,0.0,0.0,0,1500,0,1,PID_ATTITUDE
204.570498,120-240_ROLL_MOTION,37080219171300,292300,PITCH,-0.01,-0.03,-0.06,0.0,0.0,0.0,0.0,0,1500,0,1,PID_ATTITUDE
204.664674,120-240_ROLL_MOTION,37080313346500,292400,PITCH,-0.02,-0.03,-0.06,0.0,0.0,0.0,0.0,0,1500,0,1,PID_ATTITUDE
204.716786,120-240_ROLL_MOTION,37080365459200,292500,PITCH,-0.02,-0.03,-0.06,0.0,0.0,0.0,0.0,0,1500,0,1,PID_ATTITUDE
204.868033,120-240_ROLL_MOTION,37080516705700,292600,PITCH,-0.03,-0.02,-0.05,0.0,0.0,0.0,0.0,0,1500,0,1,PID_ATTITUDE
204.977721,120-240_ROLL_MOTION,37080626393800,292700,PITCH,-0.03,-0.02,-0.05,0.0,0.0,0.0,0.0,0,1500,0,1,PID_ATTITUDE
205.071358,120-240_ROLL_MOTION,37080720030700,292800,PITCH,-0.02,0.0,-0.03,0.0,0.0,0.0,0.0,0,1500,0,1,PID_ATTITUDE
205.165646,120-240_ROLL_MOTION,37080814318800,292900,PITCH,-0.01,0.0,-0.03,0.0,0.0,0.0,0.0,0,1500,0,1,PID_ATTITUDE
205.275102,120-240_ROLL_MOTION,37080923774800,293000,PITCH,0.0,0.0,-0.03,0.0,0.0,0.0,0.0,0,1500,0,1,PID_ATTITUDE
205.367498,120-240_ROLL_MOTION,37081016170900,293100,PITCH,-0.01,-0.01,-0.04,0.0,0.0,0.0,0.0,0,1500,0,1,PID_ATTITUDE
205.477181,120-240_ROLL_MOTION,37081125853700,293200,PITCH,-0.02,-0.01,-0.04,0.0,0.0,0.0,0.0,0,1500,0,1,PID_ATTITUDE
205.570510,120-240_ROLL_MOTION,37081219182900,293300,PITCH,-0.02,-0.01,-0.04,0.0,0.0,0.0,0.0,0,1500,0,1,PID_ATTITUDE
205.664378,120-240_ROLL_MOTION,37081313051000,293400,PITCH,-0.02,0.0,-0.03,0.0,0.0,0.0,0.0,0,1500,0,1,PID_ATTITUDE
205.716795,120-240_ROLL_MOTION,37081365467900,293500,PITCH,-0.01,-0.01,-0.04,0.0,0.0,0.0,0.0,0,1500,0,1,PID_ATTITUDE
205.866942,120-240_ROLL_MOTION,37081515615100,293600,PITCH,-0.01,0.0,-0.04,0.0,0.0,0.0,0.0,0,1500,0,1,PID_ATTITUDE
205.976534,120-240_ROLL_MOTION,37081625207300,293700,PITCH,-0.02,-0.01,-0.04,0.0,0.0,0.0,0.0,0,1500,0,1,PID_ATTITUDE
206.070204,120-240_ROLL_MOTION,37081718876900,293800,PITCH,-0.02,0.0,-0.03,0.0,0.0,0.0,0.0,0,1500,0,1,PID_ATTITUDE
206.164795,120-240_ROLL_MOTION,37081813467800,293900,PITCH,-0.02,-0.01,-0.04,0.0,0.0,0.0,0.0,0,1500,0,1,PID_ATTITUDE
206.273824,120-240_ROLL_MOTION,37081922496700,294000,PITCH,-0.02,-0.01,-0.04,0.0,0.0,0.0,0.0,0,1500,0,1,PID_ATTITUDE
206.366170,120-240_ROLL_MOTION,37082014843100,294100,PITCH,-0.01,-0.01,-0.04,0.0,0.0,0.0,0.0,0,1500,0,1,PID_ATTITUDE
206.475441,120-240_ROLL_MOTION,37082124114200,294200,PITCH,0.0,-0.01,-0.04,0.0,0.0,0.0,0.0,0,1500,0,1,PID_ATTITUDE
206.567844,120-240_ROLL_MOTION,37082216517000,294300,PITCH,-0.01,-0.01,-0.05,0.0,0.0,0.0,0.0,0,1500,0,1,PID_ATTITUDE
206.676455,120-240_ROLL_MOTION,37082325127800,294400,PITCH,-0.01,-0.02,-0.05,0.0,0.0,0.0,0.0,0,1500,0,1,PID_ATTITUDE
206.716490,120-240_ROLL_MOTION,37082365163400,294500,PITCH,-0.01,-0.03,-0.06,0.0,0.0,0.0,0.0,0,1500,0,1,PID_ATTITUDE
206.864145,120-240_ROLL_MOTION,37082512817600,294600,PITCH,-0.01,-0.02,-0.05,0.0,0.0,0.0,0.0,0,1500,0,1,PID_ATTITUDE
206.974100,120-240_ROLL_MOTION,37082622773300,294700,PITCH,0.0,-0.03,-0.06,0.0,0.0,0.0,0.0,0,1500,0,1,PID_ATTITUDE
207.068122,120-240_ROLL_MOTION,37082716794600,294800,PITCH,-0.01,-0.01,-0.04,0.0,0.0,0.0,0.0,0,1500,0,1,PID_ATTITUDE
207.176904,120-240_ROLL_MOTION,37082825577000,294900,PITCH,-0.02,0.0,-0.03,0.0,0.0,0.0,0.0,0,1500,0,1,PID_ATTITUDE
207.270849,120-240_ROLL_MOTION,37082919521900,295000,PITCH,-0.02,0.0,-0.03,0.0,0.0,0.0,0.0,0,1500,0,1,PID_ATTITUDE
207.364085,120-240_ROLL_MOTION,37083012757700,295100,PITCH,-0.01,-0.01,-0.04,0.0,0.0,0.0,0.0,0,1500,0,1,PID_ATTITUDE
207.472397,120-240_ROLL_MOTION,37083121069800,295200,PITCH,-0.01,-0.01,-0.04,0.0,0.0,0.0,0.0,0,1500,0,1,PID_ATTITUDE
207.564970,120-240_ROLL_MOTION,37083213642700,295300,PITCH,-0.01,-0.01,-0.04,0.0,0.0,0.0,0.0,0,1500,0,1,PID_ATTITUDE
207.674919,120-240_ROLL_MOTION,37083323592300,295400,PITCH,-0.01,0.0,-0.03,0.0,0.0,0.0,0.0,0,1500,0,1,PID_ATTITUDE
207.716327,120-240_ROLL_MOTION,37083364999600,295500,PITCH,-0.01,0.0,-0.03,0.0,0.0,0.0,0.0,0,1500,0,1,PID_ATTITUDE
207.876558,120-240_ROLL_MOTION,37083525230900,295600,PITCH,-0.01,-0.01,-0.04,0.0,0.0,0.0,0.0,0,1500,0,1,PID_ATTITUDE
207.969884,120-240_ROLL_MOTION,37083618556500,295700,PITCH,-0.01,-0.02,-0.05,0.0,0.0,0.0,0.0,0,1500,0,1,PID_ATTITUDE
208.077370,120-240_ROLL_MOTION,37083726042800,295800,PITCH,0.0,-0.01,-0.04,0.0,0.0,0.0,0.0,0,1500,0,1,PID_ATTITUDE
208.169631,120-240_ROLL_MOTION,37083818303900,295900,PITCH,0.01,-0.01,-0.04,0.0,0.0,0.0,0.0,0,1500,0,1,PID_ATTITUDE
208.263037,120-240_ROLL_MOTION,37083911709700,296000,PITCH,0.01,-0.02,-0.05,0.0,0.0,0.0,0.0,0,1500,0,1,PID_ATTITUDE
208.372901,120-240_ROLL_MOTION,37084021573800,296100,PITCH,0.01,-0.02,-0.05,0.0,0.0,0.0,0.0,0,1500,0,1,PID_ATTITUDE
208.467397,120-240_ROLL_MOTION,37084116070000,296200,PITCH,0.0,-0.02,-0.04,0.0,0.0,0.0,0.0,0,1500,0,1,PID_ATTITUDE
208.574847,120-240_ROLL_MOTION,37084223519900,296300,PITCH,0.0,-0.01,-0.03,0.0,0.0,0.0,0.0,0,1500,0,1,PID_ATTITUDE
208.668502,120-240_ROLL_MOTION,37084317174700,296400,PITCH,0.0,0.01,-0.02,0.0,0.0,0.0,0.0,0,1500,0,1,PID_ATTITUDE
208.716085,120-240_ROLL_MOTION,37084364757700,296500,PITCH,0.0,0.01,-0.02,0.0,0.0,0.0,0.0,0,1500,0,1,PID_ATTITUDE
208.869622,120-240_ROLL_MOTION,37084518294700,296600,PITCH,0.0,0.01,-0.02,0.0,0.0,0.0,0.0,0,1500,0,1,PID_ATTITUDE
208.963955,120-240_ROLL_MOTION,37084612627700,296700,PITCH,0.0,0.02,-0.01,0.0,0.0,0.0,0.0,0,1500,0,1,PID_ATTITUDE
209.072863,120-240_ROLL_MOTION,37084721536100,296800,PITCH,-0.01,0.02,-0.01,0.0,0.0,0.0,0.0,0,1500,0,1,PID_ATTITUDE
209.166640,120-240_ROLL_MOTION,37084815313100,296900,PITCH,-0.01,0.03,0.0,0.0,0.0,0.0,0.0,0,1500,0,1,PID_ATTITUDE
209.274807,120-240_ROLL_MOTION,37084923479900,297000,PITCH,0.0,0.04,0.01,0.0,0.0,0.0,0.0,0,1500,0,1,PID_ATTITUDE
209.368106,120-240_ROLL_MOTION,37085016778900,297100,PITCH,0.0,0.03,0.0,0.0,0.0,0.0,0.0,0,1500,0,1,PID_ATTITUDE
209.477586,120-240_ROLL_MOTION,37085126258600,297200,PITCH,0.01,0.01,-0.02,0.0,0.0,0.0,0.0,0,1500,0,1,PID_ATTITUDE
209.571277,120-240_ROLL_MOTION,37085219950300,297300,PITCH,0.01,0.02,-0.01,0.0,0.0,0.0,0.0,0,1500,0,1,PID_ATTITUDE
209.664702,120-240_ROLL_MOTION,37085313374800,297400,PITCH,0.01,0.01,-0.02,0.0,0.0,0.0,0.0,0,1500,0,1,PID_ATTITUDE
209.716217,120-240_ROLL_MOTION,37085364889500,297500,PITCH,0.0,0.0,-0.03,0.0,0.0,0.0,0.0,0,1500,0,1,PID_ATTITUDE
209.868129,120-240_ROLL_MOTION,37085516801900,297600,PITCH,0.0,0.0,-0.03,0.0,0.0,0.0,0.0,0,1500,0,1,PID_ATTITUDE
209.975891,120-240_ROLL_MOTION,37085624563800,297700,PITCH,0.0,0.0,-0.03,0.0,0.0,0.0,0.0,0,1500,0,1,PID_ATTITUDE
210.069374,120-240_ROLL_MOTION,37085718046800,297800,PITCH,-0.01,-0.02,-0.05,0.0,0.0,0.0,0.0,0,1500,0,1,PID_ATTITUDE
210.162845,120-240_ROLL_MOTION,37085811518100,297900,PITCH,-0.01,-0.02,-0.05,0.0,0.0,0.0,0.0,0,1500,0,1,PID_ATTITUDE
210.270441,120-240_ROLL_MOTION,37085919113500,298000,PITCH,-0.01,-0.01,-0.04,0.0,0.0,0.0,0.0,0,1500,0,1,PID_ATTITUDE
210.364720,120-240_ROLL_MOTION,37086013392800,298100,PITCH,-0.03,-0.01,-0.04,0.0,0.0,0.0,0.0,0,1500,0,1,PID_ATTITUDE
210.474852,120-240_ROLL_MOTION,37086123524800,298200,PITCH,-0.02,0.0,-0.03,0.0,0.0,0.0,0.0,0,1500,0,1,PID_ATTITUDE
210.566957,120-240_ROLL_MOTION,37086215629600,298300,PITCH,-0.02,0.0,-0.03,0.0,0.0,0.0,0.0,0,1500,0,1,PID_ATTITUDE
210.674395,120-240_ROLL_MOTION,37086323068000,298400,PITCH,-0.01,0.0,-0.03,0.0,0.0,0.0,0.0,0,1500,0,1,PID_ATTITUDE
210.715877,120-240_ROLL_MOTION,37086364549400,298500,PITCH,-0.01,0.0,-0.03,0.0,0.0,0.0,0.0,0,1500,0,1,PID_ATTITUDE
210.875084,120-240_ROLL_MOTION,37086523756700,298600,PITCH,-0.02,-0.01,-0.03,0.0,0.0,0.0,0.0,0,1500,0,1,PID_ATTITUDE
210.968962,120-240_ROLL_MOTION,37086617634700,298700,PITCH,-0.01,-0.01,-0.04,0.0,0.0,0.0,0.0,0,1500,0,1,PID_ATTITUDE
211.061689,120-240_ROLL_MOTION,37086710361800,298800,PITCH,-0.01,-0.01,-0.04,0.0,0.0,0.0,0.0,0,1500,0,1,PID_ATTITUDE
211.171402,120-240_ROLL_MOTION,37086820074700,298900,PITCH,-0.02,-0.01,-0.04,0.0,0.0,0.0,0.0,0,1500,0,1,PID_ATTITUDE
211.263549,120-240_ROLL_MOTION,37086912221400,299000,PITCH,-0.02,-0.01,-0.04,0.0,0.0,0.0,0.0,0,1500,0,1,PID_ATTITUDE
211.371776,120-240_ROLL_MOTION,37087020449000,299100,PITCH,-0.02,-0.01,-0.04,0.0,0.0,0.0,0.0,0,1500,0,1,PID_ATTITUDE
211.466383,120-240_ROLL_MOTION,37087115056200,299200,PITCH,-0.01,-0.01,-0.04,0.0,0.0,0.0,0.0,0,1500,0,1,PID_ATTITUDE
211.575518,120-240_ROLL_MOTION,37087224190700,299300,PITCH,0.0,-0.01,-0.04,0.0,0.0,0.0,0.0,0,1500,0,1,PID_ATTITUDE
211.668350,120-240_ROLL_MOTION,37087317023300,299400,PITCH,0.01,-0.01,-0.04,0.0,0.0,0.0,0.0,0,1500,0,1,PID_ATTITUDE
211.715758,120-240_ROLL_MOTION,37087364430700,299500,PITCH,0.01,0.0,-0.03,0.0,0.0,0.0,0.0,0,1500,0,1,PID_ATTITUDE
211.869725,120-240_ROLL_MOTION,37087518398100,299600,PITCH,0.01,0.01,-0.02,0.0,0.0,0.0,0.0,0,1500,0,1,PID_ATTITUDE
211.962868,120-240_ROLL_MOTION,37087611541000,299700,PITCH,0.01,0.02,-0.01,0.0,0.0,0.0,0.0,0,1500,0,1,PID_ATTITUDE
212.072684,120-240_ROLL_MOTION,37087721356800,299800,PITCH,0.02,0.01,-0.02,0.0,0.0,0.0,0.0,0,1500,0,1,PID_ATTITUDE
212.166641,120-240_ROLL_MOTION,37087815313500,299900,PITCH,0.01,0.01,-0.02,0.0,0.0,0.0,0.0,0,1500,0,1,PID_ATTITUDE
212.275516,120-240_ROLL_MOTION,37087924189100,300000,PITCH,0.01,0.02,-0.01,0.0,0.0,0.0,0.0,0,1500,0,1,PID_ATTITUDE
212.368464,120-240_ROLL_MOTION,37088017137000,300100,PITCH,0.0,0.02,-0.01,0.0,0.0,0.0,0.0,0,1500,0,1,PID_ATTITUDE
212.475604,120-240_ROLL_MOTION,37088124276600,300200,PITCH,0.0,0.01,-0.02,0.0,0.0,0.0,0.0,0,1500,0,1,PID_ATTITUDE
212.569402,120-240_ROLL_MOTION,37088218074900,300300,PITCH,-0.01,0.02,-0.02,0.0,0.0,0.0,0.0,0,1500,0,1,PID_ATTITUDE
212.664162,120-240_ROLL_MOTION,37088312835000,300400,PITCH,-0.01,0.01,-0.02,0.0,0.0,0.0,0.0,0,1500,0,1,PID_ATTITUDE
212.715805,120-240_ROLL_MOTION,37088364477900,300500,PITCH,-0.01,0.01,-0.02,0.0,0.0,0.0,0.0,0,1500,0,1,PID_ATTITUDE
212.866894,120-240_ROLL_MOTION,37088515566900,300600,PITCH,-0.01,0.01,-0.02,0.0,0.0,0.0,0.0,0,1500,0,1,PID_ATTITUDE
212.976186,120-240_ROLL_MOTION,37088624858600,300700,PITCH,-0.01,0.0,-0.03,0.0,0.0,0.0,0.0,0,1500,0,1,PID_ATTITUDE
213.069982,120-240_ROLL_MOTION,37088718655000,300800,PITCH,-0.01,0.0,-0.03,0.0,0.0,0.0,0.0,0,1500,0,1,PID_ATTITUDE
213.163614,120-240_ROLL_MOTION,37088812286800,300900,PITCH,-0.01,-0.01,-0.04,0.0,0.0,0.0,0.0,0,1500,0,1,PID_ATTITUDE
213.272711,120-240_ROLL_MOTION,37088921384200,301000,PITCH,-0.01,-0.01,-0.04,0.0,0.0,0.0,0.0,0,1500,0,1,PID_ATTITUDE
213.366356,120-240_ROLL_MOTION,37089015028900,301100,PITCH,-0.01,0.0,-0.03,0.0,0.0,0.0,0.0,0,1500,0,1,PID_ATTITUDE
213.475188,120-240_ROLL_MOTION,37089123861300,301200,PITCH,0.0,-0.01,-0.05,0.0,0.0,0.0,0.0,0,1500,0,1,PID_ATTITUDE
213.568169,120-240_ROLL_MOTION,37089216841500,301300,PITCH,-0.01,-0.02,-0.05,0.0,0.0,0.0,0.0,0,1500,0,1,PID_ATTITUDE
213.661247,120-240_ROLL_MOTION,37089309919900,301400,PITCH,-0.01,-0.02,-0.05,0.0,0.0,0.0,0.0,0,1500,0,1,PID_ATTITUDE
213.715629,120-240_ROLL_MOTION,37089364301400,301500,PITCH,-0.02,-0.01,-0.04,0.0,0.0,0.0,0.0,0,1500,0,1,PID_ATTITUDE
213.865856,120-240_ROLL_MOTION,37089514528800,301600,PITCH,-0.02,-0.01,-0.04,0.0,0.0,0.0,0.0,0,1500,0,1,PID_ATTITUDE
213.975487,120-240_ROLL_MOTION,37089624159900,301700,PITCH,-0.02,-0.01,-0.04,0.0,0.0,0.0,0.0,0,1500,0,1,PID_ATTITUDE
214.067997,120-240_ROLL_MOTION,37089716670100,301800,PITCH,-0.02,-0.01,-0.04,0.0,0.0,0.0,0.0,0,1500,0,1,PID_ATTITUDE
214.161211,120-240_ROLL_MOTION,37089809883700,301900,PITCH,-0.02,-0.01,-0.04,0.0,0.0,0.0,0.0,0,1500,0,1,PID_ATTITUDE
214.270255,120-240_ROLL_MOTION,37089918927700,302000,PITCH,-0.02,-0.02,-0.05,0.0,0.0,0.0,0.0,0,1500,0,1,PID_ATTITUDE
214.364502,120-240_ROLL_MOTION,37090013174500,302100,PITCH,-0.02,-0.02,-0.05,0.0,0.0,0.0,0.0,0,1500,0,1,PID_ATTITUDE
214.473709,120-240_ROLL_MOTION,37090122382000,302200,PITCH,-0.02,-0.02,-0.05,0.0,0.0,0.0,0.0,0,1500,0,1,PID_ATTITUDE
214.567388,120-240_ROLL_MOTION,37090216060600,302300,PITCH,-0.01,-0.01,-0.04,0.0,0.0,0.0,0.0,0,1500,0,1,PID_ATTITUDE
214.660991,120-240_ROLL_MOTION,37090309664000,302400,PITCH,0.0,-0.02,-0.05,0.0,0.0,0.0,0.0,0,1500,0,1,PID_ATTITUDE
214.715307,120-240_ROLL_MOTION,37090363980100,302500,PITCH,0.0,-0.02,-0.05,0.0,0.0,0.0,0.0,0,1500,0,1,PID_ATTITUDE
214.863807,120-240_ROLL_MOTION,37090512480100,302600,PITCH,0.0,-0.03,-0.06,0.0,0.0,0.0,0.0,0,1500,0,1,PID_ATTITUDE
214.971726,120-240_ROLL_MOTION,37090620399200,302700,PITCH,0.0,-0.03,-0.06,0.0,0.0,0.0,0.0,0,1500,0,1,PID_ATTITUDE
215.064266,120-240_ROLL_MOTION,37090712938800,302800,PITCH,0.0,-0.03,-0.06,0.0,0.0,0.0,0.0,0,1500,0,1,PID_ATTITUDE
215.173289,120-240_ROLL_MOTION,37090821961600,302900,PITCH,-0.01,-0.02,-0.05,0.0,0.0,0.0,0.0,0,1500,0,1,PID_ATTITUDE
215.266669,120-240_ROLL_MOTION,37090915341600,303000,PITCH,-0.01,-0.01,-0.04,0.0,0.0,0.0,0.0,0,1500,0,1,PID_ATTITUDE
215.374289,120-240_ROLL_MOTION,37091022961900,303100,PITCH,-0.01,0.0,-0.03,0.0,0.0,0.0,0.0,0,1500,0,1,PID_ATTITUDE
215.468480,120-240_ROLL_MOTION,37091117152700,303200,PITCH,-0.01,0.0,-0.03,0.0,0.0,0.0,0.0,0,1500,0,1,PID_ATTITUDE
215.562590,120-240_ROLL_MOTION,37091211262600,303300,PITCH,0.0,0.0,-0.03,0.0,0.0,0.0,0.0,0,1500,0,1,PID_ATTITUDE
215.671367,120-240_ROLL_MOTION,37091320039500,303400,PITCH,-0.01,0.0,-0.03,0.0,0.0,0.0,0.0,0,1500,0,1,PID_ATTITUDE
215.715130,120-240_ROLL_MOTION,37091363803300,303500,PITCH,-0.01,-0.01,-0.04,0.0,0.0,0.0,0.0,0,1500,0,1,PID_ATTITUDE
215.874063,120-240_ROLL_MOTION,37091522735400,303600,PITCH,0.0,-0.01,-0.04,0.0,0.0,0.0,0.0,0,1500,0,1,PID_ATTITUDE
215.967539,120-240_ROLL_MOTION,37091616211900,303700,PITCH,0.0,-0.02,-0.05,0.0,0.0,0.0,0.0,0,1500,0,1,PID_ATTITUDE
216.062701,120-240_ROLL_MOTION,37091711373400,303800,PITCH,-0.01,-0.03,-0.06,0.0,0.0,0.0,0.0,0,1500,0,1,PID_ATTITUDE
216.172782,120-240_ROLL_MOTION,37091821454900,303900,PITCH,-0.02,-0.03,-0.06,0.0,0.0,0.0,0.0,0,1500,0,1,PID_ATTITUDE
216.266902,120-240_ROLL_MOTION,37091915574700,304000,PITCH,-0.02,-0.03,-0.06,0.0,0.0,0.0,0.0,0,1500,0,1,PID_ATTITUDE
216.375936,120-240_ROLL_MOTION,37092024609200,304100,PITCH,-0.02,-0.03,-0.06,0.0,0.0,0.0,0.0,0,1500,0,1,PID_ATTITUDE
216.468090,120-240_ROLL_MOTION,37092116763400,304200,PITCH,-0.01,-0.02,-0.06,0.0,0.0,0.0,0.0,0,1500,0,1,PID_ATTITUDE
216.562525,120-240_ROLL_MOTION,37092211198400,304300,PITCH,0.0,-0.02,-0.05,0.0,0.0,0.0,0.0,0,1500,0,1,PID_ATTITUDE
216.669474,120-240_ROLL_MOTION,37092318147200,304400,PITCH,-0.01,-0.02,-0.05,0.0,0.0,0.0,0.0,0,1500,0,1,PID_ATTITUDE
216.714999,120-240_ROLL_MOTION,37092363671800,304500,PITCH,-0.02,-0.02,-0.05,0.0,0.0,0.0,0.0,0,1500,0,1,PID_ATTITUDE
216.870866,120-240_ROLL_MOTION,37092519538500,304600,PITCH,-0.01,-0.02,-0.05,0.0,0.0,0.0,0.0,0,1500,0,1,PID_ATTITUDE
216.965375,120-240_ROLL_MOTION,37092614048200,304700,PITCH,-0.01,-0.02,-0.05,0.0,0.0,0.0,0.0,0,1500,0,1,PID_ATTITUDE
217.074235,120-240_ROLL_MOTION,37092722907800,304800,PITCH,0.0,-0.02,-0.05,0.0,0.0,0.0,0.0,0,1500,0,1,PID_ATTITUDE
217.168617,120-240_ROLL_MOTION,37092817289400,304900,PITCH,0.0,-0.02,-0.04,0.0,0.0,0.0,0.0,0,1500,0,1,PID_ATTITUDE
217.261928,120-240_ROLL_MOTION,37092910600600,305000,PITCH,-0.01,-0.01,-0.04,0.0,0.0,0.0,0.0,0,1500,0,1,PID_ATTITUDE
217.370518,120-240_ROLL_MOTION,37093019190600,305100,PITCH,-0.01,-0.01,-0.05,0.0,0.0,0.0,0.0,0,1500,0,1,PID_ATTITUDE
217.462474,120-240_ROLL_MOTION,37093111147100,305200,PITCH,-0.02,-0.02,-0.05,0.0,0.0,0.0,0.0,0,1500,0,1,PID_ATTITUDE
217.572106,120-240_ROLL_MOTION,37093220778500,305300,PITCH,-0.03,-0.02,-0.05,0.0,0.0,0.0,0.0,0,1500,0,1,PID_ATTITUDE
217.664365,120-240_ROLL_MOTION,37093313037600,305400,PITCH,-0.02,-0.02,-0.05,0.0,0.0,0.0,0.0,0,1500,0,1,PID_ATTITUDE
217.714911,120-240_ROLL_MOTION,37093363583800,305500,PITCH,-0.01,-0.01,-0.04,0.0,0.0,0.0,0.0,0,1500,0,1,PID_ATTITUDE
217.864701,120-240_ROLL_MOTION,37093513374000,305600,PITCH,0.0,-0.01,-0.04,0.0,0.0,0.0,0.0,0,1500,0,1,PID_ATTITUDE
217.974650,120-240_ROLL_MOTION,37093623322600,305700,PITCH,-0.02,-0.01,-0.04,0.0,0.0,0.0,0.0,0,1500,0,1,PID_ATTITUDE
218.069056,120-240_ROLL_MOTION,37093717728800,305800,PITCH,-0.02,-0.02,-0.05,0.0,0.0,0.0,0.0,0,1500,0,1,PID_ATTITUDE
218.162718,120-240_ROLL_MOTION,37093811390900,305900,PITCH,-0.02,-0.02,-0.05,0.0,0.0,0.0,0.0,0,1500,0,1,PID_ATTITUDE
218.271564,120-240_ROLL_MOTION,37093920236700,306000,PITCH,-0.02,-0.02,-0.05,0.0,0.0,0.0,0.0,0,1500,0,1,PID_ATTITUDE
218.366121,120-240_ROLL_MOTION,37094014794000,306100,PITCH,-0.01,-0.02,-0.05,0.0,0.0,0.0,0.0,0,1500,0,1,PID_ATTITUDE
218.474856,120-240_ROLL_MOTION,37094123528800,306200,PITCH,-0.01,-0.01,-0.04,0.0,0.0,0.0,0.0,0,1500,0,1,PID_ATTITUDE
218.569085,120-240_ROLL_MOTION,37094217758200,306300,PITCH,-0.01,-0.01,-0.04,0.0,0.0,0.0,0.0,0,1500,0,1,PID_ATTITUDE
218.661680,120-240_ROLL_MOTION,37094310353200,306400,PITCH,-0.01,-0.01,-0.04,0.0,0.0,0.0,0.0,0,1500,0,1,PID_ATTITUDE
218.714677,120-240_ROLL_MOTION,37094363349700,306500,PITCH,-0.02,-0.02,-0.04,0.0,0.0,0.0,0.0,0,1500,0,1,PID_ATTITUDE
218.862573,120-240_ROLL_MOTION,37094511245800,306600,PITCH,-0.02,-0.01,-0.04,0.0,0.0,0.0,0.0,0,1500,0,1,PID_ATTITUDE
218.971611,120-240_ROLL_MOTION,37094620283800,306700,PITCH,-0.01,-0.02,-0.05,0.0,0.0,0.0,0.0,0,1500,0,1,PID_ATTITUDE
219.063536,120-240_ROLL_MOTION,37094712208700,306800,PITCH,-0.01,-0.02,-0.05,0.0,0.0,0.0,0.0,0,1500,0,1,PID_ATTITUDE
219.173013,120-240_ROLL_MOTION,37094821685900,306900,PITCH,-0.02,-0.03,-0.06,0.0,0.0,0.0,0.0,0,1500,0,1,PID_ATTITUDE
219.266841,120-240_ROLL_MOTION,37094915514000,307000,PITCH,-0.01,-0.04,-0.06,0.0,0.0,0.0,0.0,0,1500,0,1,PID_ATTITUDE
219.360665,120-240_ROLL_MOTION,37095009337500,307100,PITCH,-0.01,-0.03,-0.06,0.0,0.0,0.0,0.0,0,1500,0,1,PID_ATTITUDE
219.469700,120-240_ROLL_MOTION,37095118373400,307200,PITCH,-0.02,-0.03,-0.06,0.0,0.0,0.0,0.0,0,1500,0,1,PID_ATTITUDE
219.564000,120-240_ROLL_MOTION,37095212672600,307300,PITCH,-0.03,-0.02,-0.05,0.0,0.0,0.0,0.0,0,1500,0,1,PID_ATTITUDE
219.673130,120-240_ROLL_MOTION,37095321802500,307400,PITCH,-0.03,0.0,-0.03,0.0,0.0,0.0,0.0,0,1500,0,1,PID_ATTITUDE
219.714550,120-240_ROLL_MOTION,37095363222400,307500,PITCH,-0.03,0.0,-0.03,0.0,0.0,0.0,0.0,0,1500,0,1,PID_ATTITUDE
219.860806,120-240_ROLL_MOTION,37095509479200,307600,PITCH,-0.03,0.0,-0.03,0.0,0.0,0.0,0.0,0,1500,0,1,PID_ATTITUDE
219.970349,120-240_ROLL_MOTION,37095619022000,307700,PITCH,-0.03,-0.01,-0.03,0.0,0.0,0.0,0.0,0,1500,0,1,PID_ATTITUDE
220.064102,120-240_ROLL_MOTION,37095712774500,307800,PITCH,-0.03,0.0,-0.03,0.0,0.0,0.0,0.0,0,1500,0,1,PID_ATTITUDE
220.173844,120-240_ROLL_MOTION,37095822517300,307900,PITCH,-0.03,0.0,-0.03,0.0,0.0,0.0,0.0,0,1500,0,1,PID_ATTITUDE
220.268512,120-240_ROLL_MOTION,37095917185200,308000,PITCH,-0.04,-0.03,-0.06,0.0,0.0,0.0,0.0,0,1500,0,1,PID_ATTITUDE
220.361649,120-240_ROLL_MOTION,37096010321600,308100,PITCH,-0.06,-0.01,-0.03,0.0,0.0,0.0,0.0,0,1500,0,1,PID_ATTITUDE
220.469987,120-240_ROLL_MOTION,37096118659800,308200,PITCH,0.0,0.11,0.09,0.0,0.0,0.0,0.0,0,1500,0,1,PID_ATTITUDE
220.562679,120-240_ROLL_MOTION,37096211352100,308300,PITCH,0.34,0.26,0.24,0.0,0.0,0.0,0.0,0,1500,0,1,PID_ATTITUDE
220.671020,120-240_ROLL_MOTION,37096319693000,308400,PITCH,0.46,0.34,0.32,0.0,0.0,0.0,0.0,0,1500,0,1,PID_ATTITUDE
220.714370,120-240_ROLL_MOTION,37096363042600,308500,PITCH,0.49,0.4,0.37,0.0,0.0,0.0,0.0,0,1500,0,1,PID_ATTITUDE
220.870701,120-240_ROLL_MOTION,37096519373800,308600,PITCH,0.8,0.44,0.41,0.0,0.0,0.0,0.0,0,1500,0,1,PID_ATTITUDE
220.964988,120-240_ROLL_MOTION,37096613660400,308700,PITCH,1.75,0.17,0.12,0.0,0.0,0.0,0.0,0,1500,0,1,PID_ATTITUDE
221.074498,120-240_ROLL_MOTION,37096723170900,308800,PITCH,2.77,0.14,0.11,0.0,0.0,0.0,0.0,0,1500,0,1,PID_ATTITUDE
221.166693,120-240_ROLL_MOTION,37096815366100,308900,PITCH,3.33,0.1,0.07,0.0,0.0,0.0,0.0,0,1500,0,1,PID_ATTITUDE
221.260494,120-240_ROLL_MOTION,37096909166900,309000,PITCH,3.49,0.13,0.1,0.0,0.0,0.0,0.0,0,1500,0,1,PID_ATTITUDE
221.368816,120-240_ROLL_MOTION,37097017489200,309100,PITCH,3.49,0.23,0.21,0.0,0.0,0.0,0.0,0,1500,0,1,PID_ATTITUDE
221.461218,120-240_ROLL_MOTION,37097109891000,309200,PITCH,3.67,0.28,0.26,0.0,0.0,0.0,0.0,0,1500,0,1,PID_ATTITUDE
221.570355,120-240_ROLL_MOTION,37097219027400,309300,PITCH,3.76,0.29,0.26,0.0,0.0,0.0,0.0,0,1500,0,1,PID_ATTITUDE
221.663338,120-240_ROLL_MOTION,37097312010400,309400,PITCH,3.73,0.25,0.21,0.0,0.0,0.0,0.0,0,1500,0,1,PID_ATTITUDE
221.714263,120-240_ROLL_MOTION,37097362936400,309500,PITCH,3.99,-0.33,-0.46,0.0,0.0,0.0,0.0,0,1500,0,1,PID_ATTITUDE
221.865413,120-240_ROLL_MOTION,37097514085900,309600,PITCH,4.52,-1.03,-1.11,-1.11,-1.11,0.0,0.082,-1,1499,0,0,PID_ATTITUDE
221.975325,120-240_ROLL_MOTION,37097623998200,309700,PITCH,4.77,-1.21,-1.25,-1.25,-1.25,0.0,0.051,-1,1499,0,0,PID_ATTITUDE
222.069192,120-240_ROLL_MOTION,37097717864800,309800,PITCH,5.15,-1.45,-1.54,-1.54,-1.54,0.0,0.173,-1,1499,0,0,PID_ATTITUDE
222.162867,120-240_ROLL_MOTION,37097811539700,309900,PITCH,6.38,-2.1,-2.2,-2.2,-2.2,0.0,0.329,-2,1498,0,0,PID_ATTITUDE
222.272000,120-240_ROLL_MOTION,37097920672900,310000,PITCH,7.17,-2.46,-2.5,-2.5,-2.5,0.0,0.121,-2,1498,0,0,PID_ATTITUDE
222.365470,120-240_ROLL_MOTION,37098014142700,310100,PITCH,7.09,-2.34,-2.35,-2.35,-2.35,0.0,-0.07,-2,1498,0,0,PID_ATTITUDE
222.473966,120-240_ROLL_MOTION,37098122639100,310200,PITCH,6.89,-2.13,-2.15,-2.15,-2.15,0.0,-0.089,-2,1498,0,0,PID_ATTITUDE
222.568571,120-240_ROLL_MOTION,37098217244300,310300,PITCH,6.55,-3.14,-3.34,-3.34,-3.34,0.0,0.669,-3,1497,0,0,PID_ATTITUDE
222.661958,120-240_ROLL_MOTION,37098310630600,310400,PITCH,5.74,-4.38,-4.58,-4.58,-4.58,0.0,0.644,-4,1496,0,0,PID_ATTITUDE
222.714622,120-240_ROLL_MOTION,37098363295200,310500,PITCH,4.23,-6.29,-6.44,-6.44,-6.44,0.0,0.828,-6,1494,0,0,PID_ATTITUDE
222.863328,120-240_ROLL_MOTION,37098512000900,310600,PITCH,2.49,-5.11,-4.66,-4.66,-4.66,0.0,-1.199,-6,1494,0,0,PID_ATTITUDE
223.160797,120-240_ROLL_MOTION,37098809469700,310900,PITCH,0.49,1.05,1.02,1.02,1.02,0.0,-0.008,1,1501,0,0,PID_ATTITUDE
223.361925,120-240_ROLL_MOTION,37099010598300,311100,PITCH,0.36,0.82,0.78,0.0,0.0,0.0,0.0,0,1500,0,1,PID_ATTITUDE
223.470899,120-240_ROLL_MOTION,37099119571600,311200,PITCH,0.32,0.7,0.66,0.0,0.0,0.0,0.0,0,1500,0,1,PID_ATTITUDE
223.564617,120-240_ROLL_MOTION,37099213289900,311300,PITCH,0.23,0.45,0.36,0.0,0.0,0.0,0.0,0,1500,0,1,PID_ATTITUDE
223.674500,120-240_ROLL_MOTION,37099323172600,311400,PITCH,-0.06,-0.23,-0.35,0.0,0.0,0.0,0.0,0,1500,0,1,PID_ATTITUDE
223.766928,120-240_ROLL_MOTION,37099415600400,311500,PITCH,-0.23,-0.62,-0.69,0.0,0.0,0.0,0.0,0,1500,0,1,PID_ATTITUDE
223.874736,120-240_ROLL_MOTION,37099523408500,311600,PITCH,-0.28,-0.66,-0.76,0.0,0.0,0.0,0.0,0,1500,0,1,PID_ATTITUDE
223.914321,120-240_ROLL_MOTION,37099562994100,311700,PITCH,-0.22,-0.98,-1.02,-1.02,-1.02,0.0,0.01,-1,1499,0,0,PID_ATTITUDE
224.061646,120-240_ROLL_MOTION,37099710319400,311800,PITCH,-0.21,-1.33,-1.48,-1.48,-1.48,0.0,0.314,-1,1499,0,0,PID_ATTITUDE
224.171174,120-240_ROLL_MOTION,37099819847000,311900,PITCH,-0.43,-2.64,-2.7,-2.7,-2.7,0.0,0.48,-2,1498,0,0,PID_ATTITUDE
224.264970,120-240_ROLL_MOTION,37099913642400,312000,PITCH,-4.11,-1.65,-1.48,-1.48,-1.48,0.0,-0.721,-2,1498,0,0,PID_ATTITUDE
224.373996,120-240_ROLL_MOTION,37100022668900,312100,PITCH,-11.12,-1.42,-1.48,-1.48,-1.48,0.0,0.023,-1,1499,0,0,PID_ATTITUDE
224.561306,120-240_ROLL_MOTION,37100209978800,312300,PITCH,-18.71,0.19,0.12,0.0,0.0,0.0,0.0,0,1500,0,1,PID_ATTITUDE
224.670354,120-240_ROLL_MOTION,37100319026900,312400,PITCH,-11.85,-2.9,-3.44,-3.44,-3.44,0.0,1.652,-2,1498,0,0,PID_ATTITUDE
224.762883,120-240_ROLL_MOTION,37100411555600,312500,PITCH,-0.32,-7.09,-7.42,-7.42,-7.42,0.0,1.751,-6,1494,0,0,PID_ATTITUDE
224.872167,120-240_ROLL_MOTION,37100520839900,312600,PITCH,5.35,-9.83,-10.15,-10.15,-10.15,0.0,1.386,-9,1491,0,0,PID_ATTITUDE
224.964620,120-240_ROLL_MOTION,37100613293200,312700,PITCH,8.62,-14.1,-14.72,-14.72,-14.72,0.0,2.423,-10,1490,1,0,PID_ATTITUDE
225.013982,120-240_ROLL_MOTION,37100662655200,312800,PITCH,11.85,-19.81,-20.26,-20.26,-20.26,0.0,2.56,-10,1490,1,0,PID_ATTITUDE
225.169583,120-240_ROLL_MOTION,37100818256100,312900,PITCH,13.19,-22.31,-22.38,-22.38,-22.38,0.0,0.935,-10,1490,1,0,PID_ATTITUDE
225.262918,120-240_ROLL_MOTION,37100911591200,313000,PITCH,12.46,-20.82,-20.34,-20.34,-20.34,0.0,-1.227,-10,1490,1,0,PID_ATTITUDE
225.371423,120-240_ROLL_MOTION,37101020095500,313100,PITCH,5.19,-13.19,-12.51,-12.51,-12.51,0.0,-3.636,-10,1490,1,0,PID_ATTITUDE
225.465568,120-240_ROLL_MOTION,37101114241100,313200,PITCH,-2.77,-7.32,-6.88,-6.88,-6.88,0.0,-2.761,-10,1490,0,0,PID_ATTITUDE
225.575133,120-240_ROLL_MOTION,37101223806200,313300,PITCH,-7.64,-2.91,-2.54,-2.54,-2.54,0.0,-2.195,-5,1495,0,0,PID_ATTITUDE
225.761414,120-240_ROLL_MOTION,37101410086900,313500,PITCH,-9.81,-1.07,-1.63,-1.63,-1.63,0.0,0.53,-1,1499,0,0,PID_ATTITUDE
225.870623,120-240_ROLL_MOTION,37101519296100,313600,PITCH,0.58,-9.44,-10.38,-10.38,-10.38,0.0,4.147,-6,1494,0,0,PID_ATTITUDE
225.964201,120-240_ROLL_MOTION,37101612873700,313700,PITCH,10.0,-16.61,-17.09,-17.09,-17.09,0.0,3.079,-10,1490,1,0,PID_ATTITUDE
226.072389,120-240_ROLL_MOTION,37101721061600,313800,PITCH,12.64,-19.3,-19.41,-19.41,-19.41,0.0,1.092,-10,1490,1,0,PID_ATTITUDE
226.113986,120-240_ROLL_MOTION,37101762658500,313900,PITCH,13.03,-18.99,-18.86,-18.86,-18.86,0.0,-0.297,-10,1490,1,0,PID_ATTITUDE
226.274904,120-240_ROLL_MOTION,37101923576600,314000,PITCH,9.77,-15.41,-15.03,-15.03,-15.03,0.0,-1.918,-10,1490,1,0,PID_ATTITUDE
226.366953,120-240_ROLL_MOTION,37102015625600,314100,PITCH,3.01,-10.48,-10.05,-10.05,-10.05,0.0,-2.342,-10,1490,1,0,PID_ATTITUDE
226.460211,120-240_ROLL_MOTION,37102108884000,314200,PITCH,-2.05,-6.2,-5.89,-5.89,-5.89,0.0,-1.997,-8,1492,0,0,PID_ATTITUDE
226.569243,120-240_ROLL_MOTION,37102217916000,314300,PITCH,-4.1,-3.61,-3.49,-3.49,-3.49,0.0,-1.154,-5,1495,0,0,PID_ATTITUDE
226.660271,120-240_ROLL_MOTION,37102308944000,314400,PITCH,-4.64,-3.36,-3.57,-3.57,-3.57,0.0,0.174,-3,1497,0,0,PID_ATTITUDE
226.768654,120-240_ROLL_MOTION,37102417326700,314500,PITCH,-0.06,-7.95,-8.66,-8.66,-8.66,0.0,2.665,-6,1494,0,0,PID_ATTITUDE
226.861365,120-240_ROLL_MOTION,37102510037700,314600,PITCH,8.28,-13.96,-14.27,-14.27,-14.27,0.0,2.4,-10,1490,1,0,PID_ATTITUDE
226.970664,120-240_ROLL_MOTION,37102619336400,314700,PITCH,11.34,-15.22,-15.29,-15.29,-15.29,0.0,0.605,-10,1490,1,0,PID_ATTITUDE
227.064309,120-240_ROLL_MOTION,37102712981500,314800,PITCH,11.93,-15.18,-15.18,-15.18,-15.18,0.0,-0.015,-10,1490,1,0,PID_ATTITUDE
227.113664,120-240_ROLL_MOTION,37102762337300,314900,PITCH,9.32,-12.77,-12.14,-12.14,-12.14,0.0,-1.906,-10,1490,1,0,PID_ATTITUDE
227.266810,120-240_ROLL_MOTION,37102915483100,315000,PITCH,-0.35,-5.32,-4.68,-4.68,-4.68,0.0,-3.452,-8,1492,0,0,PID_ATTITUDE
227.468436,120-240_ROLL_MOTION,37103117109100,315200,PITCH,-8.22,1.75,1.87,1.87,1.87,0.0,-0.5,1,1501,0,0,PID_ATTITUDE
227.562710,120-240_ROLL_MOTION,37103211382700,315300,PITCH,-8.79,2.57,2.48,2.48,2.48,0.0,-0.142,2,1502,0,0,PID_ATTITUDE
227.764642,120-240_ROLL_MOTION,37103413314500,315500,PITCH,6.26,-8.97,-9.7,-9.7,-9.7,0.0,3.588,-6,1494,0,0,PID_ATTITUDE
227.873141,120-240_ROLL_MOTION,37103521813500,315600,PITCH,13.14,-13.51,-13.77,-13.77,-13.77,0.0,1.882,-10,1490,1,0,PID_ATTITUDE
227.964906,120-240_ROLL_MOTION,37103613578600,315700,PITCH,14.56,-15.07,-15.15,-15.15,-15.15,0.0,0.672,-10,1490,1,0,PID_ATTITUDE
228.072580,120-240_ROLL_MOTION,37103721253100,315800,PITCH,14.3,-14.63,-14.47,-14.47,-14.47,0.0,-0.422,-10,1490,1,0,PID_ATTITUDE
228.165463,120-240_ROLL_MOTION,37103814136100,315900,PITCH,9.25,-11.58,-11.25,-11.25,-11.25,0.0,-1.589,-10,1490,1,0,PID_ATTITUDE
228.273393,120-240_ROLL_MOTION,37103922066100,316000,PITCH,2.83,-8.5,-8.26,-8.26,-8.26,0.0,-1.44,-10,1490,0,0,PID_ATTITUDE
228.313690,120-240_ROLL_MOTION,37103962363100,316100,PITCH,-1.86,-6.05,-5.87,-5.87,-5.87,0.0,-1.185,-7,1493,0,0,PID_ATTITUDE
228.459540,120-240_ROLL_MOTION,37104108212900,316200,PITCH,-5.33,-4.25,-4.08,-4.08,-4.08,0.0,-0.945,-5,1495,0,0,PID_ATTITUDE
228.569385,120-240_ROLL_MOTION,37104218057800,316300,PITCH,-8.08,-2.26,-2.16,-2.16,-2.16,0.0,-0.876,-3,1497,0,0,PID_ATTITUDE
228.662805,120-240_ROLL_MOTION,37104311477800,316400,PITCH,-7.32,-2.13,-2.36,-2.36,-2.36,0.0,0.265,-2,1498,0,0,PID_ATTITUDE
228.773079,120-240_ROLL_MOTION,37104421752200,316500,PITCH,0.66,-5.59,-6.02,-6.02,-6.02,0.0,1.733,-4,1496,0,0,PID_ATTITUDE
228.866535,120-240_ROLL_MOTION,37104515208200,316600,PITCH,9.77,-9.42,-9.45,-9.45,-9.45,0.0,1.759,-8,1492,0,0,PID_ATTITUDE
228.960298,120-240_ROLL_MOTION,37104608971400,316700,PITCH,12.68,-10.84,-10.96,-10.96,-10.96,0.0,0.673,-10,1490,1,0,PID_ATTITUDE
229.068623,120-240_ROLL_MOTION,37104717295700,316800,PITCH,12.99,-11.14,-11.04,-11.04,-11.04,0.0,-0.075,-10,1490,1,0,PID_ATTITUDE
229.163314,120-240_ROLL_MOTION,37104811987100,316900,PITCH,7.13,-8.57,-8.27,-8.27,-8.27,0.0,-1.35,-10,1490,0,0,PID_ATTITUDE
229.272929,120-240_ROLL_MOTION,37104921601400,317000,PITCH,-1.67,-5.26,-4.97,-4.97,-4.97,0.0,-1.592,-7,1493,0,0,PID_ATTITUDE
229.313555,120-240_ROLL_MOTION,37104962228000,317100,PITCH,-7.34,-2.14,-1.91,-1.91,-1.91,0.0,-1.487,-3,1497,0,0,PID_ATTITUDE
229.570144,120-240_ROLL_MOTION,37105218816500,317300,PITCH,-8.01,-1.31,-1.9,-1.9,-1.9,0.0,0.56,-1,1499,0,0,PID_ATTITUDE
229.663500,120-240_ROLL_MOTION,37105312172500,317400,PITCH,5.07,-8.52,-9.24,-9.24,-9.24,0.0,3.287,-6,1494,0,0,PID_ATTITUDE
229.771821,120-240_ROLL_MOTION,37105420494100,317500,PITCH,11.87,-13.32,-13.67,-13.67,-13.67,0.0,2.047,-10,1490,1,0,PID_ATTITUDE
229.866074,120-240_ROLL_MOTION,37105514747200,317600,PITCH,13.06,-14.79,-14.78,-14.78,-14.78,0.0,0.42,-10,1490,1,0,PID_ATTITUDE
229.973623,120-240_ROLL_MOTION,37105622296200,317700,PITCH,10.29,-12.46,-11.93,-11.93,-11.93,0.0,-1.683,-10,1490,1,0,PID_ATTITUDE
230.066794,120-240_ROLL_MOTION,37105715467000,317800,PITCH,-0.57,-6.9,-6.44,-6.44,-6.44,0.0,-2.523,-9,1491,0,0,PID_ATTITUDE
230.160911,120-240_ROLL_MOTION,37105809584200,317900,PITCH,-9.68,-2.31,-1.98,-1.98,-1.98,0.0,-2.153,-4,1496,0,0,PID_ATTITUDE
230.363096,120-240_ROLL_MOTION,37106011768500,318100,PITCH,-13.12,-0.07,-0.41,0.0,0.0,0.0,0.0,0,1500,0,1,PID_ATTITUDE
230.471727,120-240_ROLL_MOTION,37106120399500,318200,PITCH,-2.94,-5.31,-5.92,-5.92,-5.92,0.0,2.467,-3,1497,0,0,PID_ATTITUDE
230.513391,120-240_ROLL_MOTION,37106162063900,318300,PITCH,6.96,-9.79,-10.14,-10.14,-10.14,0.0,1.952,-8,1492,0,0,PID_ATTITUDE
230.672657,120-240_ROLL_MOTION,37106321329900,318400,PITCH,10.45,-11.88,-11.99,-11.99,-11.99,0.0,0.838,-10,1490,1,0,PID_ATTITUDE
230.766718,120-240_ROLL_MOTION,37106415390600,318500,PITCH,9.93,-11.58,-11.33,-11.33,-11.33,0.0,-0.536,-10,1490,1,0,PID_ATTITUDE
230.860944,120-240_ROLL_MOTION,37106509616700,318600,PITCH,1.13,-7.77,-7.33,-7.33,-7.33,0.0,-1.971,-9,1491,0,0,PID_ATTITUDE
230.968367,120-240_ROLL_MOTION,37106617040100,318700,PITCH,-8.55,-3.29,-2.92,-2.92,-2.92,0.0,-2.116,-5,1495,0,0,PID_ATTITUDE
231.169828,120-240_ROLL_MOTION,37106818500900,318900,PITCH,-15.61,1.81,1.75,1.75,1.75,0.0,-0.196,2,1502,0,0,PID_ATTITUDE
231.371497,120-240_ROLL_MOTION,37107020170300,319100,PITCH,0.59,-7.01,-7.58,-7.58,-7.58,0.0,2.793,-5,1495,0,0,PID_ATTITUDE
231.464037,120-240_ROLL_MOTION,37107112709500,319200,PITCH,8.41,-10.83,-11.13,-11.13,-11.13,0.0,1.713,-9,1491,0,0,PID_ATTITUDE
231.571911,120-240_ROLL_MOTION,37107220583900,319300,PITCH,9.8,-11.64,-11.59,-11.59,-11.59,0.0,0.163,-10,1490,1,0,PID_ATTITUDE
231.665877,120-240_ROLL_MOTION,37107314550200,319400,PITCH,4.8,-8.5,-7.97,-7.97,-7.97,0.0,-1.977,-10,1490,0,0,PID_ATTITUDE
231.712914,120-240_ROLL_MOTION,37107361587100,319500,PITCH,-5.75,-2.86,-2.45,-2.45,-2.45,0.0,-2.527,-5,1495,0,0,PID_ATTITUDE
231.959429,120-240_ROLL_MOTION,37107608101600,319700,PITCH,-15.16,2.68,2.71,2.71,2.71,0.0,-0.55,2,1502,0,0,PID_ATTITUDE
232.160421,120-240_ROLL_MOTION,37107809093900,319900,PITCH,1.76,-7.39,-8.01,-8.01,-8.01,0.0,3.124,-5,1495,0,0,PID_ATTITUDE
232.269212,120-240_ROLL_MOTION,37107917884800,320000,PITCH,8.1,-10.49,-10.63,-10.63,-10.63,0.0,1.205,-9,1491,0,0,PID_ATTITUDE
232.361987,120-240_ROLL_MOTION,37108010660000,320100,PITCH,7.84,-10.8,-10.74,-10.74,-10.74,0.0,0.038,-10,1490,1,0,PID_ATTITUDE
232.470712,120-240_ROLL_MOTION,37108119384700,320200,PITCH,2.02,-8.12,-7.72,-7.72,-7.72,0.0,-1.588,-9,1491,0,0,PID_ATTITUDE
232.563752,120-240_ROLL_MOTION,37108212425300,320300,PITCH,-8.35,-3.56,-3.15,-3.15,-3.15,0.0,-2.188,-5,1495,0,0,PID_ATTITUDE
232.765947,120-240_ROLL_MOTION,37108414619500,320500,PITCH,-17.69,1.93,1.94,1.94,1.94,0.0,-0.341,2,1502,0,0,PID_ATTITUDE
232.967086,120-240_ROLL_MOTION,37108615758600,320700,PITCH,-2.96,-6.65,-7.47,-7.47,-7.47,0.0,3.332,-4,1496,0,0,PID_ATTITUDE
233.060058,120-240_ROLL_MOTION,37108708731100,320800,PITCH,8.15,-12.57,-12.97,-12.97,-12.97,0.0,2.602,-10,1490,1,0,PID_ATTITUDE
233.112929,120-240_ROLL_MOTION,37108761601600,320900,PITCH,10.89,-14.02,-14.06,-14.06,-14.06,0.0,0.611,-10,1490,1,0,PID_ATTITUDE
233.263085,120-240_ROLL_MOTION,37108911758300,321000,PITCH,7.8,-12.04,-11.61,-11.61,-11.61,0.0,-1.416,-10,1490,1,0,PID_ATTITUDE
233.372959,120-240_ROLL_MOTION,37109021632100,321100,PITCH,-2.53,-6.7,-6.13,-6.13,-6.13,0.0,-2.711,-9,1491,0,0,PID_ATTITUDE
233.466132,120-240_ROLL_MOTION,37109114804500,321200,PITCH,-12.16,-1.36,-1.01,-1.01,-1.01,0.0,-2.384,-3,1497,0,0,PID_ATTITUDE
233.559460,120-240_ROLL_MOTION,37109208132400,321300,PITCH,-16.47,1.37,1.48,1.48,1.48,0.0,-0.284,1,1501,0,0,PID_ATTITUDE
233.668819,120-240_ROLL_MOTION,37109317491500,321400,PITCH,-17.06,1.53,1.33,1.33,1.33,0.0,0.278,2,1502,0,0,PID_ATTITUDE
233.763271,120-240_ROLL_MOTION,37109411944000,321500,PITCH,-9.38,-3.51,-4.37,-4.37,-4.37,0.0,2.325,-2,1498,0,0,PID_ATTITUDE
233.872209,120-240_ROLL_MOTION,37109520881700,321600,PITCH,4.9,-10.61,-11.01,-11.01,-11.01,0.0,2.767,-8,1492,0,0,PID_ATTITUDE
233.965519,120-240_ROLL_MOTION,37109614191900,321700,PITCH,9.42,-12.86,-13.01,-13.01,-13.01,0.0,1.039,-10,1490,1,0,PID_ATTITUDE
234.058938,120-240_ROLL_MOTION,37109707610500,321800,PITCH,10.19,-12.98,-12.82,-12.82,-12.82,0.0,-0.221,-10,1490,1,0,PID_ATTITUDE
234.112779,120-240_ROLL_MOTION,37109761451700,321900,PITCH,2.82,-8.54,-7.89,-7.89,-7.89,0.0,-2.574,-10,1490,1,0,PID_ATTITUDE
234.259727,120-240_ROLL_MOTION,37109908400200,322000,PITCH,-8.2,-2.28,-1.87,-1.87,-1.87,0.0,-2.717,-5,1495,0,0,PID_ATTITUDE
234.464057,120-240_ROLL_MOTION,37110112729600,322200,PITCH,-14.93,1.54,1.41,1.41,1.41,0.0,0.042,1,1501,0,0,PID_ATTITUDE
234.573053,120-240_ROLL_MOTION,37110221725900,322300,PITCH,-8.66,-2.61,-3.44,-3.44,-3.44,0.0,1.835,-2,1498,0,0,PID_ATTITUDE
234.667110,120-240_ROLL_MOTION,37110315783100,322400,PITCH,5.32,-10.39,-10.78,-10.78,-10.78,0.0,2.969,-8,1492,0,0,PID_ATTITUDE
234.759568,120-240_ROLL_MOTION,37110408240600,322500,PITCH,8.7,-11.92,-12.04,-12.04,-12.04,0.0,0.795,-10,1490,1,0,PID_ATTITUDE
234.868240,120-240_ROLL_MOTION,37110516912800,322600,PITCH,7.22,-11.16,-10.8,-10.8,-10.8,0.0,-0.889,-10,1490,1,0,PID_ATTITUDE
234.962073,120-240_ROLL_MOTION,37110610745400,322700,PITCH,-3.71,-5.01,-4.31,-4.31,-4.31,0.0,-3.204,-8,1492,0,0,PID_ATTITUDE
235.163760,120-240_ROLL_MOTION,37110812432700,322900,PITCH,-17.54,2.95,2.96,2.96,2.96,0.0,-0.586,2,1502,0,0,PID_ATTITUDE
235.272371,120-240_ROLL_MOTION,37110921044300,323000,PITCH,-16.61,2.25,1.92,1.92,1.92,0.0,0.683,3,1503,0,0,PID_ATTITUDE
235.312628,120-240_ROLL_MOTION,37110961301100,323100,PITCH,-7.08,-3.78,-4.62,-4.62,-4.62,0.0,2.338,-2,1498,0,0,PID_ATTITUDE
235.472593,120-240_ROLL_MOTION,37111121266000,323200,PITCH,5.06,-9.84,-10.17,-10.17,-10.17,0.0,2.287,-8,1492,0,0,PID_ATTITUDE
235.567126,120-240_ROLL_MOTION,37111215799200,323300,PITCH,8.82,-11.56,-11.67,-11.67,-11.67,0.0,0.766,-10,1490,1,0,PID_ATTITUDE
235.660982,120-240_ROLL_MOTION,37111309655400,323400,PITCH,9.0,-11.75,-11.68,-11.68,-11.68,0.0,-0.068,-10,1490,1,0,PID_ATTITUDE
235.770583,120-240_ROLL_MOTION,37111419256200,323500,PITCH,3.2,-9.15,-8.8,-8.8,-8.8,0.0,-1.482,-10,1490,1,0,PID_ATTITUDE
235.864394,120-240_ROLL_MOTION,37111513066700,323600,PITCH,-6.3,-4.39,-3.93,-3.93,-3.93,0.0,-2.392,-6,1494,0,0,PID_ATTITUDE
236.067848,120-240_ROLL_MOTION,37111716520700,323800,PITCH,-14.75,0.58,0.55,0.0,0.0,0.0,0.0,0,1500,0,1,PID_ATTITUDE
236.161454,120-240_ROLL_MOTION,37111810127400,323900,PITCH,-12.71,-0.81,-1.26,-1.26,-1.26,0.0,0.0,-1,1499,0,0,PID_ATTITUDE
236.270837,120-240_ROLL_MOTION,37111919509900,324000,PITCH,-3.24,-6.21,-6.83,-6.83,-6.83,0.0,2.581,-4,1496,0,0,PID_ATTITUDE
236.364849,120-240_ROLL_MOTION,37112013522300,324100,PITCH,6.7,-11.37,-11.67,-11.67,-11.67,0.0,2.228,-9,1491,0,0,PID_ATTITUDE
236.412522,120-240_ROLL_MOTION,37112061194800,324200,PITCH,9.0,-12.94,-13.0,-13.0,-13.0,0.0,0.7,-10,1490,1,0,PID_ATTITUDE
236.566752,120-240_ROLL_MOTION,37112215425100,324300,PITCH,5.06,-10.9,-10.53,-10.53,-10.53,0.0,-1.349,-10,1490,1,0,PID_ATTITUDE
236.660262,120-240_ROLL_MOTION,37112308934900,324400,PITCH,-2.76,-7.07,-6.74,-6.74,-6.74,0.0,-1.803,-9,1491,0,0,PID_ATTITUDE
236.769012,120-240_ROLL_MOTION,37112417684700,324500,PITCH,-8.96,-3.95,-3.74,-3.74,-3.74,0.0,-1.44,-5,1495,0,0,PID_ATTITUDE
236.861774,120-240_ROLL_MOTION,37112510447200,324600,PITCH,-13.66,-1.79,-1.63,-1.63,-1.63,0.0,-1.08,-3,1497,0,0,PID_ATTITUDE
237.063496,120-240_ROLL_MOTION,37112712168800,324800,PITCH,-14.62,-1.62,-2.08,-2.08,-2.08,0.0,0.889,-1,1499,0,0,PID_ATTITUDE
237.172553,120-240_ROLL_MOTION,37112821225700,324900,PITCH,-3.27,-7.43,-7.99,-7.99,-7.99,0.0,2.728,-5,1495,0,0,PID_ATTITUDE
237.266192,120-240_ROLL_MOTION,37112914864900,325000,PITCH,4.88,-10.93,-11.14,-11.14,-11.14,0.0,1.453,-10,1490,0,0,PID_ATTITUDE
237.358249,120-240_ROLL_MOTION,37113006921900,325100,PITCH,7.6,-11.96,-11.99,-11.99,-11.99,0.0,0.397,-10,1490,1,0,PID_ATTITUDE
237.465306,120-240_ROLL_MOTION,37113113978800,325200,PITCH,8.1,-11.92,-11.94,-11.94,-11.94,0.0,0.008,-10,1490,1,0,PID_ATTITUDE
237.512295,120-240_ROLL_MOTION,37113160968000,325300,PITCH,7.59,-11.66,-11.62,-11.62,-11.62,0.0,-0.184,-10,1490,1,0,PID_ATTITUDE
237.668379,120-240_ROLL_MOTION,37113317052200,325400,PITCH,2.24,-9.69,-9.46,-9.46,-9.46,0.0,-1.11,-10,1490,1,0,PID_ATTITUDE
237.761236,120-240_ROLL_MOTION,37113409908700,325500,PITCH,-5.37,-7.0,-6.76,-6.76,-6.76,0.0,-1.352,-8,1492,0,0,PID_ATTITUDE
237.870056,120-240_ROLL_MOTION,37113518728800,325600,PITCH,-11.21,-4.74,-4.57,-4.57,-4.57,0.0,-1.088,-6,1494,0,0,PID_ATTITUDE
237.965001,120-240_ROLL_MOTION,37113613674400,325700,PITCH,-14.69,-3.03,-2.94,-2.94,-2.94,0.0,-0.779,-4,1496,0,0,PID_ATTITUDE
238.072961,120-240_ROLL_MOTION,37113721634200,325800,PITCH,-16.33,-2.08,-2.04,-2.04,-2.04,0.0,-0.45,-2,1498,0,0,PID_ATTITUDE
238.167124,120-240_ROLL_MOTION,37113815797200,325900,PITCH,-16.1,-1.98,-2.19,-2.19,-2.19,0.0,0.233,-2,1498,0,0,PID_ATTITUDE
238.260349,120-240_ROLL_MOTION,37113909022100,326000,PITCH,-7.19,-6.5,-7.17,-7.17,-7.17,0.0,2.57,-5,1495,0,0,PID_ATTITUDE
238.369037,120-240_ROLL_MOTION,37114017710100,326100,PITCH,5.25,-10.95,-11.11,-11.11,-11.11,0.0,1.582,-10,1490,0,0,PID_ATTITUDE
238.461200,120-240_ROLL_MOTION,37114109873000,326200,PITCH,7.98,-10.99,-10.98,-10.98,-10.98,0.0,0.045,-10,1490,1,0,PID_ATTITUDE
238.511927,120-240_ROLL_MOTION,37114160599800,326300,PITCH,5.52,-9.27,-8.97,-8.97,-8.97,0.0,-1.144,-10,1490,1,0,PID_ATTITUDE
238.664823,120-240_ROLL_MOTION,37114313496100,326400,PITCH,-2.78,-5.99,-5.69,-5.69,-5.69,0.0,-1.591,-7,1493,0,0,PID_ATTITUDE
238.772530,120-240_ROLL_MOTION,37114421202700,326500,PITCH,-10.02,-3.26,-3.1,-3.1,-3.1,0.0,-1.208,-4,1496,0,0,PID_ATTITUDE
238.867598,120-240_ROLL_MOTION,37114516270900,326600,PITCH,-14.31,-1.79,-1.7,-1.7,-1.7,0.0,-0.719,-2,1498,0,0,PID_ATTITUDE
238.960152,120-240_ROLL_MOTION,37114608824700,326700,PITCH,-16.15,-1.06,-1.07,-1.07,-1.07,0.0,-0.293,-1,1499,0,0,PID_ATTITUDE
239.069492,120-240_ROLL_MOTION,37114718164800,326800,PITCH,-14.3,-2.38,-2.86,-2.86,-2.86,0.0,1.162,-2,1498,0,0,PID_ATTITUDE
239.161876,120-240_ROLL_MOTION,37114810548500,326900,PITCH,-1.52,-8.92,-9.59,-9.59,-9.59,0.0,3.192,-6,1494,0,0,PID_ATTITUDE
239.271023,120-240_ROLL_MOTION,37114919695800,327000,PITCH,6.86,-12.97,-13.18,-13.18,-13.18,0.0,1.593,-10,1490,1,0,PID_ATTITUDE
239.363384,120-240_ROLL_MOTION,37115012056600,327100,PITCH,9.1,-13.81,-13.85,-13.85,-13.85,0.0,0.334,-10,1490,1,0,PID_ATTITUDE
239.473300,120-240_ROLL_MOTION,37115121972600,327200,PITCH,9.18,-13.59,-13.55,-13.55,-13.55,0.0,-0.163,-10,1490,1,0,PID_ATTITUDE
239.511888,120-240_ROLL_MOTION,37115160561300,327300,PITCH,8.89,-12.69,-12.57,-12.57,-12.57,0.0,-0.519,-10,1490,1,0,PID_ATTITUDE
239.659059,120-240_ROLL_MOTION,37115307731900,327400,PITCH,7.87,-11.49,-11.45,-11.45,-11.45,0.0,-0.467,-10,1490,1,0,PID_ATTITUDE
239.768439,120-240_ROLL_MOTION,37115417112100,327500,PITCH,6.47,-10.54,-10.41,-10.41,-10.41,0.0,-0.604,-10,1490,1,0,PID_ATTITUDE
239.862720,120-240_ROLL_MOTION,37115511392500,327600,PITCH,4.41,-7.8,-7.41,-7.41,-7.41,0.0,-1.622,-9,1491,0,0,PID_ATTITUDE
239.972042,120-240_ROLL_MOTION,37115620715400,327700,PITCH,0.81,-2.27,-1.99,-1.99,-1.99,0.0,-2.385,-4,1496,0,0,PID_ATTITUDE
240.159656,240-360_STILL,37115808328900,327900,PITCH,-0.18,-0.41,-0.43,0.0,0.0,0.0,0.0,0,1500,0,1,PID_ATTITUDE
240.269141,240-360_STILL,37115917814000,328000,PITCH,-0.14,-0.31,-0.33,0.0,0.0,0.0,0.0,0,1500,0,1,PID_ATTITUDE
240.567548,240-360_STILL,37116216221000,328300,PITCH,-0.06,-0.16,-0.18,0.0,0.0,0.0,0.0,0,1500,0,1,PID_ATTITUDE
240.658793,240-360_STILL,37116307466300,328400,PITCH,-0.04,-0.1,-0.13,0.0,0.0,0.0,0.0,0,1500,0,1,PID_ATTITUDE
240.811395,240-360_STILL,37116460067900,328600,PITCH,0.02,-0.04,-0.07,0.0,0.0,0.0,0.0,0,1500,0,1,PID_ATTITUDE
240.969623,240-360_STILL,37116618295600,328700,PITCH,0.03,-0.01,-0.04,0.0,0.0,0.0,0.0,0,1500,0,1,PID_ATTITUDE
241.063638,240-360_STILL,37116712310500,328800,PITCH,0.04,0.01,-0.02,0.0,0.0,0.0,0.0,0,1500,0,1,PID_ATTITUDE
241.157815,240-360_STILL,37116806487700,328900,PITCH,0.05,0.01,-0.02,0.0,0.0,0.0,0.0,0,1500,0,1,PID_ATTITUDE
241.265884,240-360_STILL,37116914557400,329000,PITCH,0.05,0.02,-0.01,0.0,0.0,0.0,0.0,0,1500,0,1,PID_ATTITUDE
241.359398,240-360_STILL,37117008070600,329100,PITCH,0.05,0.02,-0.01,0.0,0.0,0.0,0.0,0,1500,0,1,PID_ATTITUDE
241.468881,240-360_STILL,37117117554100,329200,PITCH,0.06,0.03,0.0,0.0,0.0,0.0,0.0,0,1500,0,1,PID_ATTITUDE
241.561426,240-360_STILL,37117210098400,329300,PITCH,0.06,0.05,0.02,0.0,0.0,0.0,0.0,0,1500,0,1,PID_ATTITUDE
241.670802,240-360_STILL,37117319474600,329400,PITCH,0.06,0.05,0.02,0.0,0.0,0.0,0.0,0,1500,0,1,PID_ATTITUDE
241.764458,240-360_STILL,37117413130900,329500,PITCH,0.07,0.03,0.01,0.0,0.0,0.0,0.0,0,1500,0,1,PID_ATTITUDE
241.811304,240-360_STILL,37117459976600,329600,PITCH,0.09,0.05,0.02,0.0,0.0,0.0,0.0,0,1500,0,1,PID_ATTITUDE
241.966384,240-360_STILL,37117615057000,329700,PITCH,0.08,0.02,-0.03,0.0,0.0,0.0,0.0,0,1500,0,1,PID_ATTITUDE
242.057846,240-360_STILL,37117706518700,329800,PITCH,0.03,-0.21,-0.26,0.0,0.0,0.0,0.0,0,1500,0,1,PID_ATTITUDE
242.166636,240-360_STILL,37117815308800,329900,PITCH,0.0,-0.31,-0.34,0.0,0.0,0.0,0.0,0,1500,0,1,PID_ATTITUDE
242.260202,240-360_STILL,37117908875400,330000,PITCH,0.0,-0.28,-0.31,0.0,0.0,0.0,0.0,0,1500,0,1,PID_ATTITUDE
242.368715,240-360_STILL,37118017387900,330100,PITCH,0.0,-0.31,-0.35,0.0,0.0,0.0,0.0,0,1500,0,1,PID_ATTITUDE
242.460760,240-360_STILL,37118109433100,330200,PITCH,-0.01,-0.41,-0.44,0.0,0.0,0.0,0.0,0,1500,0,1,PID_ATTITUDE
242.569124,240-360_STILL,37118217797100,330300,PITCH,0.0,-0.38,-0.4,0.0,0.0,0.0,0.0,0,1500,0,1,PID_ATTITUDE
242.662280,240-360_STILL,37118310952800,330400,PITCH,0.01,-0.33,-0.36,0.0,0.0,0.0,0.0,0,1500,0,1,PID_ATTITUDE
242.811364,240-360_STILL,37118460036500,330600,PITCH,0.06,-0.08,-0.11,0.0,0.0,0.0,0.0,0,1500,0,1,PID_ATTITUDE
242.957823,240-360_STILL,37118606496200,330700,PITCH,0.07,-0.03,-0.06,0.0,0.0,0.0,0.0,0,1500,0,1,PID_ATTITUDE
243.067944,240-360_STILL,37118716616400,330800,PITCH,0.11,0.11,0.14,0.0,0.0,0.0,0.0,0,1500,0,1,PID_ATTITUDE
243.160110,240-360_STILL,37118808782500,330900,PITCH,0.25,0.67,0.42,0.0,0.0,0.0,0.0,0,1500,0,1,PID_ATTITUDE
243.270179,240-360_STILL,37118918851700,331000,PITCH,-0.08,-1.11,-1.24,-1.24,-1.24,0.0,0.196,-1,1499,0,0,PID_ATTITUDE
243.364548,240-360_STILL,37119013220800,331100,PITCH,-0.13,-1.51,-1.55,-1.55,-1.55,0.0,0.115,-1,1499,0,0,PID_ATTITUDE
243.458373,240-360_STILL,37119107046200,331200,PITCH,-0.13,-1.51,-1.53,-1.53,-1.53,0.0,-0.006,-2,1498,0,0,PID_ATTITUDE
243.567472,240-360_STILL,37119216145200,331300,PITCH,-0.12,-1.48,-1.51,-1.51,-1.51,0.0,-0.005,-2,1498,0,0,PID_ATTITUDE
243.660745,240-360_STILL,37119309418300,331400,PITCH,-0.1,-1.44,-1.47,-1.47,-1.47,0.0,-0.018,-1,1499,0,0,PID_ATTITUDE
243.770257,240-360_STILL,37119418930200,331500,PITCH,-0.15,-1.57,-1.4,-1.4,-1.4,0.0,-0.292,-2,1498,0,0,PID_ATTITUDE
243.910762,240-360_STILL,37119559435000,331700,PITCH,0.11,-0.2,-0.3,0.0,0.0,0.0,0.0,0,1500,0,1,PID_ATTITUDE
244.063719,240-360_STILL,37119712391800,331800,PITCH,0.09,-0.44,-0.44,0.0,0.0,0.0,0.0,0,1500,0,1,PID_ATTITUDE
244.170788,240-360_STILL,37119819461400,331900,PITCH,0.09,0.08,0.07,0.0,0.0,0.0,0.0,0,1500,0,1,PID_ATTITUDE
244.264887,240-360_STILL,37119913560100,332000,PITCH,0.09,0.14,0.11,0.0,0.0,0.0,0.0,0,1500,0,1,PID_ATTITUDE
244.358755,240-360_STILL,37120007427800,332100,PITCH,0.07,0.1,0.06,0.0,0.0,0.0,0.0,0,1500,0,1,PID_ATTITUDE
244.466914,240-360_STILL,37120115587100,332200,PITCH,0.06,0.06,0.02,0.0,0.0,0.0,0.0,0,1500,0,1,PID_ATTITUDE
244.562000,240-360_STILL,37120210672700,332300,PITCH,0.06,0.01,-0.02,0.0,0.0,0.0,0.0,0,1500,0,1,PID_ATTITUDE
244.670342,240-360_STILL,37120319015000,332400,PITCH,0.05,-0.01,-0.04,0.0,0.0,0.0,0.0,0,1500,0,1,PID_ATTITUDE
244.762864,240-360_STILL,37120411536400,332500,PITCH,0.06,-0.03,-0.06,0.0,0.0,0.0,0.0,0,1500,0,1,PID_ATTITUDE
244.871475,240-360_STILL,37120520147900,332600,PITCH,0.06,-0.06,-0.09,0.0,0.0,0.0,0.0,0,1500,0,1,PID_ATTITUDE
244.910785,240-360_STILL,37120559458000,332700,PITCH,0.06,-0.08,-0.11,0.0,0.0,0.0,0.0,0,1500,0,1,PID_ATTITUDE
245.058117,240-360_STILL,37120706790300,332800,PITCH,0.05,-0.09,-0.12,0.0,0.0,0.0,0.0,0,1500,0,1,PID_ATTITUDE
245.166125,240-360_STILL,37120814798000,332900,PITCH,0.04,-0.1,-0.13,0.0,0.0,0.0,0.0,0,1500,0,1,PID_ATTITUDE
245.258943,240-360_STILL,37120907615500,333000,PITCH,0.03,-0.1,-0.13,0.0,0.0,0.0,0.0,0,1500,0,1,PID_ATTITUDE
245.367892,240-360_STILL,37121016564400,333100,PITCH,0.03,-0.11,-0.14,0.0,0.0,0.0,0.0,0,1500,0,1,PID_ATTITUDE
245.459676,240-360_STILL,37121108348500,333200,PITCH,0.03,-0.11,-0.14,0.0,0.0,0.0,0.0,0,1500,0,1,PID_ATTITUDE
245.568445,240-360_STILL,37121217118100,333300,PITCH,0.04,-0.12,-0.15,0.0,0.0,0.0,0.0,0,1500,0,1,PID_ATTITUDE
245.662894,240-360_STILL,37121311567200,333400,PITCH,0.04,-0.12,-0.15,0.0,0.0,0.0,0.0,0,1500,0,1,PID_ATTITUDE
245.756436,240-360_STILL,37121405108400,333500,PITCH,0.04,-0.11,-0.14,0.0,0.0,0.0,0.0,0,1500,0,1,PID_ATTITUDE
245.864888,240-360_STILL,37121513560600,333600,PITCH,0.05,-0.11,-0.14,0.0,0.0,0.0,0.0,0,1500,0,1,PID_ATTITUDE
245.910674,240-360_STILL,37121559347400,333700,PITCH,0.05,-0.11,-0.14,0.0,0.0,0.0,0.0,0,1500,0,1,PID_ATTITUDE
246.068779,240-360_STILL,37121717451400,333800,PITCH,0.04,-0.11,-0.14,0.0,0.0,0.0,0.0,0,1500,0,1,PID_ATTITUDE
246.162170,240-360_STILL,37121810842900,333900,PITCH,0.05,-0.12,-0.15,0.0,0.0,0.0,0.0,0,1500,0,1,PID_ATTITUDE
246.269708,240-360_STILL,37121918380600,334000,PITCH,0.05,-0.12,-0.16,0.0,0.0,0.0,0.0,0,1500,0,1,PID_ATTITUDE
246.363448,240-360_STILL,37122012120600,334100,PITCH,0.05,-0.13,-0.16,0.0,0.0,0.0,0.0,0,1500,0,1,PID_ATTITUDE
246.456726,240-360_STILL,37122105398700,334200,PITCH,0.05,-0.13,-0.16,0.0,0.0,0.0,0.0,0,1500,0,1,PID_ATTITUDE
246.565828,240-360_STILL,37122214500500,334300,PITCH,0.04,-0.14,-0.17,0.0,0.0,0.0,0.0,0,1500,0,1,PID_ATTITUDE
246.659345,240-360_STILL,37122308017400,334400,PITCH,0.04,-0.14,-0.16,0.0,0.0,0.0,0.0,0,1500,0,1,PID_ATTITUDE
246.768301,240-360_STILL,37122416973800,334500,PITCH,0.04,-0.14,-0.17,0.0,0.0,0.0,0.0,0,1500,0,1,PID_ATTITUDE
246.862476,240-360_STILL,37122511148700,334600,PITCH,0.05,-0.15,-0.19,0.0,0.0,0.0,0.0,0,1500,0,1,PID_ATTITUDE
246.910310,240-360_STILL,37122558982800,334700,PITCH,0.05,-0.15,-0.19,0.0,0.0,0.0,0.0,0,1500,0,1,PID_ATTITUDE
247.063520,240-360_STILL,37122712193100,334800,PITCH,0.05,-0.16,-0.19,0.0,0.0,0.0,0.0,0,1500,0,1,PID_ATTITUDE
247.158367,240-360_STILL,37122807039700,334900,PITCH,0.06,-0.16,-0.19,0.0,0.0,0.0,0.0,0,1500,0,1,PID_ATTITUDE
247.266301,240-360_STILL,37122914973500,335000,PITCH,0.05,-0.16,-0.2,0.0,0.0,0.0,0.0,0,1500,0,1,PID_ATTITUDE
247.359864,240-360_STILL,37123008537100,335100,PITCH,0.07,-0.17,-0.2,0.0,0.0,0.0,0.0,0,1500,0,1,PID_ATTITUDE
247.468103,240-360_STILL,37123116775900,335200,PITCH,0.05,-0.17,-0.2,0.0,0.0,0.0,0.0,0,1500,0,1,PID_ATTITUDE
247.561439,240-360_STILL,37123210111700,335300,PITCH,0.05,-0.17,-0.2,0.0,0.0,0.0,0.0,0,1500,0,1,PID_ATTITUDE
247.656323,240-360_STILL,37123304995800,335400,PITCH,0.04,-0.15,-0.18,0.0,0.0,0.0,0.0,0,1500,0,1,PID_ATTITUDE
247.765530,240-360_STILL,37123414203100,335500,PITCH,0.03,-0.15,-0.18,0.0,0.0,0.0,0.0,0,1500,0,1,PID_ATTITUDE
247.859023,240-360_STILL,37123507696000,335600,PITCH,0.04,-0.15,-0.18,0.0,0.0,0.0,0.0,0,1500,0,1,PID_ATTITUDE
247.910351,240-360_STILL,37123559024100,335700,PITCH,0.04,-0.15,-0.18,0.0,0.0,0.0,0.0,0,1500,0,1,PID_ATTITUDE
248.061548,240-360_STILL,37123710220500,335800,PITCH,0.04,-0.15,-0.19,0.0,0.0,0.0,0.0,0,1500,0,1,PID_ATTITUDE
248.171269,240-360_STILL,37123819941500,335900,PITCH,0.03,-0.16,-0.19,0.0,0.0,0.0,0.0,0,1500,0,1,PID_ATTITUDE
248.264484,240-360_STILL,37123913157000,336000,PITCH,0.04,-0.16,-0.19,0.0,0.0,0.0,0.0,0,1500,0,1,PID_ATTITUDE
248.358646,240-360_STILL,37124007319000,336100,PITCH,0.05,-0.15,-0.18,0.0,0.0,0.0,0.0,0,1500,0,1,PID_ATTITUDE
248.468717,240-360_STILL,37124117390200,336200,PITCH,0.05,-0.16,-0.19,0.0,0.0,0.0,0.0,0,1500,0,1,PID_ATTITUDE
248.562984,240-360_STILL,37124211657000,336300,PITCH,0.05,-0.16,-0.19,0.0,0.0,0.0,0.0,0,1500,0,1,PID_ATTITUDE
248.656836,240-360_STILL,37124305508900,336400,PITCH,0.05,-0.16,-0.19,0.0,0.0,0.0,0.0,0,1500,0,1,PID_ATTITUDE
248.765639,240-360_STILL,37124414312400,336500,PITCH,0.03,-0.16,-0.19,0.0,0.0,0.0,0.0,0,1500,0,1,PID_ATTITUDE
248.858634,240-360_STILL,37124507307200,336600,PITCH,0.02,-0.16,-0.19,0.0,0.0,0.0,0.0,0,1500,0,1,PID_ATTITUDE
248.910234,240-360_STILL,37124558906900,336700,PITCH,0.02,-0.16,-0.19,0.0,0.0,0.0,0.0,0,1500,0,1,PID_ATTITUDE
249.060374,240-360_STILL,37124709047300,336800,PITCH,0.03,-0.17,-0.2,0.0,0.0,0.0,0.0,0,1500,0,1,PID_ATTITUDE
249.169104,240-360_STILL,37124817777100,336900,PITCH,0.03,-0.17,-0.2,0.0,0.0,0.0,0.0,0,1500,0,1,PID_ATTITUDE
249.263447,240-360_STILL,37124912120000,337000,PITCH,0.05,-0.16,-0.19,0.0,0.0,0.0,0.0,0,1500,0,1,PID_ATTITUDE
249.357150,240-360_STILL,37125005823000,337100,PITCH,0.04,-0.17,-0.2,0.0,0.0,0.0,0.0,0,1500,0,1,PID_ATTITUDE
249.465801,240-360_STILL,37125114473500,337200,PITCH,0.04,-0.17,-0.2,0.0,0.0,0.0,0.0,0,1500,0,1,PID_ATTITUDE
249.556852,240-360_STILL,37125205525300,337300,PITCH,0.04,-0.17,-0.2,0.0,0.0,0.0,0.0,0,1500,0,1,PID_ATTITUDE
249.666548,240-360_STILL,37125315220700,337400,PITCH,0.05,-0.16,-0.19,0.0,0.0,0.0,0.0,0,1500,0,1,PID_ATTITUDE
249.760893,240-360_STILL,37125409565400,337500,PITCH,0.04,-0.16,-0.19,0.0,0.0,0.0,0.0,0,1500,0,1,PID_ATTITUDE
249.870290,240-360_STILL,37125518963100,337600,PITCH,0.04,-0.16,-0.19,0.0,0.0,0.0,0.0,0,1500,0,1,PID_ATTITUDE
249.909880,240-360_STILL,37125558552500,337700,PITCH,0.04,-0.15,-0.18,0.0,0.0,0.0,0.0,0,1500,0,1,PID_ATTITUDE
250.056592,240-360_STILL,37125705264500,337800,PITCH,0.03,-0.15,-0.18,0.0,0.0,0.0,0.0,0,1500,0,1,PID_ATTITUDE
250.165260,240-360_STILL,37125813932500,337900,PITCH,0.03,-0.15,-0.18,0.0,0.0,0.0,0.0,0,1500,0,1,PID_ATTITUDE
250.259176,240-360_STILL,37125907848500,338000,PITCH,0.04,-0.15,-0.19,0.0,0.0,0.0,0.0,0,1500,0,1,PID_ATTITUDE
250.366716,240-360_STILL,37126015389000,338100,PITCH,0.05,-0.17,-0.2,0.0,0.0,0.0,0.0,0,1500,0,1,PID_ATTITUDE
250.460794,240-360_STILL,37126109466800,338200,PITCH,0.05,-0.17,-0.2,0.0,0.0,0.0,0.0,0,1500,0,1,PID_ATTITUDE
250.570978,240-360_STILL,37126219650800,338300,PITCH,0.06,-0.16,-0.19,0.0,0.0,0.0,0.0,0,1500,0,1,PID_ATTITUDE
250.665237,240-360_STILL,37126313910400,338400,PITCH,0.07,-0.16,-0.19,0.0,0.0,0.0,0.0,0,1500,0,1,PID_ATTITUDE
250.757561,240-360_STILL,37126406233500,338500,PITCH,0.06,-0.17,-0.2,0.0,0.0,0.0,0.0,0,1500,0,1,PID_ATTITUDE
250.868226,240-360_STILL,37126516898700,338600,PITCH,0.06,-0.18,-0.21,0.0,0.0,0.0,0.0,0,1500,0,1,PID_ATTITUDE
250.909797,240-360_STILL,37126558469800,338700,PITCH,0.06,-0.17,-0.2,0.0,0.0,0.0,0.0,0,1500,0,1,PID_ATTITUDE
251.056247,240-360_STILL,37126704920300,338800,PITCH,0.07,-0.17,-0.2,0.0,0.0,0.0,0.0,0,1500,0,1,PID_ATTITUDE
251.164823,240-360_STILL,37126813496100,338900,PITCH,0.07,-0.17,-0.2,0.0,0.0,0.0,0.0,0,1500,0,1,PID_ATTITUDE
251.259515,240-360_STILL,37126908187700,339000,PITCH,0.07,-0.18,-0.21,0.0,0.0,0.0,0.0,0,1500,0,1,PID_ATTITUDE
251.368122,240-360_STILL,37127016795300,339100,PITCH,0.06,-0.16,-0.19,0.0,0.0,0.0,0.0,0,1500,0,1,PID_ATTITUDE
251.461172,240-360_STILL,37127109844400,339200,PITCH,0.07,-0.15,-0.18,0.0,0.0,0.0,0.0,0,1500,0,1,PID_ATTITUDE
251.555691,240-360_STILL,37127204363700,339300,PITCH,0.08,-0.16,-0.19,0.0,0.0,0.0,0.0,0,1500,0,1,PID_ATTITUDE
251.664542,240-360_STILL,37127313215000,339400,PITCH,0.07,-0.16,-0.19,0.0,0.0,0.0,0.0,0,1500,0,1,PID_ATTITUDE
251.757568,240-360_STILL,37127406241000,339500,PITCH,0.07,-0.16,-0.19,0.0,0.0,0.0,0.0,0,1500,0,1,PID_ATTITUDE
251.866548,240-360_STILL,37127515220700,339600,PITCH,0.07,-0.16,-0.19,0.0,0.0,0.0,0.0,0,1500,0,1,PID_ATTITUDE
251.909566,240-360_STILL,37127558238700,339700,PITCH,0.06,-0.16,-0.19,0.0,0.0,0.0,0.0,0,1500,0,1,PID_ATTITUDE
252.069716,240-360_STILL,37127718389400,339800,PITCH,0.06,-0.16,-0.19,0.0,0.0,0.0,0.0,0,1500,0,1,PID_ATTITUDE
252.161828,240-360_STILL,37127810501100,339900,PITCH,0.06,-0.16,-0.19,0.0,0.0,0.0,0.0,0,1500,0,1,PID_ATTITUDE
252.254860,240-360_STILL,37127903532600,340000,PITCH,0.06,-0.17,-0.2,0.0,0.0,0.0,0.0,0,1500,0,1,PID_ATTITUDE
252.361973,240-360_STILL,37128010645800,340100,PITCH,0.07,-0.18,-0.21,0.0,0.0,0.0,0.0,0,1500,0,1,PID_ATTITUDE
252.468986,240-360_STILL,37128117659400,340200,PITCH,0.07,-0.18,-0.21,0.0,0.0,0.0,0.0,0,1500,0,1,PID_ATTITUDE
252.563394,240-360_STILL,37128212067300,340300,PITCH,0.07,-0.19,-0.22,0.0,0.0,0.0,0.0,0,1500,0,1,PID_ATTITUDE
252.658004,240-360_STILL,37128306676800,340400,PITCH,0.06,-0.19,-0.22,0.0,0.0,0.0,0.0,0,1500,0,1,PID_ATTITUDE
252.765428,240-360_STILL,37128414101200,340500,PITCH,0.06,-0.18,-0.21,0.0,0.0,0.0,0.0,0,1500,0,1,PID_ATTITUDE
252.857485,240-360_STILL,37128506157900,340600,PITCH,0.06,-0.18,-0.2,0.0,0.0,0.0,0.0,0,1500,0,1,PID_ATTITUDE
252.909419,240-360_STILL,37128558092000,340700,PITCH,0.06,-0.18,-0.21,0.0,0.0,0.0,0.0,0,1500,0,1,PID_ATTITUDE
253.060553,240-360_STILL,37128709225800,340800,PITCH,0.05,-0.17,-0.2,0.0,0.0,0.0,0.0,0,1500,0,1,PID_ATTITUDE
253.167731,240-360_STILL,37128816403800,340900,PITCH,0.05,-0.17,-0.2,0.0,0.0,0.0,0.0,0,1500,0,1,PID_ATTITUDE
253.260672,240-360_STILL,37128909344700,341000,PITCH,0.05,-0.17,-0.2,0.0,0.0,0.0,0.0,0,1500,0,1,PID_ATTITUDE
253.369416,240-360_STILL,37129018089400,341100,PITCH,0.04,-0.17,-0.2,0.0,0.0,0.0,0.0,0,1500,0,1,PID_ATTITUDE
253.462502,240-360_STILL,37129111174900,341200,PITCH,0.03,-0.16,-0.19,0.0,0.0,0.0,0.0,0,1500,0,1,PID_ATTITUDE
253.556317,240-360_STILL,37129204990200,341300,PITCH,0.03,-0.17,-0.2,0.0,0.0,0.0,0.0,0,1500,0,1,PID_ATTITUDE
253.666224,240-360_STILL,37129314897200,341400,PITCH,0.03,-0.17,-0.19,0.0,0.0,0.0,0.0,0,1500,0,1,PID_ATTITUDE
253.759398,240-360_STILL,37129408071100,341500,PITCH,0.03,-0.16,-0.19,0.0,0.0,0.0,0.0,0,1500,0,1,PID_ATTITUDE
253.868712,240-360_STILL,37129517385400,341600,PITCH,0.04,-0.16,-0.19,0.0,0.0,0.0,0.0,0,1500,0,1,PID_ATTITUDE
253.909308,240-360_STILL,37129557981300,341700,PITCH,0.04,-0.15,-0.18,0.0,0.0,0.0,0.0,0,1500,0,1,PID_ATTITUDE
254.056616,240-360_STILL,37129705289000,341800,PITCH,0.04,-0.16,-0.19,0.0,0.0,0.0,0.0,0,1500,0,1,PID_ATTITUDE
254.165195,240-360_STILL,37129813868100,341900,PITCH,0.03,-0.16,-0.19,0.0,0.0,0.0,0.0,0,1500,0,1,PID_ATTITUDE
254.259470,240-360_STILL,37129908142900,342000,PITCH,0.03,-0.16,-0.19,0.0,0.0,0.0,0.0,0,1500,0,1,PID_ATTITUDE
254.369153,240-360_STILL,37130017825500,342100,PITCH,0.03,-0.15,-0.18,0.0,0.0,0.0,0.0,0,1500,0,1,PID_ATTITUDE
254.460445,240-360_STILL,37130109117800,342200,PITCH,0.04,-0.15,-0.18,0.0,0.0,0.0,0.0,0,1500,0,1,PID_ATTITUDE
254.568811,240-360_STILL,37130217484200,342300,PITCH,0.05,-0.15,-0.18,0.0,0.0,0.0,0.0,0,1500,0,1,PID_ATTITUDE
254.661136,240-360_STILL,37130309809000,342400,PITCH,0.07,-0.14,-0.17,0.0,0.0,0.0,0.0,0,1500,0,1,PID_ATTITUDE
254.770051,240-360_STILL,37130418723500,342500,PITCH,0.06,-0.14,-0.18,0.0,0.0,0.0,0.0,0,1500,0,1,PID_ATTITUDE
254.862204,240-360_STILL,37130510877100,342600,PITCH,0.06,-0.15,-0.18,0.0,0.0,0.0,0.0,0,1500,0,1,PID_ATTITUDE
254.909251,240-360_STILL,37130557923800,342700,PITCH,0.06,-0.15,-0.18,0.0,0.0,0.0,0.0,0,1500,0,1,PID_ATTITUDE
255.066901,240-360_STILL,37130715574000,342800,PITCH,0.05,-0.14,-0.17,0.0,0.0,0.0,0.0,0,1500,0,1,PID_ATTITUDE
255.160810,240-360_STILL,37130809482900,342900,PITCH,0.05,-0.14,-0.17,0.0,0.0,0.0,0.0,0,1500,0,1,PID_ATTITUDE
255.254885,240-360_STILL,37130903558100,343000,PITCH,0.05,-0.15,-0.18,0.0,0.0,0.0,0.0,0,1500,0,1,PID_ATTITUDE
255.363788,240-360_STILL,37131012460900,343100,PITCH,0.04,-0.16,-0.19,0.0,0.0,0.0,0.0,0,1500,0,1,PID_ATTITUDE
255.458729,240-360_STILL,37131107401800,343200,PITCH,0.03,-0.17,-0.2,0.0,0.0,0.0,0.0,0,1500,0,1,PID_ATTITUDE
255.566277,240-360_STILL,37131214949600,343300,PITCH,0.03,-0.17,-0.2,0.0,0.0,0.0,0.0,0,1500,0,1,PID_ATTITUDE
255.660867,240-360_STILL,37131309539900,343400,PITCH,0.03,-0.17,-0.2,0.0,0.0,0.0,0.0,0,1500,0,1,PID_ATTITUDE
255.755874,240-360_STILL,37131404546800,343500,PITCH,0.04,-0.17,-0.2,0.0,0.0,0.0,0.0,0,1500,0,1,PID_ATTITUDE
255.865069,240-360_STILL,37131513741400,343600,PITCH,0.04,-0.18,-0.21,0.0,0.0,0.0,0.0,0,1500,0,1,PID_ATTITUDE
255.909021,240-360_STILL,37131557694000,343700,PITCH,0.04,-0.17,-0.2,0.0,0.0,0.0,0.0,0,1500,0,1,PID_ATTITUDE
256.066277,240-360_STILL,37131714950200,343800,PITCH,0.05,-0.17,-0.2,0.0,0.0,0.0,0.0,0,1500,0,1,PID_ATTITUDE
256.159270,240-360_STILL,37131807943300,343900,PITCH,0.05,-0.18,-0.21,0.0,0.0,0.0,0.0,0,1500,0,1,PID_ATTITUDE
256.268631,240-360_STILL,37131917303900,344000,PITCH,0.05,-0.17,-0.2,0.0,0.0,0.0,0.0,0,1500,0,1,PID_ATTITUDE
256.361779,240-360_STILL,37132010452000,344100,PITCH,0.05,-0.16,-0.19,0.0,0.0,0.0,0.0,0,1500,0,1,PID_ATTITUDE
256.455585,240-360_STILL,37132104257800,344200,PITCH,0.05,-0.15,-0.18,0.0,0.0,0.0,0.0,0,1500,0,1,PID_ATTITUDE
256.564382,240-360_STILL,37132213054500,344300,PITCH,0.04,-0.14,-0.17,0.0,0.0,0.0,0.0,0,1500,0,1,PID_ATTITUDE
256.657171,240-360_STILL,37132305844300,344400,PITCH,0.04,-0.15,-0.19,0.0,0.0,0.0,0.0,0,1500,0,1,PID_ATTITUDE
256.765889,240-360_STILL,37132414562300,344500,PITCH,0.04,-0.16,-0.19,0.0,0.0,0.0,0.0,0,1500,0,1,PID_ATTITUDE
256.858990,240-360_STILL,37132507663000,344600,PITCH,0.04,-0.16,-0.19,0.0,0.0,0.0,0.0,0,1500,0,1,PID_ATTITUDE
256.908793,240-360_STILL,37132557466300,344700,PITCH,0.04,-0.16,-0.19,0.0,0.0,0.0,0.0,0,1500,0,1,PID_ATTITUDE
257.062161,240-360_STILL,37132710834300,344800,PITCH,0.04,-0.17,-0.2,0.0,0.0,0.0,0.0,0,1500,0,1,PID_ATTITUDE
257.155391,240-360_STILL,37132804064200,344900,PITCH,0.04,-0.18,-0.21,0.0,0.0,0.0,0.0,0,1500,0,1,PID_ATTITUDE
257.263416,240-360_STILL,37132912089200,345000,PITCH,0.04,-0.18,-0.21,0.0,0.0,0.0,0.0,0,1500,0,1,PID_ATTITUDE
257.357926,240-360_STILL,37133006598400,345100,PITCH,0.03,-0.18,-0.21,0.0,0.0,0.0,0.0,0,1500,0,1,PID_ATTITUDE
257.466494,240-360_STILL,37133115167200,345200,PITCH,0.03,-0.17,-0.2,0.0,0.0,0.0,0.0,0,1500,0,1,PID_ATTITUDE
257.560912,240-360_STILL,37133209585300,345300,PITCH,0.03,-0.17,-0.2,0.0,0.0,0.0,0.0,0,1500,0,1,PID_ATTITUDE
257.668657,240-360_STILL,37133317329900,345400,PITCH,0.03,-0.17,-0.2,0.0,0.0,0.0,0.0,0,1500,0,1,PID_ATTITUDE
257.762639,240-360_STILL,37133411312200,345500,PITCH,0.03,-0.17,-0.2,0.0,0.0,0.0,0.0,0,1500,0,1,PID_ATTITUDE
257.855389,240-360_STILL,37133504062000,345600,PITCH,0.04,-0.18,-0.2,0.0,0.0,0.0,0.0,0,1500,0,1,PID_ATTITUDE
257.908661,240-360_STILL,37133557333500,345700,PITCH,0.03,-0.17,-0.2,0.0,0.0,0.0,0.0,0,1500,0,1,PID_ATTITUDE
258.058800,240-360_STILL,37133707473000,345800,PITCH,0.04,-0.18,-0.21,0.0,0.0,0.0,0.0,0,1500,0,1,PID_ATTITUDE
258.167372,240-360_STILL,37133816044600,345900,PITCH,0.03,-0.17,-0.2,0.0,0.0,0.0,0.0,0,1500,0,1,PID_ATTITUDE
258.259865,240-360_STILL,37133908537800,346000,PITCH,0.03,-0.18,-0.21,0.0,0.0,0.0,0.0,0,1500,0,1,PID_ATTITUDE
258.369654,240-360_STILL,37134018326600,346100,PITCH,0.04,-0.17,-0.2,0.0,0.0,0.0,0.0,0,1500,0,1,PID_ATTITUDE
258.463166,240-360_STILL,37134111838500,346200,PITCH,0.04,-0.17,-0.2,0.0,0.0,0.0,0.0,0,1500,0,1,PID_ATTITUDE
258.558072,240-360_STILL,37134206745100,346300,PITCH,0.04,-0.18,-0.21,0.0,0.0,0.0,0.0,0,1500,0,1,PID_ATTITUDE
258.667773,240-360_STILL,37134316445700,346400,PITCH,0.04,-0.17,-0.2,0.0,0.0,0.0,0.0,0,1500,0,1,PID_ATTITUDE
258.760562,240-360_STILL,37134409234700,346500,PITCH,0.04,-0.17,-0.2,0.0,0.0,0.0,0.0,0,1500,0,1,PID_ATTITUDE
258.855163,240-360_STILL,37134503836000,346600,PITCH,0.05,-0.17,-0.2,0.0,0.0,0.0,0.0,0,1500,0,1,PID_ATTITUDE
258.908718,240-360_STILL,37134557390400,346700,PITCH,0.06,-0.17,-0.2,0.0,0.0,0.0,0.0,0,1500,0,1,PID_ATTITUDE
259.056502,240-360_STILL,37134705175100,346800,PITCH,0.06,-0.18,-0.2,0.0,0.0,0.0,0.0,0,1500,0,1,PID_ATTITUDE
259.165725,240-360_STILL,37134814397800,346900,PITCH,0.06,-0.17,-0.2,0.0,0.0,0.0,0.0,0,1500,0,1,PID_ATTITUDE
259.259819,240-360_STILL,37134908492400,347000,PITCH,0.07,-0.17,-0.2,0.0,0.0,0.0,0.0,0,1500,0,1,PID_ATTITUDE
259.369718,240-360_STILL,37135018390900,347100,PITCH,0.05,-0.17,-0.2,0.0,0.0,0.0,0.0,0,1500,0,1,PID_ATTITUDE
259.461738,240-360_STILL,37135110410400,347200,PITCH,0.05,-0.16,-0.19,0.0,0.0,0.0,0.0,0,1500,0,1,PID_ATTITUDE
259.569605,240-360_STILL,37135218277700,347300,PITCH,0.05,-0.17,-0.19,0.0,0.0,0.0,0.0,0,1500,0,1,PID_ATTITUDE
259.663963,240-360_STILL,37135312636100,347400,PITCH,0.05,-0.15,-0.18,0.0,0.0,0.0,0.0,0,1500,0,1,PID_ATTITUDE
259.756865,240-360_STILL,37135405537800,347500,PITCH,0.05,-0.14,-0.17,0.0,0.0,0.0,0.0,0,1500,0,1,PID_ATTITUDE
259.865974,240-360_STILL,37135514647100,347600,PITCH,0.05,-0.13,-0.16,0.0,0.0,0.0,0.0,0,1500,0,1,PID_ATTITUDE
259.908471,240-360_STILL,37135557143400,347700,PITCH,0.04,-0.13,-0.16,0.0,0.0,0.0,0.0,0,1500,0,1,PID_ATTITUDE
260.067832,240-360_STILL,37135716504800,347800,PITCH,0.04,-0.15,-0.18,0.0,0.0,0.0,0.0,0,1500,0,1,PID_ATTITUDE
260.160291,240-360_STILL,37135808963600,347900,PITCH,0.04,-0.16,-0.2,0.0,0.0,0.0,0.0,0,1500,0,1,PID_ATTITUDE
260.267270,240-360_STILL,37135915943100,348000,PITCH,0.04,-0.17,-0.2,0.0,0.0,0.0,0.0,0,1500,0,1,PID_ATTITUDE
260.361444,240-360_STILL,37136010117300,348100,PITCH,0.05,-0.16,-0.19,0.0,0.0,0.0,0.0,0,1500,0,1,PID_ATTITUDE
260.455851,240-360_STILL,37136104523600,348200,PITCH,0.05,-0.16,-0.19,0.0,0.0,0.0,0.0,0,1500,0,1,PID_ATTITUDE
260.564411,240-360_STILL,37136213084000,348300,PITCH,0.06,-0.16,-0.19,0.0,0.0,0.0,0.0,0,1500,0,1,PID_ATTITUDE
260.657410,240-360_STILL,37136306082700,348400,PITCH,0.06,-0.16,-0.19,0.0,0.0,0.0,0.0,0,1500,0,1,PID_ATTITUDE
260.765571,240-360_STILL,37136414243600,348500,PITCH,0.06,-0.15,-0.18,0.0,0.0,0.0,0.0,0,1500,0,1,PID_ATTITUDE
260.858747,240-360_STILL,37136507420000,348600,PITCH,0.06,-0.17,-0.2,0.0,0.0,0.0,0.0,0,1500,0,1,PID_ATTITUDE
260.908207,240-360_STILL,37136556879400,348700,PITCH,0.06,-0.17,-0.2,0.0,0.0,0.0,0.0,0,1500,0,1,PID_ATTITUDE
261.061970,240-360_STILL,37136710643000,348800,PITCH,0.06,-0.18,-0.21,0.0,0.0,0.0,0.0,0,1500,0,1,PID_ATTITUDE
261.155520,240-360_STILL,37136804193200,348900,PITCH,0.06,-0.19,-0.22,0.0,0.0,0.0,0.0,0,1500,0,1,PID_ATTITUDE
261.263255,240-360_STILL,37136911928000,349000,PITCH,0.05,-0.19,-0.22,0.0,0.0,0.0,0.0,0,1500,0,1,PID_ATTITUDE
261.356257,240-360_STILL,37137004929700,349100,PITCH,0.04,-0.18,-0.21,0.0,0.0,0.0,0.0,0,1500,0,1,PID_ATTITUDE
261.465644,240-360_STILL,37137114316800,349200,PITCH,0.03,-0.18,-0.21,0.0,0.0,0.0,0.0,0,1500,0,1,PID_ATTITUDE
261.559271,240-360_STILL,37137207944100,349300,PITCH,0.03,-0.19,-0.22,0.0,0.0,0.0,0.0,0,1500,0,1,PID_ATTITUDE
261.667279,240-360_STILL,37137315952300,349400,PITCH,0.04,-0.18,-0.21,0.0,0.0,0.0,0.0,0,1500,0,1,PID_ATTITUDE
261.760462,240-360_STILL,37137409134400,349500,PITCH,0.04,-0.18,-0.21,0.0,0.0,0.0,0.0,0,1500,0,1,PID_ATTITUDE
261.854233,240-360_STILL,37137502906000,349600,PITCH,0.05,-0.18,-0.21,0.0,0.0,0.0,0.0,0,1500,0,1,PID_ATTITUDE
261.908063,240-360_STILL,37137556736100,349700,PITCH,0.06,-0.18,-0.21,0.0,0.0,0.0,0.0,0,1500,0,1,PID_ATTITUDE
262.056647,240-360_STILL,37137705319600,349800,PITCH,0.06,-0.17,-0.2,0.0,0.0,0.0,0.0,0,1500,0,1,PID_ATTITUDE
262.165860,240-360_STILL,37137814532500,349900,PITCH,0.06,-0.16,-0.19,0.0,0.0,0.0,0.0,0,1500,0,1,PID_ATTITUDE
262.259542,240-360_STILL,37137908215000,350000,PITCH,0.04,-0.16,-0.19,0.0,0.0,0.0,0.0,0,1500,0,1,PID_ATTITUDE
262.368776,240-360_STILL,37138017448500,350100,PITCH,0.05,-0.16,-0.19,0.0,0.0,0.0,0.0,0,1500,0,1,PID_ATTITUDE
262.462038,240-360_STILL,37138110711100,350200,PITCH,0.05,-0.17,-0.2,0.0,0.0,0.0,0.0,0,1500,0,1,PID_ATTITUDE
262.554919,240-360_STILL,37138203591900,350300,PITCH,0.05,-0.16,-0.19,0.0,0.0,0.0,0.0,0,1500,0,1,PID_ATTITUDE
262.663790,240-360_STILL,37138312463000,350400,PITCH,0.05,-0.16,-0.19,0.0,0.0,0.0,0.0,0,1500,0,1,PID_ATTITUDE
262.759116,240-360_STILL,37138407789200,350500,PITCH,0.04,-0.17,-0.2,0.0,0.0,0.0,0.0,0,1500,0,1,PID_ATTITUDE
262.867977,240-360_STILL,37138516650100,350600,PITCH,0.04,-0.16,-0.19,0.0,0.0,0.0,0.0,0,1500,0,1,PID_ATTITUDE
262.907954,240-360_STILL,37138556626700,350700,PITCH,0.03,-0.15,-0.18,0.0,0.0,0.0,0.0,0,1500,0,1,PID_ATTITUDE
263.068503,240-360_STILL,37138717176200,350800,PITCH,0.03,-0.15,-0.18,0.0,0.0,0.0,0.0,0,1500,0,1,PID_ATTITUDE
263.161158,240-360_STILL,37138809830600,350900,PITCH,0.05,-0.15,-0.18,0.0,0.0,0.0,0.0,0,1500,0,1,PID_ATTITUDE
263.255049,240-360_STILL,37138903722300,351000,PITCH,0.05,-0.14,-0.17,0.0,0.0,0.0,0.0,0,1500,0,1,PID_ATTITUDE
263.365036,240-360_STILL,37139013708500,351100,PITCH,0.04,-0.15,-0.18,0.0,0.0,0.0,0.0,0,1500,0,1,PID_ATTITUDE
263.458569,240-360_STILL,37139107241800,351200,PITCH,0.03,-0.16,-0.19,0.0,0.0,0.0,0.0,0,1500,0,1,PID_ATTITUDE
263.568005,240-360_STILL,37139216678100,351300,PITCH,0.03,-0.16,-0.19,0.0,0.0,0.0,0.0,0,1500,0,1,PID_ATTITUDE
263.659909,240-360_STILL,37139308581500,351400,PITCH,0.01,-0.16,-0.19,0.0,0.0,0.0,0.0,0,1500,0,1,PID_ATTITUDE
263.753356,240-360_STILL,37139402029200,351500,PITCH,0.02,-0.15,-0.18,0.0,0.0,0.0,0.0,0,1500,0,1,PID_ATTITUDE
263.862510,240-360_STILL,37139511182900,351600,PITCH,0.03,-0.15,-0.18,0.0,0.0,0.0,0.0,0,1500,0,1,PID_ATTITUDE
263.907858,240-360_STILL,37139556531000,351700,PITCH,0.03,-0.15,-0.18,0.0,0.0,0.0,0.0,0,1500,0,1,PID_ATTITUDE
264.064110,240-360_STILL,37139712783200,351800,PITCH,0.03,-0.15,-0.18,0.0,0.0,0.0,0.0,0,1500,0,1,PID_ATTITUDE
264.157734,240-360_STILL,37139806407200,351900,PITCH,0.03,-0.15,-0.18,0.0,0.0,0.0,0.0,0,1500,0,1,PID_ATTITUDE
264.267693,240-360_STILL,37139916365600,352000,PITCH,0.04,-0.15,-0.18,0.0,0.0,0.0,0.0,0,1500,0,1,PID_ATTITUDE
264.361214,240-360_STILL,37140009886900,352100,PITCH,0.03,-0.15,-0.18,0.0,0.0,0.0,0.0,0,1500,0,1,PID_ATTITUDE
264.455227,240-360_STILL,37140103899800,352200,PITCH,0.02,-0.16,-0.19,0.0,0.0,0.0,0.0,0,1500,0,1,PID_ATTITUDE
264.565802,240-360_STILL,37140214474500,352300,PITCH,0.03,-0.16,-0.19,0.0,0.0,0.0,0.0,0,1500,0,1,PID_ATTITUDE
264.661073,240-360_STILL,37140309745800,352400,PITCH,0.03,-0.16,-0.19,0.0,0.0,0.0,0.0,0,1500,0,1,PID_ATTITUDE
264.754196,240-360_STILL,37140402868800,352500,PITCH,0.04,-0.16,-0.19,0.0,0.0,0.0,0.0,0,1500,0,1,PID_ATTITUDE
264.864082,240-360_STILL,37140512754500,352600,PITCH,0.05,-0.16,-0.19,0.0,0.0,0.0,0.0,0,1500,0,1,PID_ATTITUDE
264.907892,240-360_STILL,37140556564400,352700,PITCH,0.04,-0.15,-0.19,0.0,0.0,0.0,0.0,0,1500,0,1,PID_ATTITUDE
265.065516,240-360_STILL,37140714188600,352800,PITCH,0.04,-0.15,-0.18,0.0,0.0,0.0,0.0,0,1500,0,1,PID_ATTITUDE
265.156873,240-360_STILL,37140805546100,352900,PITCH,0.03,-0.15,-0.18,0.0,0.0,0.0,0.0,0,1500,0,1,PID_ATTITUDE
265.264766,240-360_STILL,37140913438700,353000,PITCH,0.03,-0.16,-0.19,0.0,0.0,0.0,0.0,0,1500,0,1,PID_ATTITUDE
265.357794,240-360_STILL,37141006467100,353100,PITCH,0.03,-0.16,-0.19,0.0,0.0,0.0,0.0,0,1500,0,1,PID_ATTITUDE
265.466187,240-360_STILL,37141114859800,353200,PITCH,0.03,-0.15,-0.18,0.0,0.0,0.0,0.0,0,1500,0,1,PID_ATTITUDE
265.559585,240-360_STILL,37141208258000,353300,PITCH,0.03,-0.15,-0.18,0.0,0.0,0.0,0.0,0,1500,0,1,PID_ATTITUDE
265.653837,240-360_STILL,37141302509500,353400,PITCH,0.03,-0.15,-0.18,0.0,0.0,0.0,0.0,0,1500,0,1,PID_ATTITUDE
265.763743,240-360_STILL,37141412415800,353500,PITCH,0.02,-0.15,-0.18,0.0,0.0,0.0,0.0,0,1500,0,1,PID_ATTITUDE
265.856111,240-360_STILL,37141504784100,353600,PITCH,0.03,-0.15,-0.17,0.0,0.0,0.0,0.0,0,1500,0,1,PID_ATTITUDE
265.907465,240-360_STILL,37141556137700,353700,PITCH,0.03,-0.14,-0.17,0.0,0.0,0.0,0.0,0,1500,0,1,PID_ATTITUDE
266.059351,240-360_STILL,37141708024300,353800,PITCH,0.04,-0.15,-0.18,0.0,0.0,0.0,0.0,0,1500,0,1,PID_ATTITUDE
266.168580,240-360_STILL,37141817252600,353900,PITCH,0.04,-0.15,-0.19,0.0,0.0,0.0,0.0,0,1500,0,1,PID_ATTITUDE
266.262670,240-360_STILL,37141911342400,354000,PITCH,0.03,-0.16,-0.19,0.0,0.0,0.0,0.0,0,1500,0,1,PID_ATTITUDE
266.356471,240-360_STILL,37142005144300,354100,PITCH,0.02,-0.16,-0.19,0.0,0.0,0.0,0.0,0,1500,0,1,PID_ATTITUDE
266.464665,240-360_STILL,37142113338200,354200,PITCH,0.02,-0.16,-0.19,0.0,0.0,0.0,0.0,0,1500,0,1,PID_ATTITUDE
266.557951,240-360_STILL,37142206624100,354300,PITCH,0.02,-0.16,-0.19,0.0,0.0,0.0,0.0,0,1500,0,1,PID_ATTITUDE
266.666910,240-360_STILL,37142315582700,354400,PITCH,0.02,-0.16,-0.19,0.0,0.0,0.0,0.0,0,1500,0,1,PID_ATTITUDE
266.759874,240-360_STILL,37142408547300,354500,PITCH,0.02,-0.16,-0.19,0.0,0.0,0.0,0.0,0,1500,0,1,PID_ATTITUDE
266.853876,240-360_STILL,37142502548600,354600,PITCH,0.02,-0.16,-0.19,0.0,0.0,0.0,0.0,0,1500,0,1,PID_ATTITUDE
266.907326,240-360_STILL,37142555999300,354700,PITCH,0.0,-0.15,-0.19,0.0,0.0,0.0,0.0,0,1500,0,1,PID_ATTITUDE
267.054436,240-360_STILL,37142703109300,354800,PITCH,0.01,-0.14,-0.17,0.0,0.0,0.0,0.0,0,1500,0,1,PID_ATTITUDE
267.164598,240-360_STILL,37142813270600,354900,PITCH,0.01,-0.15,-0.18,0.0,0.0,0.0,0.0,0,1500,0,1,PID_ATTITUDE
267.258157,240-360_STILL,37142906830300,355000,PITCH,0.02,-0.14,-0.17,0.0,0.0,0.0,0.0,0,1500,0,1,PID_ATTITUDE
267.367905,240-360_STILL,37143016577600,355100,PITCH,0.02,-0.14,-0.17,0.0,0.0,0.0,0.0,0,1500,0,1,PID_ATTITUDE
267.461088,240-360_STILL,37143109760400,355200,PITCH,0.01,-0.15,-0.18,0.0,0.0,0.0,0.0,0,1500,0,1,PID_ATTITUDE
267.553568,240-360_STILL,37143202241300,355300,PITCH,0.02,-0.15,-0.18,0.0,0.0,0.0,0.0,0,1500,0,1,PID_ATTITUDE
267.661933,240-360_STILL,37143310606000,355400,PITCH,0.03,-0.16,-0.2,0.0,0.0,0.0,0.0,0,1500,0,1,PID_ATTITUDE
267.754321,240-360_STILL,37143402993800,355500,PITCH,0.03,-0.17,-0.2,0.0,0.0,0.0,0.0,0,1500,0,1,PID_ATTITUDE
267.864735,240-360_STILL,37143513408300,355600,PITCH,0.03,-0.17,-0.21,0.0,0.0,0.0,0.0,0,1500,0,1,PID_ATTITUDE
267.907194,240-360_STILL,37143555867200,355700,PITCH,0.03,-0.18,-0.21,0.0,0.0,0.0,0.0,0,1500,0,1,PID_ATTITUDE
268.053258,240-360_STILL,37143701931000,355800,PITCH,0.02,-0.18,-0.21,0.0,0.0,0.0,0.0,0,1500,0,1,PID_ATTITUDE
268.161413,240-360_STILL,37143810086400,355900,PITCH,0.03,-0.17,-0.2,0.0,0.0,0.0,0.0,0,1500,0,1,PID_ATTITUDE
268.254116,240-360_STILL,37143902788700,356000,PITCH,0.03,-0.18,-0.2,0.0,0.0,0.0,0.0,0,1500,0,1,PID_ATTITUDE
268.363429,240-360_STILL,37144012101900,356100,PITCH,0.03,-0.18,-0.21,0.0,0.0,0.0,0.0,0,1500,0,1,PID_ATTITUDE
268.456870,240-360_STILL,37144105543400,356200,PITCH,0.02,-0.18,-0.21,0.0,0.0,0.0,0.0,0,1500,0,1,PID_ATTITUDE
268.565694,240-360_STILL,37144214366500,356300,PITCH,0.03,-0.18,-0.21,0.0,0.0,0.0,0.0,0,1500,0,1,PID_ATTITUDE
268.658843,240-360_STILL,37144307515900,356400,PITCH,0.02,-0.17,-0.2,0.0,0.0,0.0,0.0,0,1500,0,1,PID_ATTITUDE
268.766488,240-360_STILL,37144415160700,356500,PITCH,0.02,-0.17,-0.2,0.0,0.0,0.0,0.0,0,1500,0,1,PID_ATTITUDE
268.860099,240-360_STILL,37144508771700,356600,PITCH,0.03,-0.16,-0.19,0.0,0.0,0.0,0.0,0,1500,0,1,PID_ATTITUDE
268.907044,240-360_STILL,37144555716900,356700,PITCH,0.01,-0.15,-0.18,0.0,0.0,0.0,0.0,0,1500,0,1,PID_ATTITUDE
269.062572,240-360_STILL,37144711245000,356800,PITCH,0.01,-0.16,-0.19,0.0,0.0,0.0,0.0,0,1500,0,1,PID_ATTITUDE
269.156285,240-360_STILL,37144804958200,356900,PITCH,0.01,-0.17,-0.2,0.0,0.0,0.0,0.0,0,1500,0,1,PID_ATTITUDE
269.267627,240-360_STILL,37144916299600,357000,PITCH,0.01,-0.18,-0.21,0.0,0.0,0.0,0.0,0,1500,0,1,PID_ATTITUDE
269.359865,240-360_STILL,37145008537800,357100,PITCH,0.01,-0.18,-0.21,0.0,0.0,0.0,0.0,0,1500,0,1,PID_ATTITUDE
269.453432,240-360_STILL,37145102105200,357200,PITCH,0.01,-0.19,-0.22,0.0,0.0,0.0,0.0,0,1500,0,1,PID_ATTITUDE
269.560994,240-360_STILL,37145209666900,357300,PITCH,0.01,-0.18,-0.22,0.0,0.0,0.0,0.0,0,1500,0,1,PID_ATTITUDE
269.655373,240-360_STILL,37145304045700,357400,PITCH,0.02,-0.19,-0.22,0.0,0.0,0.0,0.0,0,1500,0,1,PID_ATTITUDE
269.764455,240-360_STILL,37145413127500,357500,PITCH,0.02,-0.19,-0.22,0.0,0.0,0.0,0.0,0,1500,0,1,PID_ATTITUDE
269.856898,240-360_STILL,37145505571000,357600,PITCH,0.02,-0.19,-0.22,0.0,0.0,0.0,0.0,0,1500,0,1,PID_ATTITUDE
269.906928,240-360_STILL,37145555601000,357700,PITCH,0.0,-0.18,-0.21,0.0,0.0,0.0,0.0,0,1500,0,1,PID_ATTITUDE
270.059730,240-360_STILL,37145708403100,357800,PITCH,0.01,-0.17,-0.2,0.0,0.0,0.0,0.0,0,1500,0,1,PID_ATTITUDE
270.152614,240-360_STILL,37145801286800,357900,PITCH,0.0,-0.15,-0.18,0.0,0.0,0.0,0.0,0,1500,0,1,PID_ATTITUDE
270.261506,240-360_STILL,37145910179200,358000,PITCH,0.01,-0.14,-0.17,0.0,0.0,0.0,0.0,0,1500,0,1,PID_ATTITUDE
270.354818,240-360_STILL,37146003491200,358100,PITCH,0.0,-0.14,-0.17,0.0,0.0,0.0,0.0,0,1500,0,1,PID_ATTITUDE
270.464173,240-360_STILL,37146112845700,358200,PITCH,0.0,-0.14,-0.17,0.0,0.0,0.0,0.0,0,1500,0,1,PID_ATTITUDE
270.557347,240-360_STILL,37146206020100,358300,PITCH,0.01,-0.15,-0.18,0.0,0.0,0.0,0.0,0,1500,0,1,PID_ATTITUDE
270.667100,240-360_STILL,37146315773200,358400,PITCH,0.02,-0.16,-0.19,0.0,0.0,0.0,0.0,0,1500,0,1,PID_ATTITUDE
270.761198,240-360_STILL,37146409871400,358500,PITCH,0.02,-0.15,-0.18,0.0,0.0,0.0,0.0,0,1500,0,1,PID_ATTITUDE
270.855548,240-360_STILL,37146504220900,358600,PITCH,0.02,-0.15,-0.18,0.0,0.0,0.0,0.0,0,1500,0,1,PID_ATTITUDE
270.906725,240-360_STILL,37146555397700,358700,PITCH,0.01,-0.15,-0.18,0.0,0.0,0.0,0.0,0,1500,0,1,PID_ATTITUDE
271.056306,240-360_STILL,37146704979000,358800,PITCH,0.01,-0.16,-0.19,0.0,0.0,0.0,0.0,0,1500,0,1,PID_ATTITUDE
271.165914,240-360_STILL,37146814586800,358900,PITCH,0.01,-0.15,-0.18,0.0,0.0,0.0,0.0,0,1500,0,1,PID_ATTITUDE
271.259091,240-360_STILL,37146907763900,359000,PITCH,0.02,-0.15,-0.18,0.0,0.0,0.0,0.0,0,1500,0,1,PID_ATTITUDE
271.367842,240-360_STILL,37147016515100,359100,PITCH,0.03,-0.16,-0.19,0.0,0.0,0.0,0.0,0,1500,0,1,PID_ATTITUDE
271.461798,240-360_STILL,37147110470800,359200,PITCH,0.02,-0.16,-0.19,0.0,0.0,0.0,0.0,0,1500,0,1,PID_ATTITUDE
271.554564,240-360_STILL,37147203237300,359300,PITCH,0.02,-0.17,-0.2,0.0,0.0,0.0,0.0,0,1500,0,1,PID_ATTITUDE
271.664097,240-360_STILL,37147312769700,359400,PITCH,0.04,-0.17,-0.2,0.0,0.0,0.0,0.0,0,1500,0,1,PID_ATTITUDE
271.757490,240-360_STILL,37147406162700,359500,PITCH,0.03,-0.17,-0.2,0.0,0.0,0.0,0.0,0,1500,0,1,PID_ATTITUDE
271.864854,240-360_STILL,37147513527000,359600,PITCH,0.03,-0.18,-0.21,0.0,0.0,0.0,0.0,0,1500,0,1,PID_ATTITUDE
271.906577,240-360_STILL,37147555250000,359700,PITCH,0.02,-0.18,-0.22,0.0,0.0,0.0,0.0,0,1500,0,1,PID_ATTITUDE
272.053024,240-360_STILL,37147701696500,359800,PITCH,0.02,-0.19,-0.22,0.0,0.0,0.0,0.0,0,1500,0,1,PID_ATTITUDE
272.161237,240-360_STILL,37147809909700,359900,PITCH,0.01,-0.19,-0.23,0.0,0.0,0.0,0.0,0,1500,0,1,PID_ATTITUDE
272.253357,240-360_STILL,37147902029600,360000,PITCH,0.01,-0.2,-0.23,0.0,0.0,0.0,0.0,0,1500,0,1,PID_ATTITUDE
272.361673,240-360_STILL,37148010345900,360100,PITCH,0.02,-0.2,-0.23,0.0,0.0,0.0,0.0,0,1500,0,1,PID_ATTITUDE
272.454466,240-360_STILL,37148103139000,360200,PITCH,0.03,-0.2,-0.23,0.0,0.0,0.0,0.0,0,1500,0,1,PID_ATTITUDE
272.563880,240-360_STILL,37148212553300,360300,PITCH,0.02,-0.18,-0.21,0.0,0.0,0.0,0.0,0,1500,0,1,PID_ATTITUDE
272.656881,240-360_STILL,37148305554000,360400,PITCH,0.02,-0.18,-0.21,0.0,0.0,0.0,0.0,0,1500,0,1,PID_ATTITUDE
272.764953,240-360_STILL,37148413626200,360500,PITCH,0.02,-0.18,-0.21,0.0,0.0,0.0,0.0,0,1500,0,1,PID_ATTITUDE
272.859791,240-360_STILL,37148508463700,360600,PITCH,0.03,-0.18,-0.21,0.0,0.0,0.0,0.0,0,1500,0,1,PID_ATTITUDE
272.906459,240-360_STILL,37148555131800,360700,PITCH,0.03,-0.18,-0.21,0.0,0.0,0.0,0.0,0,1500,0,1,PID_ATTITUDE
273.063020,240-360_STILL,37148711693000,360800,PITCH,0.04,-0.18,-0.2,0.0,0.0,0.0,0.0,0,1500,0,1,PID_ATTITUDE
273.156258,240-360_STILL,37148804931200,360900,PITCH,0.02,-0.17,-0.2,0.0,0.0,0.0,0.0,0,1500,0,1,PID_ATTITUDE
273.264382,240-360_STILL,37148913054400,361000,PITCH,0.01,-0.18,-0.21,0.0,0.0,0.0,0.0,0,1500,0,1,PID_ATTITUDE
273.357322,240-360_STILL,37149005994400,361100,PITCH,0.01,-0.18,-0.21,0.0,0.0,0.0,0.0,0,1500,0,1,PID_ATTITUDE
273.465905,240-360_STILL,37149114578100,361200,PITCH,0.0,-0.19,-0.22,0.0,0.0,0.0,0.0,0,1500,0,1,PID_ATTITUDE
273.558771,240-360_STILL,37149207444000,361300,PITCH,0.0,-0.18,-0.21,0.0,0.0,0.0,0.0,0,1500,0,1,PID_ATTITUDE
273.652271,240-360_STILL,37149300943900,361400,PITCH,0.0,-0.19,-0.22,0.0,0.0,0.0,0.0,0,1500,0,1,PID_ATTITUDE
273.762583,240-360_STILL,37149411255600,361500,PITCH,0.0,-0.2,-0.23,0.0,0.0,0.0,0.0,0,1500,0,1,PID_ATTITUDE
273.855341,240-360_STILL,37149504014100,361600,PITCH,0.0,-0.2,-0.23,0.0,0.0,0.0,0.0,0,1500,0,1,PID_ATTITUDE
273.906241,240-360_STILL,37149554914100,361700,PITCH,0.0,-0.2,-0.23,0.0,0.0,0.0,0.0,0,1500,0,1,PID_ATTITUDE
274.059587,240-360_STILL,37149708259500,361800,PITCH,0.01,-0.2,-0.23,0.0,0.0,0.0,0.0,0,1500,0,1,PID_ATTITUDE
274.152788,240-360_STILL,37149801461400,361900,PITCH,0.02,-0.19,-0.22,0.0,0.0,0.0,0.0,0,1500,0,1,PID_ATTITUDE
274.261469,240-360_STILL,37149910141500,362000,PITCH,0.03,-0.19,-0.22,0.0,0.0,0.0,0.0,0,1500,0,1,PID_ATTITUDE
274.356004,240-360_STILL,37150004677400,362100,PITCH,0.03,-0.19,-0.22,0.0,0.0,0.0,0.0,0,1500,0,1,PID_ATTITUDE
274.465928,240-360_STILL,37150114601000,362200,PITCH,0.02,-0.19,-0.21,0.0,0.0,0.0,0.0,0,1500,0,1,PID_ATTITUDE
274.558361,240-360_STILL,37150207033600,362300,PITCH,0.01,-0.17,-0.2,0.0,0.0,0.0,0.0,0,1500,0,1,PID_ATTITUDE
274.666295,240-360_STILL,37150314967600,362400,PITCH,0.02,-0.17,-0.2,0.0,0.0,0.0,0.0,0,1500,0,1,PID_ATTITUDE
274.760279,240-360_STILL,37150408951500,362500,PITCH,0.04,-0.17,-0.2,0.0,0.0,0.0,0.0,0,1500,0,1,PID_ATTITUDE
274.853336,240-360_STILL,37150502009200,362600,PITCH,0.04,-0.15,-0.18,0.0,0.0,0.0,0.0,0,1500,0,1,PID_ATTITUDE
274.906132,240-360_STILL,37150554804500,362700,PITCH,0.04,-0.14,-0.18,0.0,0.0,0.0,0.0,0,1500,0,1,PID_ATTITUDE
275.056549,240-360_STILL,37150705221400,362800,PITCH,0.04,-0.14,-0.17,0.0,0.0,0.0,0.0,0,1500,0,1,PID_ATTITUDE
275.166407,240-360_STILL,37150815080000,362900,PITCH,0.04,-0.14,-0.17,0.0,0.0,0.0,0.0,0,1500,0,1,PID_ATTITUDE
275.259660,240-360_STILL,37150908333000,363000,PITCH,0.05,-0.15,-0.18,0.0,0.0,0.0,0.0,0,1500,0,1,PID_ATTITUDE
275.352264,240-360_STILL,37151000937200,363100,PITCH,0.04,-0.15,-0.18,0.0,0.0,0.0,0.0,0,1500,0,1,PID_ATTITUDE
275.462239,240-360_STILL,37151110911400,363200,PITCH,0.04,-0.15,-0.18,0.0,0.0,0.0,0.0,0,1500,0,1,PID_ATTITUDE
275.557107,240-360_STILL,37151205780100,363300,PITCH,0.04,-0.16,-0.19,0.0,0.0,0.0,0.0,0,1500,0,1,PID_ATTITUDE
275.666302,240-360_STILL,37151314975000,363400,PITCH,0.03,-0.16,-0.19,0.0,0.0,0.0,0.0,0,1500,0,1,PID_ATTITUDE
275.758572,240-360_STILL,37151407245000,363500,PITCH,0.04,-0.16,-0.19,0.0,0.0,0.0,0.0,0,1500,0,1,PID_ATTITUDE
275.866339,240-360_STILL,37151515011900,363600,PITCH,0.05,-0.16,-0.19,0.0,0.0,0.0,0.0,0,1500,0,1,PID_ATTITUDE
275.906071,240-360_STILL,37151554744000,363700,PITCH,0.06,-0.17,-0.2,0.0,0.0,0.0,0.0,0,1500,0,1,PID_ATTITUDE
276.054224,240-360_STILL,37151702896600,363800,PITCH,0.06,-0.17,-0.2,0.0,0.0,0.0,0.0,0,1500,0,1,PID_ATTITUDE
276.162658,240-360_STILL,37151811331100,363900,PITCH,0.05,-0.16,-0.19,0.0,0.0,0.0,0.0,0,1500,0,1,PID_ATTITUDE
276.255321,240-360_STILL,37151903994000,364000,PITCH,0.05,-0.16,-0.19,0.0,0.0,0.0,0.0,0,1500,0,1,PID_ATTITUDE
276.365666,240-360_STILL,37152014338700,364100,PITCH,0.05,-0.16,-0.19,0.0,0.0,0.0,0.0,0,1500,0,1,PID_ATTITUDE
276.458453,240-360_STILL,37152107125900,364200,PITCH,0.04,-0.15,-0.18,0.0,0.0,0.0,0.0,0,1500,0,1,PID_ATTITUDE
276.551466,240-360_STILL,37152200138900,364300,PITCH,0.04,-0.16,-0.19,0.0,0.0,0.0,0.0,0,1500,0,1,PID_ATTITUDE
276.661233,240-360_STILL,37152309905800,364400,PITCH,0.04,-0.16,-0.19,0.0,0.0,0.0,0.0,0,1500,0,1,PID_ATTITUDE
276.753964,240-360_STILL,37152402636800,364500,PITCH,0.03,-0.16,-0.19,0.0,0.0,0.0,0.0,0,1500,0,1,PID_ATTITUDE
276.864195,240-360_STILL,37152512868000,364600,PITCH,0.03,-0.15,-0.18,0.0,0.0,0.0,0.0,0,1500,0,1,PID_ATTITUDE
276.905830,240-360_STILL,37152554502700,364700,PITCH,0.03,-0.15,-0.18,0.0,0.0,0.0,0.0,0,1500,0,1,PID_ATTITUDE
277.052689,240-360_STILL,37152701361700,364800,PITCH,0.03,-0.15,-0.18,0.0,0.0,0.0,0.0,0,1500,0,1,PID_ATTITUDE
277.161889,240-360_STILL,37152810561900,364900,PITCH,0.02,-0.14,-0.17,0.0,0.0,0.0,0.0,0,1500,0,1,PID_ATTITUDE
277.255158,240-360_STILL,37152903831300,365000,PITCH,0.03,-0.15,-0.18,0.0,0.0,0.0,0.0,0,1500,0,1,PID_ATTITUDE
277.364878,240-360_STILL,37153013551300,365100,PITCH,0.03,-0.15,-0.18,0.0,0.0,0.0,0.0,0,1500,0,1,PID_ATTITUDE
277.457264,240-360_STILL,37153105937200,365200,PITCH,0.03,-0.15,-0.18,0.0,0.0,0.0,0.0,0,1500,0,1,PID_ATTITUDE
277.551639,240-360_STILL,37153200311400,365300,PITCH,0.03,-0.16,-0.19,0.0,0.0,0.0,0.0,0,1500,0,1,PID_ATTITUDE
277.659435,240-360_STILL,37153308108200,365400,PITCH,0.03,-0.17,-0.2,0.0,0.0,0.0,0.0,0,1500,0,1,PID_ATTITUDE
277.753620,240-360_STILL,37153402292900,365500,PITCH,0.04,-0.17,-0.2,0.0,0.0,0.0,0.0,0,1500,0,1,PID_ATTITUDE
277.859371,240-360_STILL,37153508044300,365600,PITCH,0.04,-0.18,-0.21,0.0,0.0,0.0,0.0,0,1500,0,1,PID_ATTITUDE
277.905682,240-360_STILL,37153554355200,365700,PITCH,0.03,-0.18,-0.21,0.0,0.0,0.0,0.0,0,1500,0,1,PID_ATTITUDE
278.062159,240-360_STILL,37153710831500,365800,PITCH,0.02,-0.18,-0.21,0.0,0.0,0.0,0.0,0,1500,0,1,PID_ATTITUDE
278.156467,240-360_STILL,37153805139500,365900,PITCH,0.02,-0.18,-0.21,0.0,0.0,0.0,0.0,0,1500,0,1,PID_ATTITUDE
278.265682,240-360_STILL,37153914355100,366000,PITCH,0.03,-0.17,-0.2,0.0,0.0,0.0,0.0,0,1500,0,1,PID_ATTITUDE
278.358276,240-360_STILL,37154006948900,366100,PITCH,0.04,-0.17,-0.2,0.0,0.0,0.0,0.0,0,1500,0,1,PID_ATTITUDE
278.451797,240-360_STILL,37154100469400,366200,PITCH,0.05,-0.17,-0.2,0.0,0.0,0.0,0.0,0,1500,0,1,PID_ATTITUDE
278.560299,240-360_STILL,37154208971900,366300,PITCH,0.04,-0.17,-0.2,0.0,0.0,0.0,0.0,0,1500,0,1,PID_ATTITUDE
278.652647,240-360_STILL,37154301319400,366400,PITCH,0.04,-0.17,-0.2,0.0,0.0,0.0,0.0,0,1500,0,1,PID_ATTITUDE
278.762253,240-360_STILL,37154410925700,366500,PITCH,0.04,-0.16,-0.19,0.0,0.0,0.0,0.0,0,1500,0,1,PID_ATTITUDE
278.857018,240-360_STILL,37154505690900,366600,PITCH,0.04,-0.16,-0.19,0.0,0.0,0.0,0.0,0,1500,0,1,PID_ATTITUDE
278.905362,240-360_STILL,37154554035200,366700,PITCH,0.04,-0.15,-0.18,0.0,0.0,0.0,0.0,0,1500,0,1,PID_ATTITUDE
279.060310,240-360_STILL,37154708983200,366800,PITCH,0.04,-0.15,-0.18,0.0,0.0,0.0,0.0,0,1500,0,1,PID_ATTITUDE
279.152585,240-360_STILL,37154801258200,366900,PITCH,0.04,-0.17,-0.2,0.0,0.0,0.0,0.0,0,1500,0,1,PID_ATTITUDE
279.261084,240-360_STILL,37154909756600,367000,PITCH,0.04,-0.18,-0.21,0.0,0.0,0.0,0.0,0,1500,0,1,PID_ATTITUDE
279.354110,240-360_STILL,37155002783200,367100,PITCH,0.03,-0.17,-0.2,0.0,0.0,0.0,0.0,0,1500,0,1,PID_ATTITUDE
279.464047,240-360_STILL,37155112719800,367200,PITCH,0.04,-0.15,-0.18,0.0,0.0,0.0,0.0,0,1500,0,1,PID_ATTITUDE
279.557993,240-360_STILL,37155206665500,367300,PITCH,0.04,-0.16,-0.19,0.0,0.0,0.0,0.0,0,1500,0,1,PID_ATTITUDE
279.651647,240-360_STILL,37155300319600,367400,PITCH,0.05,-0.14,-0.17,0.0,0.0,0.0,0.0,0,1500,0,1,PID_ATTITUDE
279.759963,240-360_STILL,37155408635500,367500,PITCH,0.05,-0.13,-0.16,0.0,0.0,0.0,0.0,0,1500,0,1,PID_ATTITUDE
279.853320,240-360_STILL,37155501992500,367600,PITCH,0.05,-0.14,-0.17,0.0,0.0,0.0,0.0,0,1500,0,1,PID_ATTITUDE
279.905373,240-360_STILL,37155554046300,367700,PITCH,0.05,-0.15,-0.18,0.0,0.0,0.0,0.0,0,1500,0,1,PID_ATTITUDE
280.057430,240-360_STILL,37155706103000,367800,PITCH,0.05,-0.15,-0.18,0.0,0.0,0.0,0.0,0,1500,0,1,PID_ATTITUDE
280.166520,240-360_STILL,37155815192600,367900,PITCH,0.04,-0.15,-0.18,0.0,0.0,0.0,0.0,0,1500,0,1,PID_ATTITUDE
280.261085,240-360_STILL,37155909758100,368000,PITCH,0.03,-0.15,-0.17,0.0,0.0,0.0,0.0,0,1500,0,1,PID_ATTITUDE
280.353977,240-360_STILL,37156002649900,368100,PITCH,0.03,-0.16,-0.19,0.0,0.0,0.0,0.0,0,1500,0,1,PID_ATTITUDE
280.461827,240-360_STILL,37156110500300,368200,PITCH,0.03,-0.16,-0.19,0.0,0.0,0.0,0.0,0,1500,0,1,PID_ATTITUDE
280.554675,240-360_STILL,37156203347800,368300,PITCH,0.04,-0.16,-0.19,0.0,0.0,0.0,0.0,0,1500,0,1,PID_ATTITUDE
280.663259,240-360_STILL,37156311932100,368400,PITCH,0.02,-0.16,-0.19,0.0,0.0,0.0,0.0,0,1500,0,1,PID_ATTITUDE
280.756627,240-360_STILL,37156405300300,368500,PITCH,0.03,-0.16,-0.19,0.0,0.0,0.0,0.0,0,1500,0,1,PID_ATTITUDE
280.864360,240-360_STILL,37156513033100,368600,PITCH,0.02,-0.15,-0.18,0.0,0.0,0.0,0.0,0,1500,0,1,PID_ATTITUDE
280.905228,240-360_STILL,37156553900400,368700,PITCH,0.02,-0.15,-0.18,0.0,0.0,0.0,0.0,0,1500,0,1,PID_ATTITUDE
281.065097,240-360_STILL,37156713769500,368800,PITCH,0.02,-0.16,-0.19,0.0,0.0,0.0,0.0,0,1500,0,1,PID_ATTITUDE
281.156928,240-360_STILL,37156805601400,368900,PITCH,0.02,-0.16,-0.19,0.0,0.0,0.0,0.0,0,1500,0,1,PID_ATTITUDE
281.266027,240-360_STILL,37156914700000,369000,PITCH,0.04,-0.17,-0.2,0.0,0.0,0.0,0.0,0,1500,0,1,PID_ATTITUDE
281.359974,240-360_STILL,37157008646800,369100,PITCH,0.04,-0.16,-0.19,0.0,0.0,0.0,0.0,0,1500,0,1,PID_ATTITUDE
281.453710,240-360_STILL,37157102383100,369200,PITCH,0.05,-0.15,-0.19,0.0,0.0,0.0,0.0,0,1500,0,1,PID_ATTITUDE
281.561319,240-360_STILL,37157209992000,369300,PITCH,0.05,-0.15,-0.18,0.0,0.0,0.0,0.0,0,1500,0,1,PID_ATTITUDE
281.655821,240-360_STILL,37157304493800,369400,PITCH,0.05,-0.15,-0.19,0.0,0.0,0.0,0.0,0,1500,0,1,PID_ATTITUDE
281.764159,240-360_STILL,37157412831400,369500,PITCH,0.06,-0.16,-0.19,0.0,0.0,0.0,0.0,0,1500,0,1,PID_ATTITUDE
281.857311,240-360_STILL,37157505983800,369600,PITCH,0.05,-0.17,-0.2,0.0,0.0,0.0,0.0,0,1500,0,1,PID_ATTITUDE
281.905171,240-360_STILL,37157553844000,369700,PITCH,0.06,-0.17,-0.2,0.0,0.0,0.0,0.0,0,1500,0,1,PID_ATTITUDE
282.060181,240-360_STILL,37157708854000,369800,PITCH,0.06,-0.17,-0.2,0.0,0.0,0.0,0.0,0,1500,0,1,PID_ATTITUDE
282.153870,240-360_STILL,37157802542600,369900,PITCH,0.05,-0.17,-0.2,0.0,0.0,0.0,0.0,0,1500,0,1,PID_ATTITUDE
282.261744,240-360_STILL,37157910416700,370000,PITCH,0.05,-0.18,-0.21,0.0,0.0,0.0,0.0,0,1500,0,1,PID_ATTITUDE
282.354800,240-360_STILL,37158003472700,370100,PITCH,0.05,-0.18,-0.21,0.0,0.0,0.0,0.0,0,1500,0,1,PID_ATTITUDE
282.463594,240-360_STILL,37158112266700,370200,PITCH,0.05,-0.17,-0.2,0.0,0.0,0.0,0.0,0,1500,0,1,PID_ATTITUDE
282.558565,240-360_STILL,37158207237600,370300,PITCH,0.04,-0.17,-0.19,0.0,0.0,0.0,0.0,0,1500,0,1,PID_ATTITUDE
282.651791,240-360_STILL,37158300463700,370400,PITCH,0.04,-0.16,-0.19,0.0,0.0,0.0,0.0,0,1500,0,1,PID_ATTITUDE
282.760899,240-360_STILL,37158409571900,370500,PITCH,0.03,-0.16,-0.19,0.0,0.0,0.0,0.0,0,1500,0,1,PID_ATTITUDE
282.855521,240-360_STILL,37158504193700,370600,PITCH,0.03,-0.16,-0.19,0.0,0.0,0.0,0.0,0,1500,0,1,PID_ATTITUDE
282.904998,240-360_STILL,37158553671000,370700,PITCH,0.02,-0.16,-0.18,0.0,0.0,0.0,0.0,0,1500,0,1,PID_ATTITUDE
283.058722,240-360_STILL,37158707395000,370800,PITCH,0.01,-0.15,-0.18,0.0,0.0,0.0,0.0,0,1500,0,1,PID_ATTITUDE
283.152004,240-360_STILL,37158800676500,370900,PITCH,0.02,-0.16,-0.19,0.0,0.0,0.0,0.0,0,1500,0,1,PID_ATTITUDE
283.260470,240-360_STILL,37158909142600,371000,PITCH,0.02,-0.17,-0.2,0.0,0.0,0.0,0.0,0,1500,0,1,PID_ATTITUDE
283.353761,240-360_STILL,37159002433500,371100,PITCH,0.02,-0.18,-0.21,0.0,0.0,0.0,0.0,0,1500,0,1,PID_ATTITUDE
283.462307,240-360_STILL,37159110980300,371200,PITCH,0.03,-0.19,-0.22,0.0,0.0,0.0,0.0,0,1500,0,1,PID_ATTITUDE
283.556248,240-360_STILL,37159204921200,371300,PITCH,0.04,-0.19,-0.22,0.0,0.0,0.0,0.0,0,1500,0,1,PID_ATTITUDE
283.665880,240-360_STILL,37159314553200,371400,PITCH,0.03,-0.19,-0.22,0.0,0.0,0.0,0.0,0,1500,0,1,PID_ATTITUDE
283.759149,240-360_STILL,37159407822000,371500,PITCH,0.04,-0.19,-0.22,0.0,0.0,0.0,0.0,0,1500,0,1,PID_ATTITUDE
283.852426,240-360_STILL,37159501098500,371600,PITCH,0.04,-0.2,-0.23,0.0,0.0,0.0,0.0,0,1500,0,1,PID_ATTITUDE
283.904780,240-360_STILL,37159553453000,371700,PITCH,0.04,-0.19,-0.22,0.0,0.0,0.0,0.0,0,1500,0,1,PID_ATTITUDE
284.054427,240-360_STILL,37159703100200,371800,PITCH,0.03,-0.2,-0.23,0.0,0.0,0.0,0.0,0,1500,0,1,PID_ATTITUDE
284.164022,240-360_STILL,37159812694800,371900,PITCH,0.03,-0.2,-0.23,0.0,0.0,0.0,0.0,0,1500,0,1,PID_ATTITUDE
284.258137,240-360_STILL,37159906810300,372000,PITCH,0.03,-0.19,-0.22,0.0,0.0,0.0,0.0,0,1500,0,1,PID_ATTITUDE
284.351076,240-360_STILL,37159999749300,372100,PITCH,0.04,-0.19,-0.22,0.0,0.0,0.0,0.0,0,1500,0,1,PID_ATTITUDE
284.460247,240-360_STILL,37160108920200,372200,PITCH,0.04,-0.18,-0.2,0.0,0.0,0.0,0.0,0,1500,0,1,PID_ATTITUDE
284.552755,240-360_STILL,37160201428100,372300,PITCH,0.05,-0.17,-0.2,0.0,0.0,0.0,0.0,0,1500,0,1,PID_ATTITUDE
284.662851,240-360_STILL,37160311523500,372400,PITCH,0.05,-0.17,-0.2,0.0,0.0,0.0,0.0,0,1500,0,1,PID_ATTITUDE
284.755921,240-360_STILL,37160404593400,372500,PITCH,0.05,-0.17,-0.2,0.0,0.0,0.0,0.0,0,1500,0,1,PID_ATTITUDE
284.863520,240-360_STILL,37160512192800,372600,PITCH,0.04,-0.17,-0.2,0.0,0.0,0.0,0.0,0,1500,0,1,PID_ATTITUDE
284.904664,240-360_STILL,37160553337300,372700,PITCH,0.04,-0.17,-0.2,0.0,0.0,0.0,0.0,0,1500,0,1,PID_ATTITUDE
285.065206,240-360_STILL,37160713878500,372800,PITCH,0.04,-0.17,-0.2,0.0,0.0,0.0,0.0,0,1500,0,1,PID_ATTITUDE
285.157934,240-360_STILL,37160806607100,372900,PITCH,0.05,-0.17,-0.2,0.0,0.0,0.0,0.0,0,1500,0,1,PID_ATTITUDE
285.249639,240-360_STILL,37160898311500,373000,PITCH,0.05,-0.17,-0.2,0.0,0.0,0.0,0.0,0,1500,0,1,PID_ATTITUDE
285.358623,240-360_STILL,37161007295600,373100,PITCH,0.05,-0.17,-0.2,0.0,0.0,0.0,0.0,0,1500,0,1,PID_ATTITUDE
285.451942,240-360_STILL,37161100615200,373200,PITCH,0.05,-0.15,-0.18,0.0,0.0,0.0,0.0,0,1500,0,1,PID_ATTITUDE
285.561543,240-360_STILL,37161210216300,373300,PITCH,0.05,-0.15,-0.18,0.0,0.0,0.0,0.0,0,1500,0,1,PID_ATTITUDE
285.655711,240-360_STILL,37161304384300,373400,PITCH,0.03,-0.16,-0.19,0.0,0.0,0.0,0.0,0,1500,0,1,PID_ATTITUDE
285.764597,240-360_STILL,37161413270100,373500,PITCH,0.01,-0.16,-0.19,0.0,0.0,0.0,0.0,0,1500,0,1,PID_ATTITUDE
285.858494,240-360_STILL,37161507167100,373600,PITCH,0.01,-0.16,-0.19,0.0,0.0,0.0,0.0,0,1500,0,1,PID_ATTITUDE
285.904517,240-360_STILL,37161553190300,373700,PITCH,0.0,-0.16,-0.2,0.0,0.0,0.0,0.0,0,1500,0,1,PID_ATTITUDE
286.060613,240-360_STILL,37161709286300,373800,PITCH,0.0,-0.17,-0.2,0.0,0.0,0.0,0.0,0,1500,0,1,PID_ATTITUDE
286.153674,240-360_STILL,37161802346600,373900,PITCH,0.0,-0.17,-0.2,0.0,0.0,0.0,0.0,0,1500,0,1,PID_ATTITUDE
286.261547,240-360_STILL,37161910219700,374000,PITCH,0.01,-0.17,-0.2,0.0,0.0,0.0,0.0,0,1500,0,1,PID_ATTITUDE
286.353708,240-360_STILL,37162002381300,374100,PITCH,0.02,-0.17,-0.2,0.0,0.0,0.0,0.0,0,1500,0,1,PID_ATTITUDE
286.463530,240-360_STILL,37162112202500,374200,PITCH,0.02,-0.16,-0.2,0.0,0.0,0.0,0.0,0,1500,0,1,PID_ATTITUDE
286.556929,240-360_STILL,37162205602300,374300,PITCH,0.01,-0.17,-0.2,0.0,0.0,0.0,0.0,0,1500,0,1,PID_ATTITUDE
286.651173,240-360_STILL,37162299845600,374400,PITCH,0.02,-0.17,-0.2,0.0,0.0,0.0,0.0,0,1500,0,1,PID_ATTITUDE
286.759972,240-360_STILL,37162408645000,374500,PITCH,0.02,-0.17,-0.2,0.0,0.0,0.0,0.0,0,1500,0,1,PID_ATTITUDE
286.854808,240-360_STILL,37162503480500,374600,PITCH,0.02,-0.18,-0.21,0.0,0.0,0.0,0.0,0,1500,0,1,PID_ATTITUDE
286.904327,240-360_STILL,37162552999400,374700,PITCH,0.01,-0.18,-0.21,0.0,0.0,0.0,0.0,0,1500,0,1,PID_ATTITUDE
287.057010,240-360_STILL,37162705683200,374800,PITCH,0.01,-0.19,-0.22,0.0,0.0,0.0,0.0,0,1500,0,1,PID_ATTITUDE
287.149627,240-360_STILL,37162798299900,374900,PITCH,0.01,-0.19,-0.22,0.0,0.0,0.0,0.0,0,1500,0,1,PID_ATTITUDE
287.257550,240-360_STILL,37162906223000,375000,PITCH,0.02,-0.18,-0.21,0.0,0.0,0.0,0.0,0,1500,0,1,PID_ATTITUDE
287.352205,240-360_STILL,37163000877500,375100,PITCH,0.03,-0.18,-0.21,0.0,0.0,0.0,0.0,0,1500,0,1,PID_ATTITUDE
287.460468,240-360_STILL,37163109140500,375200,PITCH,0.03,-0.18,-0.21,0.0,0.0,0.0,0.0,0,1500,0,1,PID_ATTITUDE
287.554118,240-360_STILL,37163202791100,375300,PITCH,0.03,-0.18,-0.21,0.0,0.0,0.0,0.0,0,1500,0,1,PID_ATTITUDE
287.662241,240-360_STILL,37163310913500,375400,PITCH,0.03,-0.19,-0.22,0.0,0.0,0.0,0.0,0,1500,0,1,PID_ATTITUDE
287.755533,240-360_STILL,37163404206000,375500,PITCH,0.02,-0.18,-0.21,0.0,0.0,0.0,0.0,0,1500,0,1,PID_ATTITUDE
287.863506,240-360_STILL,37163512178500,375600,PITCH,0.02,-0.18,-0.21,0.0,0.0,0.0,0.0,0,1500,0,1,PID_ATTITUDE
287.904187,240-360_STILL,37163552859500,375700,PITCH,0.03,-0.17,-0.2,0.0,0.0,0.0,0.0,0,1500,0,1,PID_ATTITUDE
288.051338,240-360_STILL,37163700011000,375800,PITCH,0.05,-0.16,-0.19,0.0,0.0,0.0,0.0,0,1500,0,1,PID_ATTITUDE
288.159436,240-360_STILL,37163808108800,375900,PITCH,0.06,-0.15,-0.18,0.0,0.0,0.0,0.0,0,1500,0,1,PID_ATTITUDE
288.252628,240-360_STILL,37163901300900,376000,PITCH,0.06,-0.15,-0.18,0.0,0.0,0.0,0.0,0,1500,0,1,PID_ATTITUDE
288.361235,240-360_STILL,37164009907800,376100,PITCH,0.05,-0.14,-0.17,0.0,0.0,0.0,0.0,0,1500,0,1,PID_ATTITUDE
288.455346,240-360_STILL,37164104018600,376200,PITCH,0.05,-0.14,-0.17,0.0,0.0,0.0,0.0,0,1500,0,1,PID_ATTITUDE
288.565000,240-360_STILL,37164213672500,376300,PITCH,0.05,-0.15,-0.19,0.0,0.0,0.0,0.0,0,1500,0,1,PID_ATTITUDE
288.658973,240-360_STILL,37164307645500,376400,PITCH,0.05,-0.16,-0.19,0.0,0.0,0.0,0.0,0,1500,0,1,PID_ATTITUDE
288.752727,240-360_STILL,37164401400200,376500,PITCH,0.05,-0.16,-0.19,0.0,0.0,0.0,0.0,0,1500,0,1,PID_ATTITUDE
288.861586,240-360_STILL,37164510258700,376600,PITCH,0.04,-0.16,-0.19,0.0,0.0,0.0,0.0,0,1500,0,1,PID_ATTITUDE
288.904118,240-360_STILL,37164552791100,376700,PITCH,0.04,-0.16,-0.19,0.0,0.0,0.0,0.0,0,1500,0,1,PID_ATTITUDE
289.064828,240-360_STILL,37164713501300,376800,PITCH,0.04,-0.16,-0.19,0.0,0.0,0.0,0.0,0,1500,0,1,PID_ATTITUDE
289.158136,240-360_STILL,37164806808800,376900,PITCH,0.04,-0.17,-0.2,0.0,0.0,0.0,0.0,0,1500,0,1,PID_ATTITUDE
289.249788,240-360_STILL,37164898461100,377000,PITCH,0.05,-0.18,-0.21,0.0,0.0,0.0,0.0,0,1500,0,1,PID_ATTITUDE
289.360102,240-360_STILL,37165008774600,377100,PITCH,0.05,-0.18,-0.21,0.0,0.0,0.0,0.0,0,1500,0,1,PID_ATTITUDE
289.453940,240-360_STILL,37165102612900,377200,PITCH,0.04,-0.19,-0.22,0.0,0.0,0.0,0.0,0,1500,0,1,PID_ATTITUDE
289.563624,240-360_STILL,37165212296500,377300,PITCH,0.04,-0.18,-0.21,0.0,0.0,0.0,0.0,0,1500,0,1,PID_ATTITUDE
289.657386,240-360_STILL,37165306059300,377400,PITCH,0.03,-0.18,-0.21,0.0,0.0,0.0,0.0,0,1500,0,1,PID_ATTITUDE
289.752793,240-360_STILL,37165401465600,377500,PITCH,0.02,-0.18,-0.21,0.0,0.0,0.0,0.0,0,1500,0,1,PID_ATTITUDE
289.860534,240-360_STILL,37165509206500,377600,PITCH,0.01,-0.18,-0.21,0.0,0.0,0.0,0.0,0,1500,0,1,PID_ATTITUDE
289.903878,240-360_STILL,37165552550500,377700,PITCH,0.02,-0.18,-0.21,0.0,0.0,0.0,0.0,0,1500,0,1,PID_ATTITUDE
290.062700,240-360_STILL,37165711373100,377800,PITCH,0.02,-0.18,-0.21,0.0,0.0,0.0,0.0,0,1500,0,1,PID_ATTITUDE
290.156420,240-360_STILL,37165805092800,377900,PITCH,0.03,-0.18,-0.22,0.0,0.0,0.0,0.0,0,1500,0,1,PID_ATTITUDE
290.250767,240-360_STILL,37165899440000,378000,PITCH,0.02,-0.19,-0.22,0.0,0.0,0.0,0.0,0,1500,0,1,PID_ATTITUDE
290.359264,240-360_STILL,37166007937200,378100,PITCH,0.03,-0.19,-0.22,0.0,0.0,0.0,0.0,0,1500,0,1,PID_ATTITUDE
290.453411,240-360_STILL,37166102084300,378200,PITCH,0.04,-0.19,-0.22,0.0,0.0,0.0,0.0,0,1500,0,1,PID_ATTITUDE
290.561475,240-360_STILL,37166210147700,378300,PITCH,0.03,-0.18,-0.21,0.0,0.0,0.0,0.0,0,1500,0,1,PID_ATTITUDE
290.655904,240-360_STILL,37166304577200,378400,PITCH,0.03,-0.18,-0.21,0.0,0.0,0.0,0.0,0,1500,0,1,PID_ATTITUDE
290.749848,240-360_STILL,37166398520600,378500,PITCH,0.03,-0.19,-0.22,0.0,0.0,0.0,0.0,0,1500,0,1,PID_ATTITUDE
290.858619,240-360_STILL,37166507291700,378600,PITCH,0.02,-0.19,-0.22,0.0,0.0,0.0,0.0,0,1500,0,1,PID_ATTITUDE
290.903782,240-360_STILL,37166552454500,378700,PITCH,0.03,-0.19,-0.22,0.0,0.0,0.0,0.0,0,1500,0,1,PID_ATTITUDE
291.063055,240-360_STILL,37166711727600,378800,PITCH,0.03,-0.2,-0.23,0.0,0.0,0.0,0.0,0,1500,0,1,PID_ATTITUDE
291.155965,240-360_STILL,37166804637700,378900,PITCH,0.04,-0.19,-0.22,0.0,0.0,0.0,0.0,0,1500,0,1,PID_ATTITUDE
291.250605,240-360_STILL,37166899278000,379000,PITCH,0.05,-0.17,-0.2,0.0,0.0,0.0,0.0,0,1500,0,1,PID_ATTITUDE
291.360013,240-360_STILL,37167008686000,379100,PITCH,0.05,-0.18,-0.21,0.0,0.0,0.0,0.0,0,1500,0,1,PID_ATTITUDE
291.454512,240-360_STILL,37167103185100,379200,PITCH,0.05,-0.18,-0.2,0.0,0.0,0.0,0.0,0,1500,0,1,PID_ATTITUDE
291.564219,240-360_STILL,37167212891700,379300,PITCH,0.05,-0.17,-0.2,0.0,0.0,0.0,0.0,0,1500,0,1,PID_ATTITUDE
291.658077,240-360_STILL,37167306750100,379400,PITCH,0.04,-0.17,-0.19,0.0,0.0,0.0,0.0,0,1500,0,1,PID_ATTITUDE
291.750909,240-360_STILL,37167399581500,379500,PITCH,0.04,-0.16,-0.19,0.0,0.0,0.0,0.0,0,1500,0,1,PID_ATTITUDE
291.859990,240-360_STILL,37167508662800,379600,PITCH,0.05,-0.16,-0.19,0.0,0.0,0.0,0.0,0,1500,0,1,PID_ATTITUDE
291.903571,240-360_STILL,37167552244200,379700,PITCH,0.05,-0.17,-0.2,0.0,0.0,0.0,0.0,0,1500,0,1,PID_ATTITUDE
292.062761,240-360_STILL,37167711433700,379800,PITCH,0.05,-0.17,-0.2,0.0,0.0,0.0,0.0,0,1500,0,1,PID_ATTITUDE
292.155530,240-360_STILL,37167804202900,379900,PITCH,0.05,-0.16,-0.19,0.0,0.0,0.0,0.0,0,1500,0,1,PID_ATTITUDE
292.250774,240-360_STILL,37167899447400,380000,PITCH,0.04,-0.16,-0.19,0.0,0.0,0.0,0.0,0,1500,0,1,PID_ATTITUDE
292.359910,240-360_STILL,37168008582400,380100,PITCH,0.05,-0.16,-0.19,0.0,0.0,0.0,0.0,0,1500,0,1,PID_ATTITUDE
292.451997,240-360_STILL,37168100669400,380200,PITCH,0.05,-0.16,-0.19,0.0,0.0,0.0,0.0,0,1500,0,1,PID_ATTITUDE
292.562733,240-360_STILL,37168211405700,380300,PITCH,0.06,-0.17,-0.2,0.0,0.0,0.0,0.0,0,1500,0,1,PID_ATTITUDE
292.655836,240-360_STILL,37168304508600,380400,PITCH,0.08,-0.17,-0.2,0.0,0.0,0.0,0.0,0,1500,0,1,PID_ATTITUDE
292.749462,240-360_STILL,37168398135200,380500,PITCH,0.09,-0.18,-0.21,0.0,0.0,0.0,0.0,0,1500,0,1,PID_ATTITUDE
292.858171,240-360_STILL,37168506843600,380600,PITCH,0.09,-0.18,-0.21,0.0,0.0,0.0,0.0,0,1500,0,1,PID_ATTITUDE
292.903482,240-360_STILL,37168552155400,380700,PITCH,0.08,-0.18,-0.21,0.0,0.0,0.0,0.0,0,1500,0,1,PID_ATTITUDE
293.059410,240-360_STILL,37168708083100,380800,PITCH,0.06,-0.18,-0.21,0.0,0.0,0.0,0.0,0,1500,0,1,PID_ATTITUDE
293.152192,240-360_STILL,37168800864700,380900,PITCH,0.06,-0.19,-0.22,0.0,0.0,0.0,0.0,0,1500,0,1,PID_ATTITUDE
293.261837,240-360_STILL,37168910509400,381000,PITCH,0.06,-0.19,-0.22,0.0,0.0,0.0,0.0,0,1500,0,1,PID_ATTITUDE
293.355229,240-360_STILL,37169003902000,381100,PITCH,0.06,-0.18,-0.21,0.0,0.0,0.0,0.0,0,1500,0,1,PID_ATTITUDE
293.464256,240-360_STILL,37169112929100,381200,PITCH,0.06,-0.18,-0.21,0.0,0.0,0.0,0.0,0,1500,0,1,PID_ATTITUDE
293.557643,240-360_STILL,37169206316300,381300,PITCH,0.06,-0.18,-0.21,0.0,0.0,0.0,0.0,0,1500,0,1,PID_ATTITUDE
293.651452,240-360_STILL,37169300125100,381400,PITCH,0.06,-0.16,-0.19,0.0,0.0,0.0,0.0,0,1500,0,1,PID_ATTITUDE
293.760678,240-360_STILL,37169409351000,381500,PITCH,0.06,-0.17,-0.2,0.0,0.0,0.0,0.0,0,1500,0,1,PID_ATTITUDE
293.854270,240-360_STILL,37169502942600,381600,PITCH,0.06,-0.16,-0.19,0.0,0.0,0.0,0.0,0,1500,0,1,PID_ATTITUDE
293.903124,240-360_STILL,37169551797400,381700,PITCH,0.06,-0.15,-0.18,0.0,0.0,0.0,0.0,0,1500,0,1,PID_ATTITUDE
294.057451,240-360_STILL,37169706124000,381800,PITCH,0.06,-0.16,-0.19,0.0,0.0,0.0,0.0,0,1500,0,1,PID_ATTITUDE
294.150746,240-360_STILL,37169799418800,381900,PITCH,0.06,-0.16,-0.19,0.0,0.0,0.0,0.0,0,1500,0,1,PID_ATTITUDE
294.258954,240-360_STILL,37169907626800,382000,PITCH,0.04,-0.16,-0.19,0.0,0.0,0.0,0.0,0,1500,0,1,PID_ATTITUDE
294.351816,240-360_STILL,37170000489200,382100,PITCH,0.04,-0.16,-0.19,0.0,0.0,0.0,0.0,0,1500,0,1,PID_ATTITUDE
294.461364,240-360_STILL,37170110037200,382200,PITCH,0.03,-0.16,-0.19,0.0,0.0,0.0,0.0,0,1500,0,1,PID_ATTITUDE
294.555260,240-360_STILL,37170203933200,382300,PITCH,0.02,-0.16,-0.19,0.0,0.0,0.0,0.0,0,1500,0,1,PID_ATTITUDE
294.663970,240-360_STILL,37170312642400,382400,PITCH,0.02,-0.16,-0.19,0.0,0.0,0.0,0.0,0,1500,0,1,PID_ATTITUDE
294.757393,240-360_STILL,37170406066100,382500,PITCH,0.03,-0.15,-0.18,0.0,0.0,0.0,0.0,0,1500,0,1,PID_ATTITUDE
294.850353,240-360_STILL,37170499025700,382600,PITCH,0.03,-0.16,-0.19,0.0,0.0,0.0,0.0,0,1500,0,1,PID_ATTITUDE
294.903157,240-360_STILL,37170551829500,382700,PITCH,0.04,-0.16,-0.19,0.0,0.0,0.0,0.0,0,1500,0,1,PID_ATTITUDE
295.053363,240-360_STILL,37170702035800,382800,PITCH,0.05,-0.15,-0.18,0.0,0.0,0.0,0.0,0,1500,0,1,PID_ATTITUDE
295.162180,240-360_STILL,37170810853400,382900,PITCH,0.06,-0.15,-0.18,0.0,0.0,0.0,0.0,0,1500,0,1,PID_ATTITUDE
295.255957,240-360_STILL,37170904629900,383000,PITCH,0.06,-0.16,-0.19,0.0,0.0,0.0,0.0,0,1500,0,1,PID_ATTITUDE
295.349551,240-360_STILL,37170998223600,383100,PITCH,0.06,-0.16,-0.19,0.0,0.0,0.0,0.0,0,1500,0,1,PID_ATTITUDE
295.458212,240-360_STILL,37171106885200,383200,PITCH,0.06,-0.17,-0.2,0.0,0.0,0.0,0.0,0,1500,0,1,PID_ATTITUDE
295.552140,240-360_STILL,37171200812500,383300,PITCH,0.05,-0.18,-0.21,0.0,0.0,0.0,0.0,0,1500,0,1,PID_ATTITUDE
295.662876,240-360_STILL,37171311549000,383400,PITCH,0.05,-0.18,-0.21,0.0,0.0,0.0,0.0,0,1500,0,1,PID_ATTITUDE
295.755483,240-360_STILL,37171404155900,383500,PITCH,0.05,-0.19,-0.22,0.0,0.0,0.0,0.0,0,1500,0,1,PID_ATTITUDE
295.848540,240-360_STILL,37171497213200,383600,PITCH,0.05,-0.18,-0.21,0.0,0.0,0.0,0.0,0,1500,0,1,PID_ATTITUDE
295.902823,240-360_STILL,37171551495600,383700,PITCH,0.05,-0.17,-0.2,0.0,0.0,0.0,0.0,0,1500,0,1,PID_ATTITUDE
296.049741,240-360_STILL,37171698414300,383800,PITCH,0.03,-0.17,-0.2,0.0,0.0,0.0,0.0,0,1500,0,1,PID_ATTITUDE
296.157992,240-360_STILL,37171806665100,383900,PITCH,0.04,-0.17,-0.2,0.0,0.0,0.0,0.0,0,1500,0,1,PID_ATTITUDE
296.251419,240-360_STILL,37171900092100,384000,PITCH,0.04,-0.17,-0.2,0.0,0.0,0.0,0.0,0,1500,0,1,PID_ATTITUDE
296.361833,240-360_STILL,37172010505700,384100,PITCH,0.04,-0.17,-0.2,0.0,0.0,0.0,0.0,0,1500,0,1,PID_ATTITUDE
296.455999,240-360_STILL,37172104671700,384200,PITCH,0.05,-0.17,-0.21,0.0,0.0,0.0,0.0,0,1500,0,1,PID_ATTITUDE
296.549746,240-360_STILL,37172198418700,384300,PITCH,0.05,-0.19,-0.22,0.0,0.0,0.0,0.0,0,1500,0,1,PID_ATTITUDE
296.659485,240-360_STILL,37172308158200,384400,PITCH,0.08,-0.17,-0.2,0.0,0.0,0.0,0.0,0,1500,0,1,PID_ATTITUDE
296.751851,240-360_STILL,37172400523700,384500,PITCH,0.08,-0.18,-0.21,0.0,0.0,0.0,0.0,0,1500,0,1,PID_ATTITUDE
296.861718,240-360_STILL,37172510391300,384600,PITCH,0.05,-0.2,-0.23,0.0,0.0,0.0,0.0,0,1500,0,1,PID_ATTITUDE
296.902822,240-360_STILL,37172551495100,384700,PITCH,0.05,-0.19,-0.22,0.0,0.0,0.0,0.0,0,1500,0,1,PID_ATTITUDE
297.048950,240-360_STILL,37172697623400,384800,PITCH,0.05,-0.19,-0.22,0.0,0.0,0.0,0.0,0,1500,0,1,PID_ATTITUDE
297.158916,240-360_STILL,37172807588600,384900,PITCH,0.05,-0.19,-0.22,0.0,0.0,0.0,0.0,0,1500,0,1,PID_ATTITUDE
297.252328,240-360_STILL,37172901000500,385000,PITCH,0.05,-0.18,-0.21,0.0,0.0,0.0,0.0,0,1500,0,1,PID_ATTITUDE
297.363698,240-360_STILL,37173012370900,385100,PITCH,0.05,-0.19,-0.22,0.0,0.0,0.0,0.0,0,1500,0,1,PID_ATTITUDE
297.458272,240-360_STILL,37173106944800,385200,PITCH,0.05,-0.19,-0.22,0.0,0.0,0.0,0.0,0,1500,0,1,PID_ATTITUDE
297.551878,240-360_STILL,37173200551100,385300,PITCH,0.04,-0.19,-0.22,0.0,0.0,0.0,0.0,0,1500,0,1,PID_ATTITUDE
297.661059,240-360_STILL,37173309732000,385400,PITCH,0.04,-0.19,-0.21,0.0,0.0,0.0,0.0,0,1500,0,1,PID_ATTITUDE
297.753864,240-360_STILL,37173402537100,385500,PITCH,0.04,-0.17,-0.2,0.0,0.0,0.0,0.0,0,1500,0,1,PID_ATTITUDE
297.863115,240-360_STILL,37173511788200,385600,PITCH,0.04,-0.18,-0.21,0.0,0.0,0.0,0.0,0,1500,0,1,PID_ATTITUDE
297.902743,240-360_STILL,37173551416000,385700,PITCH,0.04,-0.18,-0.21,0.0,0.0,0.0,0.0,0,1500,0,1,PID_ATTITUDE
298.048868,240-360_STILL,37173697541200,385800,PITCH,0.04,-0.19,-0.22,0.0,0.0,0.0,0.0,0,1500,0,1,PID_ATTITUDE
298.157954,240-360_STILL,37173806627200,385900,PITCH,0.05,-0.18,-0.21,0.0,0.0,0.0,0.0,0,1500,0,1,PID_ATTITUDE
298.250965,240-360_STILL,37173899637800,386000,PITCH,0.05,-0.18,-0.2,0.0,0.0,0.0,0.0,0,1500,0,1,PID_ATTITUDE
298.359719,240-360_STILL,37174008391700,386100,PITCH,0.05,-0.17,-0.2,0.0,0.0,0.0,0.0,0,1500,0,1,PID_ATTITUDE
298.452714,240-360_STILL,37174101387200,386200,PITCH,0.04,-0.17,-0.2,0.0,0.0,0.0,0.0,0,1500,0,1,PID_ATTITUDE
298.562301,240-360_STILL,37174210973600,386300,PITCH,0.04,-0.17,-0.2,0.0,0.0,0.0,0.0,0,1500,0,1,PID_ATTITUDE
298.655413,240-360_STILL,37174304085500,386400,PITCH,0.03,-0.17,-0.2,0.0,0.0,0.0,0.0,0,1500,0,1,PID_ATTITUDE
298.749503,240-360_STILL,37174398175700,386500,PITCH,0.03,-0.16,-0.19,0.0,0.0,0.0,0.0,0,1500,0,1,PID_ATTITUDE
298.858532,240-360_STILL,37174507204800,386600,PITCH,0.03,-0.17,-0.2,0.0,0.0,0.0,0.0,0,1500,0,1,PID_ATTITUDE
298.902529,240-360_STILL,37174551202100,386700,PITCH,0.03,-0.16,-0.19,0.0,0.0,0.0,0.0,0,1500,0,1,PID_ATTITUDE
299.062459,240-360_STILL,37174711131700,386800,PITCH,0.04,-0.15,-0.18,0.0,0.0,0.0,0.0,0,1500,0,1,PID_ATTITUDE
299.156088,240-360_STILL,37174804760500,386900,PITCH,0.03,-0.15,-0.18,0.0,0.0,0.0,0.0,0,1500,0,1,PID_ATTITUDE
299.249932,240-360_STILL,37174898604400,387000,PITCH,0.03,-0.16,-0.19,0.0,0.0,0.0,0.0,0,1500,0,1,PID_ATTITUDE
299.358657,240-360_STILL,37175007330100,387100,PITCH,0.03,-0.16,-0.19,0.0,0.0,0.0,0.0,0,1500,0,1,PID_ATTITUDE
299.452407,240-360_STILL,37175101080400,387200,PITCH,0.03,-0.17,-0.2,0.0,0.0,0.0,0.0,0,1500,0,1,PID_ATTITUDE
299.560719,240-360_STILL,37175209392300,387300,PITCH,0.03,-0.17,-0.2,0.0,0.0,0.0,0.0,0,1500,0,1,PID_ATTITUDE
299.654665,240-360_STILL,37175303338200,387400,PITCH,0.05,-0.16,-0.19,0.0,0.0,0.0,0.0,0,1500,0,1,PID_ATTITUDE
299.747638,240-360_STILL,37175396310600,387500,PITCH,0.06,-0.17,-0.2,0.0,0.0,0.0,0.0,0,1500,0,1,PID_ATTITUDE
299.855051,240-360_STILL,37175503723400,387600,PITCH,0.05,-0.17,-0.2,0.0,0.0,0.0,0.0,0,1500,0,1,PID_ATTITUDE
299.902044,240-360_STILL,37175550716900,387700,PITCH,0.04,-0.17,-0.2,0.0,0.0,0.0,0.0,0,1500,0,1,PID_ATTITUDE
300.054664,240-360_STILL,37175703336600,387800,PITCH,0.04,-0.17,-0.2,0.0,0.0,0.0,0.0,0,1500,0,1,PID_ATTITUDE
300.149199,240-360_STILL,37175797872200,387900,PITCH,0.04,-0.16,-0.19,0.0,0.0,0.0,0.0,0,1500,0,1,PID_ATTITUDE
300.259008,240-360_STILL,37175907681000,388000,PITCH,0.05,-0.16,-0.19,0.0,0.0,0.0,0.0,0,1500,0,1,PID_ATTITUDE
300.353175,240-360_STILL,37176001848000,388100,PITCH,0.06,-0.15,-0.18,0.0,0.0,0.0,0.0,0,1500,0,1,PID_ATTITUDE
300.461092,240-360_STILL,37176109764600,388200,PITCH,0.06,-0.16,-0.19,0.0,0.0,0.0,0.0,0,1500,0,1,PID_ATTITUDE
300.553822,240-360_STILL,37176202495000,388300,PITCH,0.05,-0.16,-0.19,0.0,0.0,0.0,0.0,0,1500,0,1,PID_ATTITUDE
300.661998,240-360_STILL,37176310670700,388400,PITCH,0.05,-0.17,-0.2,0.0,0.0,0.0,0.0,0,1500,0,1,PID_ATTITUDE
300.754570,240-360_STILL,37176403242500,388500,PITCH,0.06,-0.15,-0.18,0.0,0.0,0.0,0.0,0,1500,0,1,PID_ATTITUDE
300.861866,240-360_STILL,37176510539000,388600,PITCH,0.06,-0.14,-0.17,0.0,0.0,0.0,0.0,0,1500,0,1,PID_ATTITUDE
300.902063,240-360_STILL,37176550735700,388700,PITCH,0.06,-0.14,-0.17,0.0,0.0,0.0,0.0,0,1500,0,1,PID_ATTITUDE
301.048214,240-360_STILL,37176696886800,388800,PITCH,0.05,-0.15,-0.18,0.0,0.0,0.0,0.0,0,1500,0,1,PID_ATTITUDE
301.158023,240-360_STILL,37176806696300,388900,PITCH,0.05,-0.15,-0.18,0.0,0.0,0.0,0.0,0,1500,0,1,PID_ATTITUDE
301.250289,240-360_STILL,37176898962300,389000,PITCH,0.04,-0.15,-0.18,0.0,0.0,0.0,0.0,0,1500,0,1,PID_ATTITUDE
301.359348,240-360_STILL,37177008021200,389100,PITCH,0.04,-0.15,-0.18,0.0,0.0,0.0,0.0,0,1500,0,1,PID_ATTITUDE
301.453735,240-360_STILL,37177102407500,389200,PITCH,0.06,-0.17,-0.2,0.0,0.0,0.0,0.0,0,1500,0,1,PID_ATTITUDE
301.548695,240-360_STILL,37177197367800,389300,PITCH,0.06,-0.16,-0.19,0.0,0.0,0.0,0.0,0,1500,0,1,PID_ATTITUDE
301.657920,240-360_STILL,37177306593400,389400,PITCH,0.06,-0.16,-0.19,0.0,0.0,0.0,0.0,0,1500,0,1,PID_ATTITUDE
301.752048,240-360_STILL,37177400721300,389500,PITCH,0.06,-0.16,-0.19,0.0,0.0,0.0,0.0,0,1500,0,1,PID_ATTITUDE
301.859110,240-360_STILL,37177507782900,389600,PITCH,0.06,-0.16,-0.18,0.0,0.0,0.0,0.0,0,1500,0,1,PID_ATTITUDE
301.901939,240-360_STILL,37177550611400,389700,PITCH,0.06,-0.15,-0.18,0.0,0.0,0.0,0.0,0,1500,0,1,PID_ATTITUDE
302.060832,240-360_STILL,37177709505300,389800,PITCH,0.05,-0.15,-0.18,0.0,0.0,0.0,0.0,0,1500,0,1,PID_ATTITUDE
302.153948,240-360_STILL,37177802620700,389900,PITCH,0.04,-0.16,-0.19,0.0,0.0,0.0,0.0,0,1500,0,1,PID_ATTITUDE
302.262874,240-360_STILL,37177911546700,390000,PITCH,0.05,-0.17,-0.19,0.0,0.0,0.0,0.0,0,1500,0,1,PID_ATTITUDE
302.357396,240-360_STILL,37178006069400,390100,PITCH,0.07,-0.16,-0.19,0.0,0.0,0.0,0.0,0,1500,0,1,PID_ATTITUDE
302.451547,240-360_STILL,37178100219400,390200,PITCH,0.06,-0.16,-0.19,0.0,0.0,0.0,0.0,0,1500,0,1,PID_ATTITUDE
302.560571,240-360_STILL,37178209244300,390300,PITCH,0.05,-0.16,-0.19,0.0,0.0,0.0,0.0,0,1500,0,1,PID_ATTITUDE
302.654302,240-360_STILL,37178302974700,390400,PITCH,0.04,-0.15,-0.18,0.0,0.0,0.0,0.0,0,1500,0,1,PID_ATTITUDE
302.747557,240-360_STILL,37178396229700,390500,PITCH,0.05,-0.14,-0.17,0.0,0.0,0.0,0.0,0,1500,0,1,PID_ATTITUDE
302.855893,240-360_STILL,37178504565600,390600,PITCH,0.06,-0.14,-0.17,0.0,0.0,0.0,0.0,0,1500,0,1,PID_ATTITUDE
302.901811,240-360_STILL,37178550483800,390700,PITCH,0.06,-0.13,-0.16,0.0,0.0,0.0,0.0,0,1500,0,1,PID_ATTITUDE
303.057954,240-360_STILL,37178706627100,390800,PITCH,0.06,-0.14,-0.17,0.0,0.0,0.0,0.0,0,1500,0,1,PID_ATTITUDE
303.150843,240-360_STILL,37178799515700,390900,PITCH,0.06,-0.15,-0.18,0.0,0.0,0.0,0.0,0,1500,0,1,PID_ATTITUDE
303.260223,240-360_STILL,37178908895900,391000,PITCH,0.06,-0.14,-0.17,0.0,0.0,0.0,0.0,0,1500,0,1,PID_ATTITUDE
303.353609,240-360_STILL,37179002282200,391100,PITCH,0.07,-0.15,-0.18,0.0,0.0,0.0,0.0,0,1500,0,1,PID_ATTITUDE
303.461609,240-360_STILL,37179110281400,391200,PITCH,0.07,-0.14,-0.17,0.0,0.0,0.0,0.0,0,1500,0,1,PID_ATTITUDE
303.554599,240-360_STILL,37179203271600,391300,PITCH,0.08,-0.14,-0.17,0.0,0.0,0.0,0.0,0,1500,0,1,PID_ATTITUDE
303.648035,240-360_STILL,37179296708400,391400,PITCH,0.08,-0.13,-0.16,0.0,0.0,0.0,0.0,0,1500,0,1,PID_ATTITUDE
303.757279,240-360_STILL,37179405951500,391500,PITCH,0.08,-0.13,-0.16,0.0,0.0,0.0,0.0,0,1500,0,1,PID_ATTITUDE
303.851196,240-360_STILL,37179499868400,391600,PITCH,0.08,-0.13,-0.16,0.0,0.0,0.0,0.0,0,1500,0,1,PID_ATTITUDE
303.901791,240-360_STILL,37179550463600,391700,PITCH,0.08,-0.13,-0.17,0.0,0.0,0.0,0.0,0,1500,0,1,PID_ATTITUDE
304.053638,240-360_STILL,37179702311300,391800,PITCH,0.07,-0.14,-0.17,0.0,0.0,0.0,0.0,0,1500,0,1,PID_ATTITUDE
304.161258,240-360_STILL,37179809930800,391900,PITCH,0.07,-0.15,-0.18,0.0,0.0,0.0,0.0,0,1500,0,1,PID_ATTITUDE
304.256421,240-360_STILL,37179905093600,392000,PITCH,0.07,-0.16,-0.19,0.0,0.0,0.0,0.0,0,1500,0,1,PID_ATTITUDE
304.349976,240-360_STILL,37179998648700,392100,PITCH,0.07,-0.16,-0.18,0.0,0.0,0.0,0.0,0,1500,0,1,PID_ATTITUDE
304.458913,240-360_STILL,37180107585800,392200,PITCH,0.06,-0.15,-0.18,0.0,0.0,0.0,0.0,0,1500,0,1,PID_ATTITUDE
304.552480,240-360_STILL,37180201153100,392300,PITCH,0.06,-0.15,-0.18,0.0,0.0,0.0,0.0,0,1500,0,1,PID_ATTITUDE
304.659559,240-360_STILL,37180308232100,392400,PITCH,0.06,-0.15,-0.18,0.0,0.0,0.0,0.0,0,1500,0,1,PID_ATTITUDE
304.752209,240-360_STILL,37180400882100,392500,PITCH,0.05,-0.15,-0.18,0.0,0.0,0.0,0.0,0,1500,0,1,PID_ATTITUDE
304.860179,240-360_STILL,37180508851700,392600,PITCH,0.05,-0.15,-0.18,0.0,0.0,0.0,0.0,0,1500,0,1,PID_ATTITUDE
304.901634,240-360_STILL,37180550306500,392700,PITCH,0.06,-0.15,-0.18,0.0,0.0,0.0,0.0,0,1500,0,1,PID_ATTITUDE
305.061665,240-360_STILL,37180710337400,392800,PITCH,0.06,-0.16,-0.19,0.0,0.0,0.0,0.0,0,1500,0,1,PID_ATTITUDE
305.154670,240-360_STILL,37180803343300,392900,PITCH,0.07,-0.16,-0.18,0.0,0.0,0.0,0.0,0,1500,0,1,PID_ATTITUDE
305.261878,240-360_STILL,37180910551100,393000,PITCH,0.07,-0.16,-0.19,0.0,0.0,0.0,0.0,0,1500,0,1,PID_ATTITUDE
305.355665,240-360_STILL,37181004337900,393100,PITCH,0.06,-0.17,-0.2,0.0,0.0,0.0,0.0,0,1500,0,1,PID_ATTITUDE
305.449269,240-360_STILL,37181097941600,393200,PITCH,0.06,-0.17,-0.2,0.0,0.0,0.0,0.0,0,1500,0,1,PID_ATTITUDE
305.558065,240-360_STILL,37181206738000,393300,PITCH,0.05,-0.17,-0.2,0.0,0.0,0.0,0.0,0,1500,0,1,PID_ATTITUDE
305.651534,240-360_STILL,37181300206400,393400,PITCH,0.04,-0.18,-0.21,0.0,0.0,0.0,0.0,0,1500,0,1,PID_ATTITUDE
305.760251,240-360_STILL,37181408924400,393500,PITCH,0.04,-0.18,-0.21,0.0,0.0,0.0,0.0,0,1500,0,1,PID_ATTITUDE
305.853182,240-360_STILL,37181501854400,393600,PITCH,0.04,-0.17,-0.2,0.0,0.0,0.0,0.0,0,1500,0,1,PID_ATTITUDE
305.901376,240-360_STILL,37181550049200,393700,PITCH,0.05,-0.17,-0.2,0.0,0.0,0.0,0.0,0,1500,0,1,PID_ATTITUDE
306.057550,240-360_STILL,37181706223300,393800,PITCH,0.04,-0.16,-0.19,0.0,0.0,0.0,0.0,0,1500,0,1,PID_ATTITUDE
306.150424,240-360_STILL,37181799097000,393900,PITCH,0.05,-0.17,-0.2,0.0,0.0,0.0,0.0,0,1500,0,1,PID_ATTITUDE
306.260526,240-360_STILL,37181909198500,394000,PITCH,0.05,-0.16,-0.19,0.0,0.0,0.0,0.0,0,1500,0,1,PID_ATTITUDE
306.352332,240-360_STILL,37182001005100,394100,PITCH,0.06,-0.15,-0.18,0.0,0.0,0.0,0.0,0,1500,0,1,PID_ATTITUDE
306.459837,240-360_STILL,37182108510000,394200,PITCH,0.05,-0.15,-0.19,0.0,0.0,0.0,0.0,0,1500,0,1,PID_ATTITUDE
306.554249,240-360_STILL,37182202922000,394300,PITCH,0.04,-0.16,-0.19,0.0,0.0,0.0,0.0,0,1500,0,1,PID_ATTITUDE
306.662743,240-360_STILL,37182311416100,394400,PITCH,0.04,-0.15,-0.18,0.0,0.0,0.0,0.0,0,1500,0,1,PID_ATTITUDE
306.756251,240-360_STILL,37182404924300,394500,PITCH,0.06,-0.16,-0.19,0.0,0.0,0.0,0.0,0,1500,0,1,PID_ATTITUDE
306.849588,240-360_STILL,37182498260900,394600,PITCH,0.07,-0.16,-0.19,0.0,0.0,0.0,0.0,0,1500,0,1,PID_ATTITUDE
306.901164,240-360_STILL,37182549836700,394700,PITCH,0.07,-0.16,-0.19,0.0,0.0,0.0,0.0,0,1500,0,1,PID_ATTITUDE
307.051757,240-360_STILL,37182700429400,394800,PITCH,0.08,-0.16,-0.19,0.0,0.0,0.0,0.0,0,1500,0,1,PID_ATTITUDE
307.161355,240-360_STILL,37182810027700,394900,PITCH,0.08,-0.16,-0.18,0.0,0.0,0.0,0.0,0,1500,0,1,PID_ATTITUDE
307.253774,240-360_STILL,37182902447000,395000,PITCH,0.08,-0.16,-0.19,0.0,0.0,0.0,0.0,0,1500,0,1,PID_ATTITUDE
307.361862,240-360_STILL,37183010534700,395100,PITCH,0.08,-0.16,-0.19,0.0,0.0,0.0,0.0,0,1500,0,1,PID_ATTITUDE
307.456679,240-360_STILL,37183105351600,395200,PITCH,0.07,-0.16,-0.19,0.0,0.0,0.0,0.0,0,1500,0,1,PID_ATTITUDE
307.549394,240-360_STILL,37183198066600,395300,PITCH,0.08,-0.16,-0.19,0.0,0.0,0.0,0.0,0,1500,0,1,PID_ATTITUDE
307.657193,240-360_STILL,37183305865400,395400,PITCH,0.08,-0.16,-0.19,0.0,0.0,0.0,0.0,0,1500,0,1,PID_ATTITUDE
307.750358,240-360_STILL,37183399030700,395500,PITCH,0.08,-0.16,-0.19,0.0,0.0,0.0,0.0,0,1500,0,1,PID_ATTITUDE
307.859664,240-360_STILL,37183508336600,395600,PITCH,0.07,-0.18,-0.21,0.0,0.0,0.0,0.0,0,1500,0,1,PID_ATTITUDE
307.901014,240-360_STILL,37183549687000,395700,PITCH,0.07,-0.18,-0.21,0.0,0.0,0.0,0.0,0,1500,0,1,PID_ATTITUDE
308.047214,240-360_STILL,37183695886500,395800,PITCH,0.07,-0.18,-0.21,0.0,0.0,0.0,0.0,0,1500,0,1,PID_ATTITUDE
308.156600,240-360_STILL,37183805273200,395900,PITCH,0.06,-0.18,-0.2,0.0,0.0,0.0,0.0,0,1500,0,1,PID_ATTITUDE
308.250058,240-360_STILL,37183898730400,396000,PITCH,0.06,-0.17,-0.19,0.0,0.0,0.0,0.0,0,1500,0,1,PID_ATTITUDE
308.358114,240-360_STILL,37184006786900,396100,PITCH,0.06,-0.16,-0.19,0.0,0.0,0.0,0.0,0,1500,0,1,PID_ATTITUDE
308.452105,240-360_STILL,37184100777600,396200,PITCH,0.06,-0.17,-0.2,0.0,0.0,0.0,0.0,0,1500,0,1,PID_ATTITUDE
308.562141,240-360_STILL,37184210813800,396300,PITCH,0.05,-0.16,-0.19,0.0,0.0,0.0,0.0,0,1500,0,1,PID_ATTITUDE
308.656521,240-360_STILL,37184305194400,396400,PITCH,0.05,-0.17,-0.2,0.0,0.0,0.0,0.0,0,1500,0,1,PID_ATTITUDE
308.748685,240-360_STILL,37184397357500,396500,PITCH,0.06,-0.16,-0.19,0.0,0.0,0.0,0.0,0,1500,0,1,PID_ATTITUDE
308.856669,240-360_STILL,37184505342000,396600,PITCH,0.06,-0.17,-0.2,0.0,0.0,0.0,0.0,0,1500,0,1,PID_ATTITUDE
308.900855,240-360_STILL,37184549528400,396700,PITCH,0.06,-0.17,-0.2,0.0,0.0,0.0,0.0,0,1500,0,1,PID_ATTITUDE
309.059322,240-360_STILL,37184707994900,396800,PITCH,0.05,-0.18,-0.21,0.0,0.0,0.0,0.0,0,1500,0,1,PID_ATTITUDE
309.153469,240-360_STILL,37184802142200,396900,PITCH,0.04,-0.18,-0.21,0.0,0.0,0.0,0.0,0,1500,0,1,PID_ATTITUDE
309.246829,240-360_STILL,37184895501700,397000,PITCH,0.06,-0.18,-0.21,0.0,0.0,0.0,0.0,0,1500,0,1,PID_ATTITUDE
309.356354,240-360_STILL,37185005027000,397100,PITCH,0.07,-0.18,-0.21,0.0,0.0,0.0,0.0,0,1500,0,1,PID_ATTITUDE
309.449121,240-360_STILL,37185097794200,397200,PITCH,0.07,-0.19,-0.22,0.0,0.0,0.0,0.0,0,1500,0,1,PID_ATTITUDE
309.557200,240-360_STILL,37185205872800,397300,PITCH,0.07,-0.2,-0.23,0.0,0.0,0.0,0.0,0,1500,0,1,PID_ATTITUDE
309.651353,240-360_STILL,37185300025700,397400,PITCH,0.06,-0.2,-0.23,0.0,0.0,0.0,0.0,0,1500,0,1,PID_ATTITUDE
309.760220,240-360_STILL,37185408893100,397500,PITCH,0.05,-0.19,-0.22,0.0,0.0,0.0,0.0,0,1500,0,1,PID_ATTITUDE
309.853306,240-360_STILL,37185501978800,397600,PITCH,0.05,-0.19,-0.22,0.0,0.0,0.0,0.0,0,1500,0,1,PID_ATTITUDE
309.900751,240-360_STILL,37185549423500,397700,PITCH,0.06,-0.18,-0.21,0.0,0.0,0.0,0.0,0,1500,0,1,PID_ATTITUDE
310.053466,240-360_STILL,37185702139200,397800,PITCH,0.05,-0.18,-0.21,0.0,0.0,0.0,0.0,0,1500,0,1,PID_ATTITUDE
310.147797,240-360_STILL,37185796469800,397900,PITCH,0.05,-0.18,-0.21,0.0,0.0,0.0,0.0,0,1500,0,1,PID_ATTITUDE
310.257664,240-360_STILL,37185906337400,398000,PITCH,0.06,-0.17,-0.2,0.0,0.0,0.0,0.0,0,1500,0,1,PID_ATTITUDE
310.350536,240-360_STILL,37185999208900,398100,PITCH,0.05,-0.16,-0.18,0.0,0.0,0.0,0.0,0,1500,0,1,PID_ATTITUDE
310.460808,240-360_STILL,37186109481100,398200,PITCH,0.06,-0.16,-0.19,0.0,0.0,0.0,0.0,0,1500,0,1,PID_ATTITUDE
310.552964,240-360_STILL,37186201636800,398300,PITCH,0.07,-0.17,-0.2,0.0,0.0,0.0,0.0,0,1500,0,1,PID_ATTITUDE
310.647203,240-360_STILL,37186295876400,398400,PITCH,0.07,-0.16,-0.19,0.0,0.0,0.0,0.0,0,1500,0,1,PID_ATTITUDE
310.755112,240-360_STILL,37186403785100,398500,PITCH,0.07,-0.16,-0.19,0.0,0.0,0.0,0.0,0,1500,0,1,PID_ATTITUDE
310.848583,240-360_STILL,37186497256000,398600,PITCH,0.07,-0.16,-0.2,0.0,0.0,0.0,0.0,0,1500,0,1,PID_ATTITUDE
310.900575,240-360_STILL,37186549247500,398700,PITCH,0.06,-0.16,-0.19,0.0,0.0,0.0,0.0,0,1500,0,1,PID_ATTITUDE
311.052871,240-360_STILL,37186701544100,398800,PITCH,0.05,-0.16,-0.19,0.0,0.0,0.0,0.0,0,1500,0,1,PID_ATTITUDE
311.160923,240-360_STILL,37186809596200,398900,PITCH,0.05,-0.16,-0.19,0.0,0.0,0.0,0.0,0,1500,0,1,PID_ATTITUDE
311.253349,240-360_STILL,37186902022000,399000,PITCH,0.05,-0.16,-0.19,0.0,0.0,0.0,0.0,0,1500,0,1,PID_ATTITUDE
311.360634,240-360_STILL,37187009307200,399100,PITCH,0.05,-0.17,-0.2,0.0,0.0,0.0,0.0,0,1500,0,1,PID_ATTITUDE
311.455402,240-360_STILL,37187104074800,399200,PITCH,0.05,-0.18,-0.21,0.0,0.0,0.0,0.0,0,1500,0,1,PID_ATTITUDE
311.549968,240-360_STILL,37187198641400,399300,PITCH,0.05,-0.17,-0.2,0.0,0.0,0.0,0.0,0,1500,0,1,PID_ATTITUDE
311.658039,240-360_STILL,37187306711500,399400,PITCH,0.06,-0.17,-0.2,0.0,0.0,0.0,0.0,0,1500,0,1,PID_ATTITUDE
311.751711,240-360_STILL,37187400384000,399500,PITCH,0.05,-0.17,-0.2,0.0,0.0,0.0,0.0,0,1500,0,1,PID_ATTITUDE
311.859623,240-360_STILL,37187508296100,399600,PITCH,0.05,-0.16,-0.19,0.0,0.0,0.0,0.0,0,1500,0,1,PID_ATTITUDE
311.900550,240-360_STILL,37187549222800,399700,PITCH,0.06,-0.15,-0.18,0.0,0.0,0.0,0.0,0,1500,0,1,PID_ATTITUDE
312.046973,240-360_STILL,37187695645700,399800,PITCH,0.06,-0.15,-0.18,0.0,0.0,0.0,0.0,0,1500,0,1,PID_ATTITUDE
312.156842,240-360_STILL,37187805514700,399900,PITCH,0.07,-0.15,-0.18,0.0,0.0,0.0,0.0,0,1500,0,1,PID_ATTITUDE
312.250682,240-360_STILL,37187899355300,400000,PITCH,0.07,-0.17,-0.2,0.0,0.0,0.0,0.0,0,1500,0,1,PID_ATTITUDE
312.360449,240-360_STILL,37188009121400,400100,PITCH,0.06,-0.18,-0.21,0.0,0.0,0.0,0.0,0,1500,0,1,PID_ATTITUDE
312.454764,240-360_STILL,37188103436400,400200,PITCH,0.06,-0.18,-0.2,0.0,0.0,0.0,0.0,0,1500,0,1,PID_ATTITUDE
312.548666,240-360_STILL,37188197339000,400300,PITCH,0.06,-0.17,-0.2,0.0,0.0,0.0,0.0,0,1500,0,1,PID_ATTITUDE
312.659143,240-360_STILL,37188307815800,400400,PITCH,0.06,-0.16,-0.19,0.0,0.0,0.0,0.0,0,1500,0,1,PID_ATTITUDE
312.752350,240-360_STILL,37188401022800,400500,PITCH,0.06,-0.16,-0.19,0.0,0.0,0.0,0.0,0,1500,0,1,PID_ATTITUDE
312.859809,240-360_STILL,37188508481500,400600,PITCH,0.06,-0.16,-0.19,0.0,0.0,0.0,0.0,0,1500,0,1,PID_ATTITUDE
312.900254,240-360_STILL,37188548926400,400700,PITCH,0.06,-0.17,-0.2,0.0,0.0,0.0,0.0,0,1500,0,1,PID_ATTITUDE
313.048075,240-360_STILL,37188696748300,400800,PITCH,0.06,-0.18,-0.21,0.0,0.0,0.0,0.0,0,1500,0,1,PID_ATTITUDE
313.157026,240-360_STILL,37188805698500,400900,PITCH,0.07,-0.19,-0.22,0.0,0.0,0.0,0.0,0,1500,0,1,PID_ATTITUDE
313.249463,240-360_STILL,37188898135900,401000,PITCH,0.08,-0.2,-0.23,0.0,0.0,0.0,0.0,0,1500,0,1,PID_ATTITUDE
313.358786,240-360_STILL,37189007459100,401100,PITCH,0.08,-0.19,-0.22,0.0,0.0,0.0,0.0,0,1500,0,1,PID_ATTITUDE
313.451711,240-360_STILL,37189100383600,401200,PITCH,0.08,-0.18,-0.21,0.0,0.0,0.0,0.0,0,1500,0,1,PID_ATTITUDE
313.560491,240-360_STILL,37189209163800,401300,PITCH,0.09,-0.18,-0.21,0.0,0.0,0.0,0.0,0,1500,0,1,PID_ATTITUDE
313.654922,240-360_STILL,37189303594800,401400,PITCH,0.09,-0.17,-0.2,0.0,0.0,0.0,0.0,0,1500,0,1,PID_ATTITUDE
313.748778,240-360_STILL,37189397451100,401500,PITCH,0.09,-0.16,-0.19,0.0,0.0,0.0,0.0,0,1500,0,1,PID_ATTITUDE
313.855823,240-360_STILL,37189504495500,401600,PITCH,0.09,-0.16,-0.19,0.0,0.0,0.0,0.0,0,1500,0,1,PID_ATTITUDE
313.900068,240-360_STILL,37189548740600,401700,PITCH,0.09,-0.15,-0.18,0.0,0.0,0.0,0.0,0,1500,0,1,PID_ATTITUDE
314.057046,240-360_STILL,37189705719100,401800,PITCH,0.09,-0.15,-0.18,0.0,0.0,0.0,0.0,0,1500,0,1,PID_ATTITUDE
314.150926,240-360_STILL,37189799598500,401900,PITCH,0.07,-0.15,-0.18,0.0,0.0,0.0,0.0,0,1500,0,1,PID_ATTITUDE
314.259038,240-360_STILL,37189907710800,402000,PITCH,0.07,-0.15,-0.18,0.0,0.0,0.0,0.0,0,1500,0,1,PID_ATTITUDE
314.353200,240-360_STILL,37190001873000,402100,PITCH,0.06,-0.14,-0.17,0.0,0.0,0.0,0.0,0,1500,0,1,PID_ATTITUDE
314.446521,240-360_STILL,37190095193600,402200,PITCH,0.07,-0.14,-0.17,0.0,0.0,0.0,0.0,0,1500,0,1,PID_ATTITUDE
314.556201,240-360_STILL,37190204874400,402300,PITCH,0.07,-0.13,-0.16,0.0,0.0,0.0,0.0,0,1500,0,1,PID_ATTITUDE
314.649528,240-360_STILL,37190298201200,402400,PITCH,0.07,-0.13,-0.16,0.0,0.0,0.0,0.0,0,1500,0,1,PID_ATTITUDE
314.758950,240-360_STILL,37190407623100,402500,PITCH,0.06,-0.13,-0.15,0.0,0.0,0.0,0.0,0,1500,0,1,PID_ATTITUDE
314.852794,240-360_STILL,37190501466500,402600,PITCH,0.06,-0.13,-0.16,0.0,0.0,0.0,0.0,0,1500,0,1,PID_ATTITUDE
314.899792,240-360_STILL,37190548465400,402700,PITCH,0.05,-0.13,-0.16,0.0,0.0,0.0,0.0,0,1500,0,1,PID_ATTITUDE
315.054665,240-360_STILL,37190703337500,402800,PITCH,0.04,-0.13,-0.16,0.0,0.0,0.0,0.0,0,1500,0,1,PID_ATTITUDE
315.147116,240-360_STILL,37190795789100,402900,PITCH,0.03,-0.14,-0.17,0.0,0.0,0.0,0.0,0,1500,0,1,PID_ATTITUDE
315.254700,240-360_STILL,37190903373100,403000,PITCH,0.03,-0.14,-0.17,0.0,0.0,0.0,0.0,0,1500,0,1,PID_ATTITUDE
315.347929,240-360_STILL,37190996601900,403100,PITCH,0.02,-0.14,-0.17,0.0,0.0,0.0,0.0,0,1500,0,1,PID_ATTITUDE
315.455892,240-360_STILL,37191104564500,403200,PITCH,0.02,-0.14,-0.17,0.0,0.0,0.0,0.0,0,1500,0,1,PID_ATTITUDE
315.548369,240-360_STILL,37191197041600,403300,PITCH,0.02,-0.14,-0.17,0.0,0.0,0.0,0.0,0,1500,0,1,PID_ATTITUDE
315.657810,240-360_STILL,37191306482500,403400,PITCH,0.02,-0.14,-0.17,0.0,0.0,0.0,0.0,0,1500,0,1,PID_ATTITUDE
315.751560,240-360_STILL,37191400233400,403500,PITCH,0.02,-0.15,-0.17,0.0,0.0,0.0,0.0,0,1500,0,1,PID_ATTITUDE
315.861393,240-360_STILL,37191510065700,403600,PITCH,0.03,-0.14,-0.17,0.0,0.0,0.0,0.0,0,1500,0,1,PID_ATTITUDE
315.899807,240-360_STILL,37191548479400,403700,PITCH,0.03,-0.14,-0.17,0.0,0.0,0.0,0.0,0,1500,0,1,PID_ATTITUDE
316.047829,240-360_STILL,37191696502000,403800,PITCH,0.03,-0.14,-0.17,0.0,0.0,0.0,0.0,0,1500,0,1,PID_ATTITUDE
316.155254,240-360_STILL,37191803926900,403900,PITCH,0.03,-0.14,-0.17,0.0,0.0,0.0,0.0,0,1500,0,1,PID_ATTITUDE
316.248268,240-360_STILL,37191896941100,404000,PITCH,0.03,-0.14,-0.17,0.0,0.0,0.0,0.0,0,1500,0,1,PID_ATTITUDE
316.357185,240-360_STILL,37192005857500,404100,PITCH,0.04,-0.15,-0.18,0.0,0.0,0.0,0.0,0,1500,0,1,PID_ATTITUDE
316.451109,240-360_STILL,37192099782100,404200,PITCH,0.04,-0.15,-0.18,0.0,0.0,0.0,0.0,0,1500,0,1,PID_ATTITUDE
316.560643,240-360_STILL,37192209315800,404300,PITCH,0.05,-0.14,-0.17,0.0,0.0,0.0,0.0,0,1500,0,1,PID_ATTITUDE
316.654893,240-360_STILL,37192303565900,404400,PITCH,0.05,-0.14,-0.17,0.0,0.0,0.0,0.0,0,1500,0,1,PID_ATTITUDE
316.749969,240-360_STILL,37192398641600,404500,PITCH,0.04,-0.15,-0.18,0.0,0.0,0.0,0.0,0,1500,0,1,PID_ATTITUDE
316.858631,240-360_STILL,37192507303900,404600,PITCH,0.04,-0.15,-0.18,0.0,0.0,0.0,0.0,0,1500,0,1,PID_ATTITUDE
316.899753,240-360_STILL,37192548425700,404700,PITCH,0.05,-0.16,-0.19,0.0,0.0,0.0,0.0,0,1500,0,1,PID_ATTITUDE
317.058763,240-360_STILL,37192707436400,404800,PITCH,0.05,-0.17,-0.2,0.0,0.0,0.0,0.0,0,1500,0,1,PID_ATTITUDE
317.151859,240-360_STILL,37192800531700,404900,PITCH,0.05,-0.16,-0.19,0.0,0.0,0.0,0.0,0,1500,0,1,PID_ATTITUDE
317.246419,240-360_STILL,37192895091900,405000,PITCH,0.06,-0.15,-0.18,0.0,0.0,0.0,0.0,0,1500,0,1,PID_ATTITUDE
317.357072,240-360_STILL,37193005744600,405100,PITCH,0.05,-0.15,-0.18,0.0,0.0,0.0,0.0,0,1500,0,1,PID_ATTITUDE
317.450104,240-360_STILL,37193098776900,405200,PITCH,0.04,-0.15,-0.18,0.0,0.0,0.0,0.0,0,1500,0,1,PID_ATTITUDE
317.558350,240-360_STILL,37193207023000,405300,PITCH,0.04,-0.16,-0.19,0.0,0.0,0.0,0.0,0,1500,0,1,PID_ATTITUDE
317.651680,240-360_STILL,37193300352900,405400,PITCH,0.03,-0.16,-0.2,0.0,0.0,0.0,0.0,0,1500,0,1,PID_ATTITUDE
317.759668,240-360_STILL,37193408341400,405500,PITCH,0.03,-0.17,-0.2,0.0,0.0,0.0,0.0,0,1500,0,1,PID_ATTITUDE
317.853135,240-360_STILL,37193501807400,405600,PITCH,0.04,-0.17,-0.2,0.0,0.0,0.0,0.0,0,1500,0,1,PID_ATTITUDE
317.899542,240-360_STILL,37193548215000,405700,PITCH,0.04,-0.17,-0.2,0.0,0.0,0.0,0.0,0,1500,0,1,PID_ATTITUDE
318.055967,240-360_STILL,37193704639700,405800,PITCH,0.04,-0.16,-0.19,0.0,0.0,0.0,0.0,0,1500,0,1,PID_ATTITUDE
318.148702,240-360_STILL,37193797375100,405900,PITCH,0.04,-0.16,-0.19,0.0,0.0,0.0,0.0,0,1500,0,1,PID_ATTITUDE
318.256920,240-360_STILL,37193905593300,406000,PITCH,0.04,-0.16,-0.19,0.0,0.0,0.0,0.0,0,1500,0,1,PID_ATTITUDE
318.350398,240-360_STILL,37193999071100,406100,PITCH,0.04,-0.16,-0.19,0.0,0.0,0.0,0.0,0,1500,0,1,PID_ATTITUDE
318.459744,240-360_STILL,37194108416900,406200,PITCH,0.04,-0.16,-0.19,0.0,0.0,0.0,0.0,0,1500,0,1,PID_ATTITUDE
318.553718,240-360_STILL,37194202390600,406300,PITCH,0.04,-0.16,-0.19,0.0,0.0,0.0,0.0,0,1500,0,1,PID_ATTITUDE
318.646866,240-360_STILL,37194295538900,406400,PITCH,0.04,-0.17,-0.2,0.0,0.0,0.0,0.0,0,1500,0,1,PID_ATTITUDE
318.755164,240-360_STILL,37194403836600,406500,PITCH,0.04,-0.17,-0.2,0.0,0.0,0.0,0.0,0,1500,0,1,PID_ATTITUDE
318.848205,240-360_STILL,37194496878000,406600,PITCH,0.05,-0.17,-0.2,0.0,0.0,0.0,0.0,0,1500,0,1,PID_ATTITUDE
318.899193,240-360_STILL,37194547865500,406700,PITCH,0.04,-0.17,-0.2,0.0,0.0,0.0,0.0,0,1500,0,1,PID_ATTITUDE
319.051371,240-360_STILL,37194700043900,406800,PITCH,0.04,-0.17,-0.2,0.0,0.0,0.0,0.0,0,1500,0,1,PID_ATTITUDE
319.145421,240-360_STILL,37194794093700,406900,PITCH,0.05,-0.17,-0.2,0.0,0.0,0.0,0.0,0,1500,0,1,PID_ATTITUDE
319.254129,240-360_STILL,37194902802100,407000,PITCH,0.04,-0.17,-0.21,0.0,0.0,0.0,0.0,0,1500,0,1,PID_ATTITUDE
319.347912,240-360_STILL,37194996584900,407100,PITCH,0.04,-0.17,-0.2,0.0,0.0,0.0,0.0,0,1500,0,1,PID_ATTITUDE
319.456924,240-360_STILL,37195105596800,407200,PITCH,0.03,-0.16,-0.19,0.0,0.0,0.0,0.0,0,1500,0,1,PID_ATTITUDE
319.550132,240-360_STILL,37195198804400,407300,PITCH,0.02,-0.16,-0.19,0.0,0.0,0.0,0.0,0,1500,0,1,PID_ATTITUDE
319.658857,240-360_STILL,37195307530000,407400,PITCH,0.02,-0.15,-0.18,0.0,0.0,0.0,0.0,0,1500,0,1,PID_ATTITUDE
319.752863,240-360_STILL,37195401536400,407500,PITCH,0.02,-0.15,-0.18,0.0,0.0,0.0,0.0,0,1500,0,1,PID_ATTITUDE
319.859867,240-360_STILL,37195508540100,407600,PITCH,0.03,-0.16,-0.19,0.0,0.0,0.0,0.0,0,1500,0,1,PID_ATTITUDE
319.899211,240-360_STILL,37195547883600,407700,PITCH,0.04,-0.17,-0.2,0.0,0.0,0.0,0.0,0,1500,0,1,PID_ATTITUDE
320.046019,240-360_STILL,37195694691900,407800,PITCH,0.04,-0.18,-0.21,0.0,0.0,0.0,0.0,0,1500,0,1,PID_ATTITUDE
320.154950,240-360_STILL,37195803623200,407900,PITCH,0.04,-0.18,-0.21,0.0,0.0,0.0,0.0,0,1500,0,1,PID_ATTITUDE
320.249350,240-360_STILL,37195898023300,408000,PITCH,0.04,-0.18,-0.21,0.0,0.0,0.0,0.0,0,1500,0,1,PID_ATTITUDE
320.357148,240-360_STILL,37196005820500,408100,PITCH,0.04,-0.16,-0.19,0.0,0.0,0.0,0.0,0,1500,0,1,PID_ATTITUDE
320.449758,240-360_STILL,37196098431000,408200,PITCH,0.05,-0.16,-0.19,0.0,0.0,0.0,0.0,0,1500,0,1,PID_ATTITUDE
320.544765,240-360_STILL,37196193438300,408300,PITCH,0.05,-0.17,-0.2,0.0,0.0,0.0,0.0,0,1500,0,1,PID_ATTITUDE
320.653001,240-360_STILL,37196301674200,408400,PITCH,0.04,-0.17,-0.2,0.0,0.0,0.0,0.0,0,1500,0,1,PID_ATTITUDE
320.746285,240-360_STILL,37196394958100,408500,PITCH,0.04,-0.18,-0.21,0.0,0.0,0.0,0.0,0,1500,0,1,PID_ATTITUDE
320.854669,240-360_STILL,37196503342200,408600,PITCH,0.04,-0.17,-0.2,0.0,0.0,0.0,0.0,0,1500,0,1,PID_ATTITUDE
320.899078,240-360_STILL,37196547751000,408700,PITCH,0.03,-0.16,-0.19,0.0,0.0,0.0,0.0,0,1500,0,1,PID_ATTITUDE
321.058147,240-360_STILL,37196706819500,408800,PITCH,0.03,-0.15,-0.18,0.0,0.0,0.0,0.0,0,1500,0,1,PID_ATTITUDE
321.151926,240-360_STILL,37196800598800,408900,PITCH,0.04,-0.16,-0.19,0.0,0.0,0.0,0.0,0,1500,0,1,PID_ATTITUDE
321.245202,240-360_STILL,37196893875100,409000,PITCH,0.04,-0.17,-0.2,0.0,0.0,0.0,0.0,0,1500,0,1,PID_ATTITUDE
321.355548,240-360_STILL,37197004220600,409100,PITCH,0.05,-0.17,-0.2,0.0,0.0,0.0,0.0,0,1500,0,1,PID_ATTITUDE
321.450231,240-360_STILL,37197098903900,409200,PITCH,0.06,-0.16,-0.19,0.0,0.0,0.0,0.0,0,1500,0,1,PID_ATTITUDE
321.559859,240-360_STILL,37197208531500,409300,PITCH,0.06,-0.16,-0.19,0.0,0.0,0.0,0.0,0,1500,0,1,PID_ATTITUDE
321.653053,240-360_STILL,37197301726300,409400,PITCH,0.05,-0.15,-0.17,0.0,0.0,0.0,0.0,0,1500,0,1,PID_ATTITUDE
321.745616,240-360_STILL,37197394289200,409500,PITCH,0.05,-0.15,-0.18,0.0,0.0,0.0,0.0,0,1500,0,1,PID_ATTITUDE
321.854721,240-360_STILL,37197503394200,409600,PITCH,0.05,-0.15,-0.18,0.0,0.0,0.0,0.0,0,1500,0,1,PID_ATTITUDE
321.898920,240-360_STILL,37197547593200,409700,PITCH,0.04,-0.16,-0.18,0.0,0.0,0.0,0.0,0,1500,0,1,PID_ATTITUDE
322.057840,240-360_STILL,37197706512700,409800,PITCH,0.03,-0.16,-0.19,0.0,0.0,0.0,0.0,0,1500,0,1,PID_ATTITUDE
322.153113,240-360_STILL,37197801786100,409900,PITCH,0.04,-0.16,-0.19,0.0,0.0,0.0,0.0,0,1500,0,1,PID_ATTITUDE
322.244849,240-360_STILL,37197893522400,410000,PITCH,0.05,-0.15,-0.18,0.0,0.0,0.0,0.0,0,1500,0,1,PID_ATTITUDE
322.352808,240-360_STILL,37198001480500,410100,PITCH,0.05,-0.16,-0.19,0.0,0.0,0.0,0.0,0,1500,0,1,PID_ATTITUDE
322.447631,240-360_STILL,37198096304400,410200,PITCH,0.04,-0.16,-0.19,0.0,0.0,0.0,0.0,0,1500,0,1,PID_ATTITUDE
322.556563,240-360_STILL,37198205236300,410300,PITCH,0.05,-0.16,-0.19,0.0,0.0,0.0,0.0,0,1500,0,1,PID_ATTITUDE
322.650480,240-360_STILL,37198299152900,410400,PITCH,0.05,-0.16,-0.19,0.0,0.0,0.0,0.0,0,1500,0,1,PID_ATTITUDE
322.759640,240-360_STILL,37198408312900,410500,PITCH,0.04,-0.17,-0.2,0.0,0.0,0.0,0.0,0,1500,0,1,PID_ATTITUDE
322.854568,240-360_STILL,37198503241000,410600,PITCH,0.05,-0.17,-0.2,0.0,0.0,0.0,0.0,0,1500,0,1,PID_ATTITUDE
322.898777,240-360_STILL,37198547449600,410700,PITCH,0.05,-0.17,-0.2,0.0,0.0,0.0,0.0,0,1500,0,1,PID_ATTITUDE
323.057046,240-360_STILL,37198705718800,410800,PITCH,0.06,-0.17,-0.2,0.0,0.0,0.0,0.0,0,1500,0,1,PID_ATTITUDE
323.150668,240-360_STILL,37198799340800,410900,PITCH,0.06,-0.18,-0.21,0.0,0.0,0.0,0.0,0,1500,0,1,PID_ATTITUDE
323.259525,240-360_STILL,37198908197900,411000,PITCH,0.06,-0.18,-0.21,0.0,0.0,0.0,0.0,0,1500,0,1,PID_ATTITUDE
323.352889,240-360_STILL,37199001562300,411100,PITCH,0.06,-0.18,-0.21,0.0,0.0,0.0,0.0,0,1500,0,1,PID_ATTITUDE
323.447116,240-360_STILL,37199095788900,411200,PITCH,0.05,-0.17,-0.2,0.0,0.0,0.0,0.0,0,1500,0,1,PID_ATTITUDE
323.557761,240-360_STILL,37199206433900,411300,PITCH,0.06,-0.17,-0.2,0.0,0.0,0.0,0.0,0,1500,0,1,PID_ATTITUDE
323.651231,240-360_STILL,37199299904300,411400,PITCH,0.06,-0.16,-0.19,0.0,0.0,0.0,0.0,0,1500,0,1,PID_ATTITUDE
323.745120,240-360_STILL,37199393792900,411500,PITCH,0.05,-0.16,-0.19,0.0,0.0,0.0,0.0,0,1500,0,1,PID_ATTITUDE
323.854205,240-360_STILL,37199502878300,411600,PITCH,0.04,-0.18,-0.21,0.0,0.0,0.0,0.0,0,1500,0,1,PID_ATTITUDE
323.898631,240-360_STILL,37199547304200,411700,PITCH,0.05,-0.17,-0.2,0.0,0.0,0.0,0.0,0,1500,0,1,PID_ATTITUDE
324.055907,240-360_STILL,37199704580200,411800,PITCH,0.05,-0.16,-0.19,0.0,0.0,0.0,0.0,0,1500,0,1,PID_ATTITUDE
324.150604,240-360_STILL,37199799276600,411900,PITCH,0.05,-0.16,-0.19,0.0,0.0,0.0,0.0,0,1500,0,1,PID_ATTITUDE
324.259901,240-360_STILL,37199908573800,412000,PITCH,0.05,-0.17,-0.2,0.0,0.0,0.0,0.0,0,1500,0,1,PID_ATTITUDE
324.353709,240-360_STILL,37200002381900,412100,PITCH,0.05,-0.18,-0.21,0.0,0.0,0.0,0.0,0,1500,0,1,PID_ATTITUDE
324.448676,240-360_STILL,37200097348800,412200,PITCH,0.06,-0.18,-0.21,0.0,0.0,0.0,0.0,0,1500,0,1,PID_ATTITUDE
324.557170,240-360_STILL,37200205842600,412300,PITCH,0.06,-0.19,-0.22,0.0,0.0,0.0,0.0,0,1500,0,1,PID_ATTITUDE
324.650400,240-360_STILL,37200299073000,412400,PITCH,0.05,-0.18,-0.21,0.0,0.0,0.0,0.0,0,1500,0,1,PID_ATTITUDE
324.745389,240-360_STILL,37200394062200,412500,PITCH,0.06,-0.16,-0.19,0.0,0.0,0.0,0.0,0,1500,0,1,PID_ATTITUDE
324.855054,240-360_STILL,37200503727000,412600,PITCH,0.08,-0.16,-0.19,0.0,0.0,0.0,0.0,0,1500,0,1,PID_ATTITUDE
324.898486,240-360_STILL,37200547158700,412700,PITCH,0.08,-0.16,-0.19,0.0,0.0,0.0,0.0,0,1500,0,1,PID_ATTITUDE
325.055479,240-360_STILL,37200704152200,412800,PITCH,0.07,-0.15,-0.18,0.0,0.0,0.0,0.0,0,1500,0,1,PID_ATTITUDE
325.149424,240-360_STILL,37200798096800,412900,PITCH,0.07,-0.16,-0.19,0.0,0.0,0.0,0.0,0,1500,0,1,PID_ATTITUDE
325.258541,240-360_STILL,37200907214200,413000,PITCH,0.07,-0.16,-0.19,0.0,0.0,0.0,0.0,0,1500,0,1,PID_ATTITUDE
325.351981,240-360_STILL,37201000653700,413100,PITCH,0.06,-0.16,-0.19,0.0,0.0,0.0,0.0,0,1500,0,1,PID_ATTITUDE
325.445521,240-360_STILL,37201094193700,413200,PITCH,0.05,-0.16,-0.19,0.0,0.0,0.0,0.0,0,1500,0,1,PID_ATTITUDE
325.554692,240-360_STILL,37201203364700,413300,PITCH,0.05,-0.16,-0.19,0.0,0.0,0.0,0.0,0,1500,0,1,PID_ATTITUDE
325.648290,240-360_STILL,37201296963000,413400,PITCH,0.06,-0.16,-0.19,0.0,0.0,0.0,0.0,0,1500,0,1,PID_ATTITUDE
325.757908,240-360_STILL,37201406581100,413500,PITCH,0.06,-0.17,-0.2,0.0,0.0,0.0,0.0,0,1500,0,1,PID_ATTITUDE
325.850998,240-360_STILL,37201499670600,413600,PITCH,0.06,-0.16,-0.18,0.0,0.0,0.0,0.0,0,1500,0,1,PID_ATTITUDE
325.898367,240-360_STILL,37201547040100,413700,PITCH,0.07,-0.15,-0.19,0.0,0.0,0.0,0.0,0,1500,0,1,PID_ATTITUDE
326.053349,240-360_STILL,37201702021400,413800,PITCH,0.06,-0.16,-0.2,0.0,0.0,0.0,0.0,0,1500,0,1,PID_ATTITUDE
326.147524,240-360_STILL,37201796196600,413900,PITCH,0.07,-0.16,-0.19,0.0,0.0,0.0,0.0,0,1500,0,1,PID_ATTITUDE
326.256512,240-360_STILL,37201905185300,414000,PITCH,0.07,-0.17,-0.2,0.0,0.0,0.0,0.0,0,1500,0,1,PID_ATTITUDE
326.349341,240-360_STILL,37201998014000,414100,PITCH,0.07,-0.17,-0.2,0.0,0.0,0.0,0.0,0,1500,0,1,PID_ATTITUDE
326.458908,240-360_STILL,37202107581100,414200,PITCH,0.07,-0.18,-0.21,0.0,0.0,0.0,0.0,0,1500,0,1,PID_ATTITUDE
326.552819,240-360_STILL,37202201491500,414300,PITCH,0.07,-0.16,-0.19,0.0,0.0,0.0,0.0,0,1500,0,1,PID_ATTITUDE
326.645700,240-360_STILL,37202294372600,414400,PITCH,0.08,-0.16,-0.19,0.0,0.0,0.0,0.0,0,1500,0,1,PID_ATTITUDE
326.755208,240-360_STILL,37202403881000,414500,PITCH,0.07,-0.17,-0.2,0.0,0.0,0.0,0.0,0,1500,0,1,PID_ATTITUDE
326.847511,240-360_STILL,37202496183900,414600,PITCH,0.06,-0.17,-0.2,0.0,0.0,0.0,0.0,0,1500,0,1,PID_ATTITUDE
326.898328,240-360_STILL,37202547000700,414700,PITCH,0.07,-0.18,-0.21,0.0,0.0,0.0,0.0,0,1500,0,1,PID_ATTITUDE
327.047908,240-360_STILL,37202696580400,414800,PITCH,0.07,-0.18,-0.21,0.0,0.0,0.0,0.0,0,1500,0,1,PID_ATTITUDE
327.156723,240-360_STILL,37202805395900,414900,PITCH,0.06,-0.17,-0.2,0.0,0.0,0.0,0.0,0,1500,0,1,PID_ATTITUDE
327.250027,240-360_STILL,37202898699500,415000,PITCH,0.05,-0.18,-0.21,0.0,0.0,0.0,0.0,0,1500,0,1,PID_ATTITUDE
327.359460,240-360_STILL,37203008132400,415100,PITCH,0.05,-0.17,-0.2,0.0,0.0,0.0,0.0,0,1500,0,1,PID_ATTITUDE
327.452247,240-360_STILL,37203100919400,415200,PITCH,0.05,-0.17,-0.2,0.0,0.0,0.0,0.0,0,1500,0,1,PID_ATTITUDE
327.546647,240-360_STILL,37203195320100,415300,PITCH,0.04,-0.18,-0.21,0.0,0.0,0.0,0.0,0,1500,0,1,PID_ATTITUDE
327.656448,240-360_STILL,37203305120700,415400,PITCH,0.03,-0.17,-0.2,0.0,0.0,0.0,0.0,0,1500,0,1,PID_ATTITUDE
327.749537,240-360_STILL,37203398209800,415500,PITCH,0.03,-0.16,-0.19,0.0,0.0,0.0,0.0,0,1500,0,1,PID_ATTITUDE
327.843593,240-360_STILL,37203492265500,415600,PITCH,0.03,-0.17,-0.2,0.0,0.0,0.0,0.0,0,1500,0,1,PID_ATTITUDE
327.898026,240-360_STILL,37203546698500,415700,PITCH,0.03,-0.18,-0.21,0.0,0.0,0.0,0.0,0,1500,0,1,PID_ATTITUDE
328.046132,240-360_STILL,37203694804600,415800,PITCH,0.04,-0.18,-0.21,0.0,0.0,0.0,0.0,0,1500,0,1,PID_ATTITUDE
328.156098,240-360_STILL,37203804770500,415900,PITCH,0.05,-0.19,-0.22,0.0,0.0,0.0,0.0,0,1500,0,1,PID_ATTITUDE
328.249046,240-360_STILL,37203897719100,416000,PITCH,0.05,-0.19,-0.22,0.0,0.0,0.0,0.0,0,1500,0,1,PID_ATTITUDE
328.358040,240-360_STILL,37204006712800,416100,PITCH,0.04,-0.19,-0.22,0.0,0.0,0.0,0.0,0,1500,0,1,PID_ATTITUDE
328.451271,240-360_STILL,37204099943600,416200,PITCH,0.03,-0.19,-0.22,0.0,0.0,0.0,0.0,0,1500,0,1,PID_ATTITUDE
328.545397,240-360_STILL,37204194070400,416300,PITCH,0.03,-0.19,-0.22,0.0,0.0,0.0,0.0,0,1500,0,1,PID_ATTITUDE
328.654300,240-360_STILL,37204302973100,416400,PITCH,0.04,-0.19,-0.22,0.0,0.0,0.0,0.0,0,1500,0,1,PID_ATTITUDE
328.748642,240-360_STILL,37204397315000,416500,PITCH,0.03,-0.19,-0.22,0.0,0.0,0.0,0.0,0,1500,0,1,PID_ATTITUDE
328.856633,240-360_STILL,37204505305500,416600,PITCH,0.03,-0.19,-0.22,0.0,0.0,0.0,0.0,0,1500,0,1,PID_ATTITUDE
328.897927,240-360_STILL,37204546600200,416700,PITCH,0.04,-0.19,-0.21,0.0,0.0,0.0,0.0,0,1500,0,1,PID_ATTITUDE
329.044178,240-360_STILL,37204692851100,416800,PITCH,0.04,-0.17,-0.2,0.0,0.0,0.0,0.0,0,1500,0,1,PID_ATTITUDE
329.154011,240-360_STILL,37204802683600,416900,PITCH,0.05,-0.17,-0.2,0.0,0.0,0.0,0.0,0,1500,0,1,PID_ATTITUDE
329.248106,240-360_STILL,37204896778500,417000,PITCH,0.05,-0.18,-0.21,0.0,0.0,0.0,0.0,0,1500,0,1,PID_ATTITUDE
329.358537,240-360_STILL,37205007210200,417100,PITCH,0.05,-0.17,-0.2,0.0,0.0,0.0,0.0,0,1500,0,1,PID_ATTITUDE
329.451181,240-360_STILL,37205099854000,417200,PITCH,0.05,-0.17,-0.2,0.0,0.0,0.0,0.0,0,1500,0,1,PID_ATTITUDE
329.544498,240-360_STILL,37205193171300,417300,PITCH,0.05,-0.17,-0.2,0.0,0.0,0.0,0.0,0,1500,0,1,PID_ATTITUDE
329.653280,240-360_STILL,37205301952800,417400,PITCH,0.05,-0.18,-0.21,0.0,0.0,0.0,0.0,0,1500,0,1,PID_ATTITUDE
329.746133,240-360_STILL,37205394805900,417500,PITCH,0.05,-0.18,-0.21,0.0,0.0,0.0,0.0,0,1500,0,1,PID_ATTITUDE
329.853869,240-360_STILL,37205502541800,417600,PITCH,0.04,-0.18,-0.21,0.0,0.0,0.0,0.0,0,1500,0,1,PID_ATTITUDE
329.897715,240-360_STILL,37205546388300,417700,PITCH,0.04,-0.17,-0.2,0.0,0.0,0.0,0.0,0,1500,0,1,PID_ATTITUDE
330.057273,240-360_STILL,37205705945700,417800,PITCH,0.03,-0.18,-0.2,0.0,0.0,0.0,0.0,0,1500,0,1,PID_ATTITUDE
330.150195,240-360_STILL,37205798868300,417900,PITCH,0.03,-0.16,-0.19,0.0,0.0,0.0,0.0,0,1500,0,1,PID_ATTITUDE
330.243059,240-360_STILL,37205891732000,418000,PITCH,0.03,-0.16,-0.2,0.0,0.0,0.0,0.0,0,1500,0,1,PID_ATTITUDE
330.351829,240-360_STILL,37206000501800,418100,PITCH,0.03,-0.17,-0.2,0.0,0.0,0.0,0.0,0,1500,0,1,PID_ATTITUDE
330.445697,240-360_STILL,37206094369700,418200,PITCH,0.04,-0.18,-0.22,0.0,0.0,0.0,0.0,0,1500,0,1,PID_ATTITUDE
330.555187,240-360_STILL,37206203859700,418300,PITCH,0.04,-0.19,-0.22,0.0,0.0,0.0,0.0,0,1500,0,1,PID_ATTITUDE
330.648093,240-360_STILL,37206296765800,418400,PITCH,0.05,-0.18,-0.21,0.0,0.0,0.0,0.0,0,1500,0,1,PID_ATTITUDE
330.756638,240-360_STILL,37206405310700,418500,PITCH,0.06,-0.17,-0.2,0.0,0.0,0.0,0.0,0,1500,0,1,PID_ATTITUDE
330.849670,240-360_STILL,37206498342500,418600,PITCH,0.06,-0.16,-0.19,0.0,0.0,0.0,0.0,0,1500,0,1,PID_ATTITUDE
330.897680,240-360_STILL,37206546353200,418700,PITCH,0.06,-0.15,-0.18,0.0,0.0,0.0,0.0,0,1500,0,1,PID_ATTITUDE
331.050528,240-360_STILL,37206699201000,418800,PITCH,0.06,-0.14,-0.17,0.0,0.0,0.0,0.0,0,1500,0,1,PID_ATTITUDE
331.144929,240-360_STILL,37206793602000,418900,PITCH,0.04,-0.14,-0.17,0.0,0.0,0.0,0.0,0,1500,0,1,PID_ATTITUDE
331.254946,240-360_STILL,37206903618700,419000,PITCH,0.04,-0.16,-0.19,0.0,0.0,0.0,0.0,0,1500,0,1,PID_ATTITUDE
331.348496,240-360_STILL,37206997169000,419100,PITCH,0.03,-0.17,-0.2,0.0,0.0,0.0,0.0,0,1500,0,1,PID_ATTITUDE
331.456865,240-360_STILL,37207105537500,419200,PITCH,0.04,-0.17,-0.2,0.0,0.0,0.0,0.0,0,1500,0,1,PID_ATTITUDE
331.550523,240-360_STILL,37207199195700,419300,PITCH,0.03,-0.16,-0.19,0.0,0.0,0.0,0.0,0,1500,0,1,PID_ATTITUDE
331.642826,240-360_STILL,37207291498600,419400,PITCH,0.03,-0.16,-0.19,0.0,0.0,0.0,0.0,0,1500,0,1,PID_ATTITUDE
331.752157,240-360_STILL,37207400829700,419500,PITCH,0.03,-0.15,-0.18,0.0,0.0,0.0,0.0,0,1500,0,1,PID_ATTITUDE
331.845986,240-360_STILL,37207494658800,419600,PITCH,0.04,-0.16,-0.19,0.0,0.0,0.0,0.0,0,1500,0,1,PID_ATTITUDE
331.897310,240-360_STILL,37207545982800,419700,PITCH,0.03,-0.15,-0.18,0.0,0.0,0.0,0.0,0,1500,0,1,PID_ATTITUDE
332.048504,240-360_STILL,37207697176800,419800,PITCH,0.02,-0.15,-0.18,0.0,0.0,0.0,0.0,0,1500,0,1,PID_ATTITUDE
332.157317,240-360_STILL,37207805989900,419900,PITCH,0.03,-0.16,-0.19,0.0,0.0,0.0,0.0,0,1500,0,1,PID_ATTITUDE
332.251872,240-360_STILL,37207900544700,420000,PITCH,0.04,-0.16,-0.19,0.0,0.0,0.0,0.0,0,1500,0,1,PID_ATTITUDE
332.344309,240-360_STILL,37207992981500,420100,PITCH,0.04,-0.16,-0.19,0.0,0.0,0.0,0.0,0,1500,0,1,PID_ATTITUDE
332.453877,240-360_STILL,37208102549600,420200,PITCH,0.04,-0.16,-0.19,0.0,0.0,0.0,0.0,0,1500,0,1,PID_ATTITUDE
332.547699,240-360_STILL,37208196371700,420300,PITCH,0.04,-0.15,-0.18,0.0,0.0,0.0,0.0,0,1500,0,1,PID_ATTITUDE
332.657737,240-360_STILL,37208306410100,420400,PITCH,0.05,-0.16,-0.19,0.0,0.0,0.0,0.0,0,1500,0,1,PID_ATTITUDE
332.750649,240-360_STILL,37208399321700,420500,PITCH,0.06,-0.16,-0.19,0.0,0.0,0.0,0.0,0,1500,0,1,PID_ATTITUDE
332.857824,240-360_STILL,37208506497400,420600,PITCH,0.06,-0.16,-0.19,0.0,0.0,0.0,0.0,0,1500,0,1,PID_ATTITUDE
332.897315,240-360_STILL,37208545988100,420700,PITCH,0.06,-0.16,-0.19,0.0,0.0,0.0,0.0,0,1500,0,1,PID_ATTITUDE
333.044824,240-360_STILL,37208693496800,420800,PITCH,0.06,-0.17,-0.19,0.0,0.0,0.0,0.0,0,1500,0,1,PID_ATTITUDE
333.154904,240-360_STILL,37208803577100,420900,PITCH,0.06,-0.17,-0.2,0.0,0.0,0.0,0.0,0,1500,0,1,PID_ATTITUDE
333.248638,240-360_STILL,37208897311300,421000,PITCH,0.06,-0.16,-0.19,0.0,0.0,0.0,0.0,0,1500,0,1,PID_ATTITUDE
333.357211,240-360_STILL,37209005883800,421100,PITCH,0.05,-0.15,-0.18,0.0,0.0,0.0,0.0,0,1500,0,1,PID_ATTITUDE
333.450412,240-360_STILL,37209099084800,421200,PITCH,0.06,-0.14,-0.17,0.0,0.0,0.0,0.0,0,1500,0,1,PID_ATTITUDE
333.544210,240-360_STILL,37209192882700,421300,PITCH,0.07,-0.14,-0.17,0.0,0.0,0.0,0.0,0,1500,0,1,PID_ATTITUDE
333.653474,240-360_STILL,37209302146900,421400,PITCH,0.06,-0.14,-0.17,0.0,0.0,0.0,0.0,0,1500,0,1,PID_ATTITUDE
333.746439,240-360_STILL,37209395112000,421500,PITCH,0.06,-0.14,-0.17,0.0,0.0,0.0,0.0,0,1500,0,1,PID_ATTITUDE
333.853972,240-360_STILL,37209502644500,421600,PITCH,0.06,-0.14,-0.17,0.0,0.0,0.0,0.0,0,1500,0,1,PID_ATTITUDE
333.896963,240-360_STILL,37209545635900,421700,PITCH,0.04,-0.14,-0.17,0.0,0.0,0.0,0.0,0,1500,0,1,PID_ATTITUDE
334.055132,240-360_STILL,37209703804400,421800,PITCH,0.04,-0.15,-0.18,0.0,0.0,0.0,0.0,0,1500,0,1,PID_ATTITUDE
334.148992,240-360_STILL,37209797664700,421900,PITCH,0.05,-0.15,-0.18,0.0,0.0,0.0,0.0,0,1500,0,1,PID_ATTITUDE
334.242619,240-360_STILL,37209891291500,422000,PITCH,0.05,-0.16,-0.19,0.0,0.0,0.0,0.0,0,1500,0,1,PID_ATTITUDE
334.350959,240-360_STILL,37209999631700,422100,PITCH,0.05,-0.16,-0.18,0.0,0.0,0.0,0.0,0,1500,0,1,PID_ATTITUDE
334.444486,240-360_STILL,37210093159400,422200,PITCH,0.05,-0.14,-0.17,0.0,0.0,0.0,0.0,0,1500,0,1,PID_ATTITUDE
334.551898,240-360_STILL,37210200570600,422300,PITCH,0.07,-0.15,-0.18,0.0,0.0,0.0,0.0,0,1500,0,1,PID_ATTITUDE
334.645049,240-360_STILL,37210293721900,422400,PITCH,0.06,-0.15,-0.18,0.0,0.0,0.0,0.0,0,1500,0,1,PID_ATTITUDE
334.754454,240-360_STILL,37210403126700,422500,PITCH,0.06,-0.15,-0.18,0.0,0.0,0.0,0.0,0,1500,0,1,PID_ATTITUDE
334.846655,240-360_STILL,37210495328400,422600,PITCH,0.06,-0.15,-0.18,0.0,0.0,0.0,0.0,0,1500,0,1,PID_ATTITUDE
334.896817,240-360_STILL,37210545490200,422700,PITCH,0.05,-0.16,-0.19,0.0,0.0,0.0,0.0,0,1500,0,1,PID_ATTITUDE
335.049739,240-360_STILL,37210698412000,422800,PITCH,0.05,-0.17,-0.2,0.0,0.0,0.0,0.0,0,1500,0,1,PID_ATTITUDE
335.144959,240-360_STILL,37210793631900,422900,PITCH,0.05,-0.16,-0.18,0.0,0.0,0.0,0.0,0,1500,0,1,PID_ATTITUDE
335.252336,240-360_STILL,37210901008500,423000,PITCH,0.04,-0.15,-0.18,0.0,0.0,0.0,0.0,0,1500,0,1,PID_ATTITUDE
335.344923,240-360_STILL,37210993595500,423100,PITCH,0.04,-0.16,-0.19,0.0,0.0,0.0,0.0,0,1500,0,1,PID_ATTITUDE
335.453889,240-360_STILL,37211102562300,423200,PITCH,0.04,-0.16,-0.19,0.0,0.0,0.0,0.0,0,1500,0,1,PID_ATTITUDE
335.547361,240-360_STILL,37211196033400,423300,PITCH,0.04,-0.16,-0.19,0.0,0.0,0.0,0.0,0,1500,0,1,PID_ATTITUDE
335.656413,240-360_STILL,37211305086300,423400,PITCH,0.04,-0.16,-0.19,0.0,0.0,0.0,0.0,0,1500,0,1,PID_ATTITUDE
335.750240,240-360_STILL,37211398912400,423500,PITCH,0.04,-0.16,-0.18,0.0,0.0,0.0,0.0,0,1500,0,1,PID_ATTITUDE
335.843123,240-360_STILL,37211491795700,423600,PITCH,0.04,-0.16,-0.19,0.0,0.0,0.0,0.0,0,1500,0,1,PID_ATTITUDE
335.896836,240-360_STILL,37211545509100,423700,PITCH,0.04,-0.16,-0.2,0.0,0.0,0.0,0.0,0,1500,0,1,PID_ATTITUDE
336.044944,240-360_STILL,37211693617100,423800,PITCH,0.03,-0.16,-0.19,0.0,0.0,0.0,0.0,0,1500,0,1,PID_ATTITUDE
336.155321,240-360_STILL,37211803994000,423900,PITCH,0.04,-0.16,-0.19,0.0,0.0,0.0,0.0,0,1500,0,1,PID_ATTITUDE
336.249433,240-360_STILL,37211898105900,424000,PITCH,0.04,-0.17,-0.2,0.0,0.0,0.0,0.0,0,1500,0,1,PID_ATTITUDE
336.343679,240-360_STILL,37211992351500,424100,PITCH,0.03,-0.16,-0.19,0.0,0.0,0.0,0.0,0,1500,0,1,PID_ATTITUDE
336.452793,240-360_STILL,37212101466400,424200,PITCH,0.03,-0.15,-0.18,0.0,0.0,0.0,0.0,0,1500,0,1,PID_ATTITUDE
336.545290,240-360_STILL,37212193963100,424300,PITCH,0.03,-0.15,-0.18,0.0,0.0,0.0,0.0,0,1500,0,1,PID_ATTITUDE
336.652532,240-360_STILL,37212301204900,424400,PITCH,0.03,-0.15,-0.18,0.0,0.0,0.0,0.0,0,1500,0,1,PID_ATTITUDE
336.747585,240-360_STILL,37212396258000,424500,PITCH,0.01,-0.16,-0.19,0.0,0.0,0.0,0.0,0,1500,0,1,PID_ATTITUDE
336.857874,240-360_STILL,37212506547300,424600,PITCH,0.02,-0.17,-0.2,0.0,0.0,0.0,0.0,0,1500,0,1,PID_ATTITUDE
336.896664,240-360_STILL,37212545336600,424700,PITCH,0.02,-0.17,-0.21,0.0,0.0,0.0,0.0,0,1500,0,1,PID_ATTITUDE
337.045975,240-360_STILL,37212694647900,424800,PITCH,0.01,-0.19,-0.22,0.0,0.0,0.0,0.0,0,1500,0,1,PID_ATTITUDE
337.155614,240-360_STILL,37212804286700,424900,PITCH,0.02,-0.19,-0.22,0.0,0.0,0.0,0.0,0,1500,0,1,PID_ATTITUDE
337.247875,240-360_STILL,37212896547800,425000,PITCH,0.02,-0.2,-0.23,0.0,0.0,0.0,0.0,0,1500,0,1,PID_ATTITUDE
337.357235,240-360_STILL,37213005907400,425100,PITCH,0.02,-0.2,-0.23,0.0,0.0,0.0,0.0,0,1500,0,1,PID_ATTITUDE
337.451636,240-360_STILL,37213100308800,425200,PITCH,0.03,-0.19,-0.22,0.0,0.0,0.0,0.0,0,1500,0,1,PID_ATTITUDE
337.544805,240-360_STILL,37213193478300,425300,PITCH,0.04,-0.18,-0.21,0.0,0.0,0.0,0.0,0,1500,0,1,PID_ATTITUDE
337.654174,240-360_STILL,37213302846800,425400,PITCH,0.03,-0.18,-0.21,0.0,0.0,0.0,0.0,0,1500,0,1,PID_ATTITUDE
337.746814,240-360_STILL,37213395486900,425500,PITCH,0.03,-0.17,-0.2,0.0,0.0,0.0,0.0,0,1500,0,1,PID_ATTITUDE
337.856353,240-360_STILL,37213505025600,425600,PITCH,0.03,-0.16,-0.19,0.0,0.0,0.0,0.0,0,1500,0,1,PID_ATTITUDE
337.896534,240-360_STILL,37213545206600,425700,PITCH,0.03,-0.16,-0.19,0.0,0.0,0.0,0.0,0,1500,0,1,PID_ATTITUDE
338.043636,240-360_STILL,37213692309300,425800,PITCH,0.03,-0.17,-0.2,0.0,0.0,0.0,0.0,0,1500,0,1,PID_ATTITUDE
338.153590,240-360_STILL,37213802262400,425900,PITCH,0.02,-0.16,-0.19,0.0,0.0,0.0,0.0,0,1500,0,1,PID_ATTITUDE
338.247266,240-360_STILL,37213895938700,426000,PITCH,0.02,-0.17,-0.2,0.0,0.0,0.0,0.0,0,1500,0,1,PID_ATTITUDE
338.355576,240-360_STILL,37214004248900,426100,PITCH,0.02,-0.17,-0.2,0.0,0.0,0.0,0.0,0,1500,0,1,PID_ATTITUDE
338.450189,240-360_STILL,37214098861600,426200,PITCH,0.02,-0.18,-0.21,0.0,0.0,0.0,0.0,0,1500,0,1,PID_ATTITUDE
338.543438,240-360_STILL,37214192110500,426300,PITCH,0.02,-0.18,-0.21,0.0,0.0,0.0,0.0,0,1500,0,1,PID_ATTITUDE
338.652402,240-360_STILL,37214301074800,426400,PITCH,0.01,-0.17,-0.2,0.0,0.0,0.0,0.0,0,1500,0,1,PID_ATTITUDE
338.746774,240-360_STILL,37214395447000,426500,PITCH,0.01,-0.17,-0.19,0.0,0.0,0.0,0.0,0,1500,0,1,PID_ATTITUDE
338.854310,240-360_STILL,37214502983100,426600,PITCH,0.02,-0.15,-0.18,0.0,0.0,0.0,0.0,0,1500,0,1,PID_ATTITUDE
338.896381,240-360_STILL,37214545054100,426700,PITCH,0.02,-0.15,-0.18,0.0,0.0,0.0,0.0,0,1500,0,1,PID_ATTITUDE
339.057697,240-360_STILL,37214706369900,426800,PITCH,0.02,-0.16,-0.19,0.0,0.0,0.0,0.0,0,1500,0,1,PID_ATTITUDE
339.151113,240-360_STILL,37214799785600,426900,PITCH,0.03,-0.17,-0.19,0.0,0.0,0.0,0.0,0,1500,0,1,PID_ATTITUDE
339.244928,240-360_STILL,37214893601100,427000,PITCH,0.03,-0.16,-0.19,0.0,0.0,0.0,0.0,0,1500,0,1,PID_ATTITUDE
339.354027,240-360_STILL,37215002699700,427100,PITCH,0.02,-0.16,-0.19,0.0,0.0,0.0,0.0,0,1500,0,1,PID_ATTITUDE
339.447285,240-360_STILL,37215095957600,427200,PITCH,0.02,-0.17,-0.2,0.0,0.0,0.0,0.0,0,1500,0,1,PID_ATTITUDE
339.555619,240-360_STILL,37215204291800,427300,PITCH,0.02,-0.17,-0.2,0.0,0.0,0.0,0.0,0,1500,0,1,PID_ATTITUDE
339.649955,240-360_STILL,37215298627600,427400,PITCH,0.02,-0.18,-0.21,0.0,0.0,0.0,0.0,0,1500,0,1,PID_ATTITUDE
339.743224,240-360_STILL,37215391896600,427500,PITCH,0.02,-0.18,-0.21,0.0,0.0,0.0,0.0,0,1500,0,1,PID_ATTITUDE
339.853239,240-360_STILL,37215501911700,427600,PITCH,0.03,-0.17,-0.2,0.0,0.0,0.0,0.0,0,1500,0,1,PID_ATTITUDE
339.896227,240-360_STILL,37215544899600,427700,PITCH,0.03,-0.17,-0.2,0.0,0.0,0.0,0.0,0,1500,0,1,PID_ATTITUDE
340.054164,240-360_STILL,37215702836600,427800,PITCH,0.03,-0.18,-0.21,0.0,0.0,0.0,0.0,0,1500,0,1,PID_ATTITUDE
340.148474,240-360_STILL,37215797146400,427900,PITCH,0.03,-0.18,-0.21,0.0,0.0,0.0,0.0,0,1500,0,1,PID_ATTITUDE
340.256994,240-360_STILL,37215905666600,428000,PITCH,0.04,-0.18,-0.2,0.0,0.0,0.0,0.0,0,1500,0,1,PID_ATTITUDE
340.350153,240-360_STILL,37215998826300,428100,PITCH,0.04,-0.17,-0.2,0.0,0.0,0.0,0.0,0,1500,0,1,PID_ATTITUDE
340.445309,240-360_STILL,37216093982000,428200,PITCH,0.04,-0.17,-0.2,0.0,0.0,0.0,0.0,0,1500,0,1,PID_ATTITUDE
340.552524,240-360_STILL,37216201196600,428300,PITCH,0.04,-0.16,-0.19,0.0,0.0,0.0,0.0,0,1500,0,1,PID_ATTITUDE
340.644614,240-360_STILL,37216293287300,428400,PITCH,0.04,-0.15,-0.18,0.0,0.0,0.0,0.0,0,1500,0,1,PID_ATTITUDE
340.751614,240-360_STILL,37216400286600,428500,PITCH,0.02,-0.15,-0.18,0.0,0.0,0.0,0.0,0,1500,0,1,PID_ATTITUDE
340.844835,240-360_STILL,37216493507900,428600,PITCH,0.03,-0.15,-0.18,0.0,0.0,0.0,0.0,0,1500,0,1,PID_ATTITUDE
340.896063,240-360_STILL,37216544736300,428700,PITCH,0.04,-0.16,-0.19,0.0,0.0,0.0,0.0,0,1500,0,1,PID_ATTITUDE
341.047038,240-360_STILL,37216695710600,428800,PITCH,0.03,-0.17,-0.2,0.0,0.0,0.0,0.0,0,1500,0,1,PID_ATTITUDE
341.156361,240-360_STILL,37216805033600,428900,PITCH,0.04,-0.16,-0.19,0.0,0.0,0.0,0.0,0,1500,0,1,PID_ATTITUDE
341.249444,240-360_STILL,37216898117000,429000,PITCH,0.04,-0.17,-0.2,0.0,0.0,0.0,0.0,0,1500,0,1,PID_ATTITUDE
341.342646,240-360_STILL,37216991318700,429100,PITCH,0.04,-0.18,-0.21,0.0,0.0,0.0,0.0,0,1500,0,1,PID_ATTITUDE
341.452574,240-360_STILL,37217101246500,429200,PITCH,0.04,-0.18,-0.2,0.0,0.0,0.0,0.0,0,1500,0,1,PID_ATTITUDE
341.546363,240-360_STILL,37217195035600,429300,PITCH,0.03,-0.17,-0.2,0.0,0.0,0.0,0.0,0,1500,0,1,PID_ATTITUDE
341.657306,240-360_STILL,37217305978800,429400,PITCH,0.03,-0.17,-0.2,0.0,0.0,0.0,0.0,0,1500,0,1,PID_ATTITUDE
341.750428,240-360_STILL,37217399101000,429500,PITCH,0.03,-0.16,-0.19,0.0,0.0,0.0,0.0,0,1500,0,1,PID_ATTITUDE
341.844404,240-360_STILL,37217493076700,429600,PITCH,0.03,-0.17,-0.2,0.0,0.0,0.0,0.0,0,1500,0,1,PID_ATTITUDE
341.895925,240-360_STILL,37217544598200,429700,PITCH,0.03,-0.16,-0.19,0.0,0.0,0.0,0.0,0,1500,0,1,PID_ATTITUDE
342.046214,240-360_STILL,37217694886400,429800,PITCH,0.04,-0.15,-0.18,0.0,0.0,0.0,0.0,0,1500,0,1,PID_ATTITUDE
342.154813,240-360_STILL,37217803486100,429900,PITCH,0.04,-0.15,-0.18,0.0,0.0,0.0,0.0,0,1500,0,1,PID_ATTITUDE
342.249918,240-360_STILL,37217898591300,430000,PITCH,0.03,-0.16,-0.19,0.0,0.0,0.0,0.0,0,1500,0,1,PID_ATTITUDE
342.343344,240-360_STILL,37217992016800,430100,PITCH,0.03,-0.15,-0.18,0.0,0.0,0.0,0.0,0,1500,0,1,PID_ATTITUDE
342.450699,240-360_STILL,37218099372000,430200,PITCH,0.03,-0.14,-0.17,0.0,0.0,0.0,0.0,0,1500,0,1,PID_ATTITUDE
342.545140,240-360_STILL,37218193813100,430300,PITCH,0.04,-0.15,-0.18,0.0,0.0,0.0,0.0,0,1500,0,1,PID_ATTITUDE
342.656091,240-360_STILL,37218304763500,430400,PITCH,0.05,-0.16,-0.19,0.0,0.0,0.0,0.0,0,1500,0,1,PID_ATTITUDE
342.749012,240-360_STILL,37218397684900,430500,PITCH,0.05,-0.16,-0.19,0.0,0.0,0.0,0.0,0,1500,0,1,PID_ATTITUDE
342.842368,240-360_STILL,37218491040800,430600,PITCH,0.05,-0.18,-0.21,0.0,0.0,0.0,0.0,0,1500,0,1,PID_ATTITUDE
342.895772,240-360_STILL,37218544444900,430700,PITCH,0.06,-0.18,-0.21,0.0,0.0,0.0,0.0,0,1500,0,1,PID_ATTITUDE
343.044225,240-360_STILL,37218692898000,430800,PITCH,0.06,-0.18,-0.21,0.0,0.0,0.0,0.0,0,1500,0,1,PID_ATTITUDE
343.154346,240-360_STILL,37218803019100,430900,PITCH,0.05,-0.18,-0.21,0.0,0.0,0.0,0.0,0,1500,0,1,PID_ATTITUDE
343.246824,240-360_STILL,37218895496700,431000,PITCH,0.05,-0.18,-0.21,0.0,0.0,0.0,0.0,0,1500,0,1,PID_ATTITUDE
343.354887,240-360_STILL,37219003559700,431100,PITCH,0.05,-0.17,-0.2,0.0,0.0,0.0,0.0,0,1500,0,1,PID_ATTITUDE
343.447281,240-360_STILL,37219095954000,431200,PITCH,0.03,-0.18,-0.2,0.0,0.0,0.0,0.0,0,1500,0,1,PID_ATTITUDE
343.555548,240-360_STILL,37219204220700,431300,PITCH,0.03,-0.16,-0.19,0.0,0.0,0.0,0.0,0,1500,0,1,PID_ATTITUDE
343.647553,240-360_STILL,37219296226200,431400,PITCH,0.02,-0.15,-0.18,0.0,0.0,0.0,0.0,0,1500,0,1,PID_ATTITUDE
343.741538,240-360_STILL,37219390211000,431500,PITCH,0.02,-0.15,-0.18,0.0,0.0,0.0,0.0,0,1500,0,1,PID_ATTITUDE
343.851757,240-360_STILL,37219500429900,431600,PITCH,0.03,-0.15,-0.18,0.0,0.0,0.0,0.0,0,1500,0,1,PID_ATTITUDE
343.895668,240-360_STILL,37219544340400,431700,PITCH,0.02,-0.15,-0.18,0.0,0.0,0.0,0.0,0,1500,0,1,PID_ATTITUDE
344.054508,240-360_STILL,37219703181000,431800,PITCH,0.02,-0.15,-0.18,0.0,0.0,0.0,0.0,0,1500,0,1,PID_ATTITUDE
344.147775,240-360_STILL,37219796447700,431900,PITCH,0.01,-0.16,-0.19,0.0,0.0,0.0,0.0,0,1500,0,1,PID_ATTITUDE
344.242053,240-360_STILL,37219890726400,432000,PITCH,0.01,-0.17,-0.2,0.0,0.0,0.0,0.0,0,1500,0,1,PID_ATTITUDE
344.351315,240-360_STILL,37219999987900,432100,PITCH,0.01,-0.18,-0.21,0.0,0.0,0.0,0.0,0,1500,0,1,PID_ATTITUDE
344.444739,240-360_STILL,37220093411800,432200,PITCH,0.01,-0.18,-0.22,0.0,0.0,0.0,0.0,0,1500,0,1,PID_ATTITUDE
344.553838,240-360_STILL,37220202511100,432300,PITCH,0.01,-0.19,-0.22,0.0,0.0,0.0,0.0,0,1500,0,1,PID_ATTITUDE
344.646307,240-360_STILL,37220294979800,432400,PITCH,0.02,-0.19,-0.22,0.0,0.0,0.0,0.0,0,1500,0,1,PID_ATTITUDE
344.755989,240-360_STILL,37220404661400,432500,PITCH,0.03,-0.19,-0.22,0.0,0.0,0.0,0.0,0,1500,0,1,PID_ATTITUDE
344.848107,240-360_STILL,37220496779700,432600,PITCH,0.03,-0.19,-0.22,0.0,0.0,0.0,0.0,0,1500,0,1,PID_ATTITUDE
344.895499,240-360_STILL,37220544172300,432700,PITCH,0.02,-0.18,-0.21,0.0,0.0,0.0,0.0,0,1500,0,1,PID_ATTITUDE
345.049921,240-360_STILL,37220698593900,432800,PITCH,0.03,-0.17,-0.2,0.0,0.0,0.0,0.0,0,1500,0,1,PID_ATTITUDE
345.144288,240-360_STILL,37220792961200,432900,PITCH,0.03,-0.17,-0.21,0.0,0.0,0.0,0.0,0,1500,0,1,PID_ATTITUDE
345.252342,240-360_STILL,37220901015100,433000,PITCH,0.01,-0.18,-0.21,0.0,0.0,0.0,0.0,0,1500,0,1,PID_ATTITUDE
345.345111,240-360_STILL,37220993783500,433100,PITCH,0.02,-0.19,-0.22,0.0,0.0,0.0,0.0,0,1500,0,1,PID_ATTITUDE
345.453372,240-360_STILL,37221102044600,433200,PITCH,0.03,-0.2,-0.23,0.0,0.0,0.0,0.0,0,1500,0,1,PID_ATTITUDE
345.547039,240-360_STILL,37221195711800,433300,PITCH,0.02,-0.19,-0.22,0.0,0.0,0.0,0.0,0,1500,0,1,PID_ATTITUDE
345.655554,240-360_STILL,37221304226500,433400,PITCH,0.01,-0.18,-0.21,0.0,0.0,0.0,0.0,0,1500,0,1,PID_ATTITUDE
345.748829,240-360_STILL,37221397501800,433500,PITCH,0.01,-0.19,-0.22,0.0,0.0,0.0,0.0,0,1500,0,1,PID_ATTITUDE
345.842979,240-360_STILL,37221491652000,433600,PITCH,0.02,-0.19,-0.22,0.0,0.0,0.0,0.0,0,1500,0,1,PID_ATTITUDE
345.895411,240-360_STILL,37221544083600,433700,PITCH,0.02,-0.18,-0.21,0.0,0.0,0.0,0.0,0,1500,0,1,PID_ATTITUDE
346.046060,240-360_STILL,37221694733200,433800,PITCH,0.03,-0.19,-0.22,0.0,0.0,0.0,0.0,0,1500,0,1,PID_ATTITUDE
346.155411,240-360_STILL,37221804083800,433900,PITCH,0.03,-0.18,-0.21,0.0,0.0,0.0,0.0,0,1500,0,1,PID_ATTITUDE
346.249308,240-360_STILL,37221897981400,434000,PITCH,0.03,-0.19,-0.22,0.0,0.0,0.0,0.0,0,1500,0,1,PID_ATTITUDE
346.342441,240-360_STILL,37221991113400,434100,PITCH,0.02,-0.2,-0.23,0.0,0.0,0.0,0.0,0,1500,0,1,PID_ATTITUDE
346.451768,240-360_STILL,37222100440500,434200,PITCH,0.02,-0.19,-0.22,0.0,0.0,0.0,0.0,0,1500,0,1,PID_ATTITUDE
346.546189,240-360_STILL,37222194862100,434300,PITCH,0.04,-0.19,-0.22,0.0,0.0,0.0,0.0,0,1500,0,1,PID_ATTITUDE
346.656420,240-360_STILL,37222305092400,434400,PITCH,0.04,-0.19,-0.22,0.0,0.0,0.0,0.0,0,1500,0,1,PID_ATTITUDE
346.749370,240-360_STILL,37222398043300,434500,PITCH,0.03,-0.18,-0.21,0.0,0.0,0.0,0.0,0,1500,0,1,PID_ATTITUDE
346.842998,240-360_STILL,37222491670400,434600,PITCH,0.03,-0.18,-0.21,0.0,0.0,0.0,0.0,0,1500,0,1,PID_ATTITUDE
346.895040,240-360_STILL,37222543712500,434700,PITCH,0.03,-0.18,-0.21,0.0,0.0,0.0,0.0,0,1500,0,1,PID_ATTITUDE
347.046212,240-360_STILL,37222694884900,434800,PITCH,0.02,-0.17,-0.2,0.0,0.0,0.0,0.0,0,1500,0,1,PID_ATTITUDE
347.155650,240-360_STILL,37222804323300,434900,PITCH,0.01,-0.17,-0.2,0.0,0.0,0.0,0.0,0,1500,0,1,PID_ATTITUDE
347.250123,240-360_STILL,37222898796400,435000,PITCH,0.01,-0.16,-0.18,0.0,0.0,0.0,0.0,0,1500,0,1,PID_ATTITUDE
347.343098,240-360_STILL,37222991770600,435100,PITCH,0.0,-0.15,-0.18,0.0,0.0,0.0,0.0,0,1500,0,1,PID_ATTITUDE
347.450736,240-360_STILL,37223099408600,435200,PITCH,0.0,-0.15,-0.19,0.0,0.0,0.0,0.0,0,1500,0,1,PID_ATTITUDE
347.544213,240-360_STILL,37223192885500,435300,PITCH,0.0,-0.17,-0.2,0.0,0.0,0.0,0.0,0,1500,0,1,PID_ATTITUDE
347.652646,240-360_STILL,37223301318400,435400,PITCH,0.0,-0.17,-0.2,0.0,0.0,0.0,0.0,0,1500,0,1,PID_ATTITUDE
347.746833,240-360_STILL,37223395506200,435500,PITCH,0.0,-0.17,-0.19,0.0,0.0,0.0,0.0,0,1500,0,1,PID_ATTITUDE
347.841675,240-360_STILL,37223490347900,435600,PITCH,0.01,-0.17,-0.2,0.0,0.0,0.0,0.0,0,1500,0,1,PID_ATTITUDE
347.895029,240-360_STILL,37223543702100,435700,PITCH,0.01,-0.17,-0.2,0.0,0.0,0.0,0.0,0,1500,0,1,PID_ATTITUDE
348.045250,240-360_STILL,37223693922600,435800,PITCH,0.03,-0.17,-0.2,0.0,0.0,0.0,0.0,0,1500,0,1,PID_ATTITUDE
348.154603,240-360_STILL,37223803275700,435900,PITCH,0.04,-0.17,-0.2,0.0,0.0,0.0,0.0,0,1500,0,1,PID_ATTITUDE
348.247760,240-360_STILL,37223896433300,436000,PITCH,0.04,-0.17,-0.2,0.0,0.0,0.0,0.0,0,1500,0,1,PID_ATTITUDE
348.341561,240-360_STILL,37223990233900,436100,PITCH,0.04,-0.16,-0.19,0.0,0.0,0.0,0.0,0,1500,0,1,PID_ATTITUDE
348.449850,240-360_STILL,37224098522800,436200,PITCH,0.03,-0.16,-0.19,0.0,0.0,0.0,0.0,0,1500,0,1,PID_ATTITUDE
348.543250,240-360_STILL,37224191922800,436300,PITCH,0.02,-0.15,-0.18,0.0,0.0,0.0,0.0,0,1500,0,1,PID_ATTITUDE
348.651762,240-360_STILL,37224300434700,436400,PITCH,0.03,-0.15,-0.18,0.0,0.0,0.0,0.0,0,1500,0,1,PID_ATTITUDE
348.745764,240-360_STILL,37224394436700,436500,PITCH,0.04,-0.15,-0.18,0.0,0.0,0.0,0.0,0,1500,0,1,PID_ATTITUDE
348.854179,240-360_STILL,37224502851600,436600,PITCH,0.04,-0.15,-0.18,0.0,0.0,0.0,0.0,0,1500,0,1,PID_ATTITUDE
348.894878,240-360_STILL,37224543551300,436700,PITCH,0.04,-0.16,-0.19,0.0,0.0,0.0,0.0,0,1500,0,1,PID_ATTITUDE
349.056087,240-360_STILL,37224704760300,436800,PITCH,0.04,-0.16,-0.19,0.0,0.0,0.0,0.0,0,1500,0,1,PID_ATTITUDE
349.148379,240-360_STILL,37224797052100,436900,PITCH,0.04,-0.16,-0.19,0.0,0.0,0.0,0.0,0,1500,0,1,PID_ATTITUDE
349.242309,240-360_STILL,37224890981600,437000,PITCH,0.04,-0.15,-0.18,0.0,0.0,0.0,0.0,0,1500,0,1,PID_ATTITUDE
349.352251,240-360_STILL,37225000924200,437100,PITCH,0.04,-0.16,-0.19,0.0,0.0,0.0,0.0,0,1500,0,1,PID_ATTITUDE
349.446089,240-360_STILL,37225094762000,437200,PITCH,0.05,-0.15,-0.18,0.0,0.0,0.0,0.0,0,1500,0,1,PID_ATTITUDE
349.555039,240-360_STILL,37225203711500,437300,PITCH,0.04,-0.14,-0.17,0.0,0.0,0.0,0.0,0,1500,0,1,PID_ATTITUDE
349.648780,240-360_STILL,37225297453200,437400,PITCH,0.03,-0.15,-0.18,0.0,0.0,0.0,0.0,0,1500,0,1,PID_ATTITUDE
349.742764,240-360_STILL,37225391437300,437500,PITCH,0.04,-0.14,-0.17,0.0,0.0,0.0,0.0,0,1500,0,1,PID_ATTITUDE
349.850683,240-360_STILL,37225499355600,437600,PITCH,0.04,-0.14,-0.18,0.0,0.0,0.0,0.0,0,1500,0,1,PID_ATTITUDE
349.894719,240-360_STILL,37225543391700,437700,PITCH,0.05,-0.15,-0.18,0.0,0.0,0.0,0.0,0,1500,0,1,PID_ATTITUDE
350.052470,240-360_STILL,37225701142700,437800,PITCH,0.06,-0.14,-0.16,0.0,0.0,0.0,0.0,0,1500,0,1,PID_ATTITUDE
350.146333,240-360_STILL,37225795005500,437900,PITCH,0.05,-0.14,-0.17,0.0,0.0,0.0,0.0,0,1500,0,1,PID_ATTITUDE
350.255171,240-360_STILL,37225903843900,438000,PITCH,0.04,-0.15,-0.18,0.0,0.0,0.0,0.0,0,1500,0,1,PID_ATTITUDE
350.348795,240-360_STILL,37225997468100,438100,PITCH,0.04,-0.16,-0.19,0.0,0.0,0.0,0.0,0,1500,0,1,PID_ATTITUDE
350.442441,240-360_STILL,37226091113800,438200,PITCH,0.04,-0.16,-0.2,0.0,0.0,0.0,0.0,0,1500,0,1,PID_ATTITUDE
350.551040,240-360_STILL,37226199712800,438300,PITCH,0.05,-0.18,-0.21,0.0,0.0,0.0,0.0,0,1500,0,1,PID_ATTITUDE
350.644984,240-360_STILL,37226293657100,438400,PITCH,0.04,-0.17,-0.2,0.0,0.0,0.0,0.0,0,1500,0,1,PID_ATTITUDE
350.754730,240-360_STILL,37226403403200,438500,PITCH,0.04,-0.17,-0.2,0.0,0.0,0.0,0.0,0,1500,0,1,PID_ATTITUDE
350.847919,240-360_STILL,37226496591500,438600,PITCH,0.04,-0.17,-0.21,0.0,0.0,0.0,0.0,0,1500,0,1,PID_ATTITUDE
350.894613,240-360_STILL,37226543286200,438700,PITCH,0.04,-0.18,-0.21,0.0,0.0,0.0,0.0,0,1500,0,1,PID_ATTITUDE
351.050540,240-360_STILL,37226699212600,438800,PITCH,0.05,-0.18,-0.21,0.0,0.0,0.0,0.0,0,1500,0,1,PID_ATTITUDE
351.142893,240-360_STILL,37226791565700,438900,PITCH,0.04,-0.18,-0.21,0.0,0.0,0.0,0.0,0,1500,0,1,PID_ATTITUDE
351.253590,240-360_STILL,37226902262800,439000,PITCH,0.04,-0.18,-0.21,0.0,0.0,0.0,0.0,0,1500,0,1,PID_ATTITUDE
351.346045,240-360_STILL,37226994717700,439100,PITCH,0.04,-0.17,-0.2,0.0,0.0,0.0,0.0,0,1500,0,1,PID_ATTITUDE
351.454666,240-360_STILL,37227103338700,439200,PITCH,0.04,-0.16,-0.19,0.0,0.0,0.0,0.0,0,1500,0,1,PID_ATTITUDE
351.547698,240-360_STILL,37227196370500,439300,PITCH,0.04,-0.16,-0.18,0.0,0.0,0.0,0.0,0,1500,0,1,PID_ATTITUDE
351.641860,240-360_STILL,37227290532500,439400,PITCH,0.05,-0.15,-0.18,0.0,0.0,0.0,0.0,0,1500,0,1,PID_ATTITUDE
351.749786,240-360_STILL,37227398459300,439500,PITCH,0.05,-0.15,-0.18,0.0,0.0,0.0,0.0,0,1500,0,1,PID_ATTITUDE
351.842600,240-360_STILL,37227491272800,439600,PITCH,0.04,-0.15,-0.19,0.0,0.0,0.0,0.0,0,1500,0,1,PID_ATTITUDE
351.894299,240-360_STILL,37227542971700,439700,PITCH,0.04,-0.15,-0.18,0.0,0.0,0.0,0.0,0,1500,0,1,PID_ATTITUDE
352.044406,240-360_STILL,37227693078600,439800,PITCH,0.04,-0.14,-0.17,0.0,0.0,0.0,0.0,0,1500,0,1,PID_ATTITUDE
352.154008,240-360_STILL,37227802680900,439900,PITCH,0.04,-0.15,-0.19,0.0,0.0,0.0,0.0,0,1500,0,1,PID_ATTITUDE
352.247230,240-360_STILL,37227895903200,440000,PITCH,0.04,-0.17,-0.2,0.0,0.0,0.0,0.0,0,1500,0,1,PID_ATTITUDE
352.340853,240-360_STILL,37227989525600,440100,PITCH,0.04,-0.18,-0.21,0.0,0.0,0.0,0.0,0,1500,0,1,PID_ATTITUDE
352.450063,240-360_STILL,37228098735400,440200,PITCH,0.05,-0.19,-0.22,0.0,0.0,0.0,0.0,0,1500,0,1,PID_ATTITUDE
352.542672,240-360_STILL,37228191344600,440300,PITCH,0.05,-0.2,-0.23,0.0,0.0,0.0,0.0,0,1500,0,1,PID_ATTITUDE
352.650625,240-360_STILL,37228299297900,440400,PITCH,0.04,-0.19,-0.22,0.0,0.0,0.0,0.0,0,1500,0,1,PID_ATTITUDE
352.744080,240-360_STILL,37228392752900,440500,PITCH,0.04,-0.18,-0.21,0.0,0.0,0.0,0.0,0,1500,0,1,PID_ATTITUDE
352.853664,240-360_STILL,37228502336800,440600,PITCH,0.03,-0.18,-0.21,0.0,0.0,0.0,0.0,0,1500,0,1,PID_ATTITUDE
352.894283,240-360_STILL,37228542955700,440700,PITCH,0.02,-0.18,-0.21,0.0,0.0,0.0,0.0,0,1500,0,1,PID_ATTITUDE
353.039824,240-360_STILL,37228688496800,440800,PITCH,0.02,-0.18,-0.21,0.0,0.0,0.0,0.0,0,1500,0,1,PID_ATTITUDE
353.148772,240-360_STILL,37228797444900,440900,PITCH,0.02,-0.17,-0.2,0.0,0.0,0.0,0.0,0,1500,0,1,PID_ATTITUDE
353.241998,240-360_STILL,37228890670700,441000,PITCH,0.02,-0.16,-0.19,0.0,0.0,0.0,0.0,0,1500,0,1,PID_ATTITUDE
353.351594,240-360_STILL,37229000267400,441100,PITCH,0.02,-0.17,-0.2,0.0,0.0,0.0,0.0,0,1500,0,1,PID_ATTITUDE
353.445092,240-360_STILL,37229093764900,441200,PITCH,0.02,-0.17,-0.2,0.0,0.0,0.0,0.0,0,1500,0,1,PID_ATTITUDE
353.554497,240-360_STILL,37229203170200,441300,PITCH,0.03,-0.17,-0.2,0.0,0.0,0.0,0.0,0,1500,0,1,PID_ATTITUDE
353.648379,240-360_STILL,37229297051900,441400,PITCH,0.03,-0.17,-0.2,0.0,0.0,0.0,0.0,0,1500,0,1,PID_ATTITUDE
353.742855,240-360_STILL,37229391527900,441500,PITCH,0.04,-0.17,-0.2,0.0,0.0,0.0,0.0,0,1500,0,1,PID_ATTITUDE
353.851844,240-360_STILL,37229500517300,441600,PITCH,0.04,-0.16,-0.19,0.0,0.0,0.0,0.0,0,1500,0,1,PID_ATTITUDE
353.893964,240-360_STILL,37229542636500,441700,PITCH,0.04,-0.17,-0.2,0.0,0.0,0.0,0.0,0,1500,0,1,PID_ATTITUDE
354.053413,240-360_STILL,37229702086200,441800,PITCH,0.06,-0.17,-0.2,0.0,0.0,0.0,0.0,0,1500,0,1,PID_ATTITUDE
354.146912,240-360_STILL,37229795585100,441900,PITCH,0.06,-0.18,-0.21,0.0,0.0,0.0,0.0,0,1500,0,1,PID_ATTITUDE
354.239408,240-360_STILL,37229888081300,442000,PITCH,0.06,-0.19,-0.22,0.0,0.0,0.0,0.0,0,1500,0,1,PID_ATTITUDE
354.348284,240-360_STILL,37229996957100,442100,PITCH,0.06,-0.18,-0.21,0.0,0.0,0.0,0.0,0,1500,0,1,PID_ATTITUDE
354.441443,240-360_STILL,37230090116200,442200,PITCH,0.07,-0.18,-0.21,0.0,0.0,0.0,0.0,0,1500,0,1,PID_ATTITUDE
354.550202,240-360_STILL,37230198875100,442300,PITCH,0.07,-0.17,-0.2,0.0,0.0,0.0,0.0,0,1500,0,1,PID_ATTITUDE
354.644070,240-360_STILL,37230292742800,442400,PITCH,0.05,-0.16,-0.19,0.0,0.0,0.0,0.0,0,1500,0,1,PID_ATTITUDE
354.752745,240-360_STILL,37230401418000,442500,PITCH,0.05,-0.17,-0.2,0.0,0.0,0.0,0.0,0,1500,0,1,PID_ATTITUDE
354.846284,240-360_STILL,37230494956700,442600,PITCH,0.05,-0.18,-0.21,0.0,0.0,0.0,0.0,0,1500,0,1,PID_ATTITUDE
354.893793,240-360_STILL,37230542465600,442700,PITCH,0.06,-0.18,-0.2,0.0,0.0,0.0,0.0,0,1500,0,1,PID_ATTITUDE
355.048498,240-360_STILL,37230697171000,442800,PITCH,0.06,-0.18,-0.21,0.0,0.0,0.0,0.0,0,1500,0,1,PID_ATTITUDE
355.141928,240-360_STILL,37230790600500,442900,PITCH,0.06,-0.18,-0.21,0.0,0.0,0.0,0.0,0,1500,0,1,PID_ATTITUDE
355.249651,240-360_STILL,37230898324000,443000,PITCH,0.07,-0.16,-0.19,0.0,0.0,0.0,0.0,0,1500,0,1,PID_ATTITUDE
355.341832,240-360_STILL,37230990505100,443100,PITCH,0.07,-0.15,-0.18,0.0,0.0,0.0,0.0,0,1500,0,1,PID_ATTITUDE
355.451217,240-360_STILL,37231099889700,443200,PITCH,0.06,-0.16,-0.19,0.0,0.0,0.0,0.0,0,1500,0,1,PID_ATTITUDE
355.544972,240-360_STILL,37231193645000,443300,PITCH,0.06,-0.16,-0.19,0.0,0.0,0.0,0.0,0,1500,0,1,PID_ATTITUDE
355.653577,240-360_STILL,37231302250100,443400,PITCH,0.06,-0.16,-0.19,0.0,0.0,0.0,0.0,0,1500,0,1,PID_ATTITUDE
355.745681,240-360_STILL,37231394354000,443500,PITCH,0.06,-0.16,-0.19,0.0,0.0,0.0,0.0,0,1500,0,1,PID_ATTITUDE
355.839347,240-360_STILL,37231488020400,443600,PITCH,0.05,-0.16,-0.19,0.0,0.0,0.0,0.0,0,1500,0,1,PID_ATTITUDE
355.893714,240-360_STILL,37231542387300,443700,PITCH,0.05,-0.17,-0.2,0.0,0.0,0.0,0.0,0,1500,0,1,PID_ATTITUDE
356.040657,240-360_STILL,37231689330200,443800,PITCH,0.05,-0.17,-0.2,0.0,0.0,0.0,0.0,0,1500,0,1,PID_ATTITUDE
356.149507,240-360_STILL,37231798179700,443900,PITCH,0.04,-0.16,-0.19,0.0,0.0,0.0,0.0,0,1500,0,1,PID_ATTITUDE
356.242725,240-360_STILL,37231891397800,444000,PITCH,0.04,-0.16,-0.19,0.0,0.0,0.0,0.0,0,1500,0,1,PID_ATTITUDE
356.352408,240-360_STILL,37232001081100,444100,PITCH,0.06,-0.16,-0.19,0.0,0.0,0.0,0.0,0,1500,0,1,PID_ATTITUDE
356.445343,240-360_STILL,37232094015700,444200,PITCH,0.06,-0.15,-0.18,0.0,0.0,0.0,0.0,0,1500,0,1,PID_ATTITUDE
356.554304,240-360_STILL,37232202976900,444300,PITCH,0.06,-0.15,-0.18,0.0,0.0,0.0,0.0,0,1500,0,1,PID_ATTITUDE
356.648581,240-360_STILL,37232297254000,444400,PITCH,0.05,-0.17,-0.2,0.0,0.0,0.0,0.0,0,1500,0,1,PID_ATTITUDE
356.741320,240-360_STILL,37232389992700,444500,PITCH,0.05,-0.17,-0.21,0.0,0.0,0.0,0.0,0,1500,0,1,PID_ATTITUDE
356.849728,240-360_STILL,37232498401100,444600,PITCH,0.06,-0.18,-0.21,0.0,0.0,0.0,0.0,0,1500,0,1,PID_ATTITUDE
356.893504,240-360_STILL,37232542176900,444700,PITCH,0.08,-0.18,-0.21,0.0,0.0,0.0,0.0,0,1500,0,1,PID_ATTITUDE
357.051028,240-360_STILL,37232699701200,444800,PITCH,0.09,-0.19,-0.21,0.0,0.0,0.0,0.0,0,1500,0,1,PID_ATTITUDE
357.144084,240-360_STILL,37232792757000,444900,PITCH,0.09,-0.18,-0.21,0.0,0.0,0.0,0.0,0,1500,0,1,PID_ATTITUDE
357.251470,240-360_STILL,37232900143100,445000,PITCH,0.08,-0.19,-0.22,0.0,0.0,0.0,0.0,0,1500,0,1,PID_ATTITUDE
357.345027,240-360_STILL,37232993700300,445100,PITCH,0.07,-0.2,-0.23,0.0,0.0,0.0,0.0,0,1500,0,1,PID_ATTITUDE
357.454450,240-360_STILL,37233103122900,445200,PITCH,0.07,-0.2,-0.23,0.0,0.0,0.0,0.0,0,1500,0,1,PID_ATTITUDE
357.547801,240-360_STILL,37233196474300,445300,PITCH,0.06,-0.2,-0.23,0.0,0.0,0.0,0.0,0,1500,0,1,PID_ATTITUDE
357.641269,240-360_STILL,37233289941500,445400,PITCH,0.06,-0.21,-0.24,0.0,0.0,0.0,0.0,0,1500,0,1,PID_ATTITUDE
357.750601,240-360_STILL,37233399273700,445500,PITCH,0.07,-0.21,-0.24,0.0,0.0,0.0,0.0,0,1500,0,1,PID_ATTITUDE
357.843281,240-360_STILL,37233491954100,445600,PITCH,0.08,-0.19,-0.22,0.0,0.0,0.0,0.0,0,1500,0,1,PID_ATTITUDE
357.893187,240-360_STILL,37233541860300,445700,PITCH,0.06,-0.19,-0.22,0.0,0.0,0.0,0.0,0,1500,0,1,PID_ATTITUDE
358.045002,240-360_STILL,37233693674700,445800,PITCH,0.05,-0.18,-0.21,0.0,0.0,0.0,0.0,0,1500,0,1,PID_ATTITUDE
358.139513,240-360_STILL,37233788185700,445900,PITCH,0.06,-0.18,-0.21,0.0,0.0,0.0,0.0,0,1500,0,1,PID_ATTITUDE
358.247568,240-360_STILL,37233896241300,446000,PITCH,0.07,-0.17,-0.2,0.0,0.0,0.0,0.0,0,1500,0,1,PID_ATTITUDE
358.354483,240-360_STILL,37234003156100,446100,PITCH,0.07,-0.17,-0.19,0.0,0.0,0.0,0.0,0,1500,0,1,PID_ATTITUDE
358.447149,240-360_STILL,37234095821400,446200,PITCH,0.07,-0.16,-0.19,0.0,0.0,0.0,0.0,0,1500,0,1,PID_ATTITUDE
358.539816,240-360_STILL,37234188489300,446300,PITCH,0.08,-0.16,-0.19,0.0,0.0,0.0,0.0,0,1500,0,1,PID_ATTITUDE
358.649679,240-360_STILL,37234298352000,446400,PITCH,0.07,-0.16,-0.19,0.0,0.0,0.0,0.0,0,1500,0,1,PID_ATTITUDE
358.742402,240-360_STILL,37234391075000,446500,PITCH,0.07,-0.16,-0.19,0.0,0.0,0.0,0.0,0,1500,0,1,PID_ATTITUDE
358.850310,240-360_STILL,37234498983100,446600,PITCH,0.06,-0.16,-0.19,0.0,0.0,0.0,0.0,0,1500,0,1,PID_ATTITUDE
358.893207,240-360_STILL,37234541879700,446700,PITCH,0.04,-0.17,-0.2,0.0,0.0,0.0,0.0,0,1500,0,1,PID_ATTITUDE
359.052756,240-360_STILL,37234701428800,446800,PITCH,0.04,-0.18,-0.21,0.0,0.0,0.0,0.0,0,1500,0,1,PID_ATTITUDE
359.146590,240-360_STILL,37234795262900,446900,PITCH,0.04,-0.19,-0.22,0.0,0.0,0.0,0.0,0,1500,0,1,PID_ATTITUDE
359.239804,240-360_STILL,37234888477100,447000,PITCH,0.03,-0.19,-0.22,0.0,0.0,0.0,0.0,0,1500,0,1,PID_ATTITUDE
359.348822,240-360_STILL,37234997494500,447100,PITCH,0.04,-0.18,-0.21,0.0,0.0,0.0,0.0,0,1500,0,1,PID_ATTITUDE
359.443358,240-360_STILL,37235092030600,447200,PITCH,0.03,-0.18,-0.21,0.0,0.0,0.0,0.0,0,1500,0,1,PID_ATTITUDE
359.551946,240-360_STILL,37235200619300,447300,PITCH,0.04,-0.17,-0.2,0.0,0.0,0.0,0.0,0,1500,0,1,PID_ATTITUDE
359.645077,240-360_STILL,37235293749700,447400,PITCH,0.04,-0.17,-0.2,0.0,0.0,0.0,0.0,0,1500,0,1,PID_ATTITUDE
359.754571,240-360_STILL,37235403244400,447500,PITCH,0.05,-0.16,-0.19,0.0,0.0,0.0,0.0,0,1500,0,1,PID_ATTITUDE
359.847217,240-360_STILL,37235495889700,447600,PITCH,0.04,-0.17,-0.2,0.0,0.0,0.0,0.0,0,1500,0,1,PID_ATTITUDE
359.893054,240-360_STILL,37235541726500,447700,PITCH,0.05,-0.18,-0.21,0.0,0.0,0.0,0.0,0,1500,0,1,PID_ATTITUDE
360.050510,360-480_PITCH_MOTION_NOT_OBSERVED,37235699183200,447800,PITCH,0.05,-0.18,-0.21,0.0,0.0,0.0,0.0,0,1500,0,1,PID_ATTITUDE
360.142314,360-480_PITCH_MOTION_NOT_OBSERVED,37235790987100,447900,PITCH,0.05,-0.18,-0.21,0.0,0.0,0.0,0.0,0,1500,0,1,PID_ATTITUDE
360.250326,360-480_PITCH_MOTION_NOT_OBSERVED,37235898999100,448000,PITCH,0.05,-0.18,-0.21,0.0,0.0,0.0,0.0,0,1500,0,1,PID_ATTITUDE
360.344069,360-480_PITCH_MOTION_NOT_OBSERVED,37235992742000,448100,PITCH,0.05,-0.17,-0.2,0.0,0.0,0.0,0.0,0,1500,0,1,PID_ATTITUDE
360.438554,360-480_PITCH_MOTION_NOT_OBSERVED,37236087226500,448200,PITCH,0.06,-0.17,-0.2,0.0,0.0,0.0,0.0,0,1500,0,1,PID_ATTITUDE
360.547057,360-480_PITCH_MOTION_NOT_OBSERVED,37236195729600,448300,PITCH,0.07,-0.17,-0.2,0.0,0.0,0.0,0.0,0,1500,0,1,PID_ATTITUDE
360.640251,360-480_PITCH_MOTION_NOT_OBSERVED,37236288924200,448400,PITCH,0.06,-0.16,-0.2,0.0,0.0,0.0,0.0,0,1500,0,1,PID_ATTITUDE
360.748283,360-480_PITCH_MOTION_NOT_OBSERVED,37236396956000,448500,PITCH,0.06,-0.17,-0.2,0.0,0.0,0.0,0.0,0,1500,0,1,PID_ATTITUDE
360.842636,360-480_PITCH_MOTION_NOT_OBSERVED,37236491308900,448600,PITCH,0.06,-0.17,-0.2,0.0,0.0,0.0,0.0,0,1500,0,1,PID_ATTITUDE
360.892905,360-480_PITCH_MOTION_NOT_OBSERVED,37236541577700,448700,PITCH,0.04,-0.17,-0.2,0.0,0.0,0.0,0.0,0,1500,0,1,PID_ATTITUDE
361.045617,360-480_PITCH_MOTION_NOT_OBSERVED,37236694289500,448800,PITCH,0.04,-0.17,-0.2,0.0,0.0,0.0,0.0,0,1500,0,1,PID_ATTITUDE
361.139374,360-480_PITCH_MOTION_NOT_OBSERVED,37236788047400,448900,PITCH,0.06,-0.17,-0.2,0.0,0.0,0.0,0.0,0,1500,0,1,PID_ATTITUDE
361.247547,360-480_PITCH_MOTION_NOT_OBSERVED,37236896220400,449000,PITCH,0.06,-0.17,-0.19,0.0,0.0,0.0,0.0,0,1500,0,1,PID_ATTITUDE
361.340681,360-480_PITCH_MOTION_NOT_OBSERVED,37236989353600,449100,PITCH,0.06,-0.16,-0.2,0.0,0.0,0.0,0.0,0,1500,0,1,PID_ATTITUDE
361.450493,360-480_PITCH_MOTION_NOT_OBSERVED,37237099165700,449200,PITCH,0.06,-0.17,-0.2,0.0,0.0,0.0,0.0,0,1500,0,1,PID_ATTITUDE
361.545105,360-480_PITCH_MOTION_NOT_OBSERVED,37237193778200,449300,PITCH,0.06,-0.17,-0.2,0.0,0.0,0.0,0.0,0,1500,0,1,PID_ATTITUDE
361.652148,360-480_PITCH_MOTION_NOT_OBSERVED,37237300820500,449400,PITCH,0.06,-0.17,-0.2,0.0,0.0,0.0,0.0,0,1500,0,1,PID_ATTITUDE
361.745511,360-480_PITCH_MOTION_NOT_OBSERVED,37237394183900,449500,PITCH,0.06,-0.17,-0.2,0.0,0.0,0.0,0.0,0,1500,0,1,PID_ATTITUDE
361.853017,360-480_PITCH_MOTION_NOT_OBSERVED,37237501689700,449600,PITCH,0.05,-0.16,-0.19,0.0,0.0,0.0,0.0,0,1500,0,1,PID_ATTITUDE
361.892774,360-480_PITCH_MOTION_NOT_OBSERVED,37237541446900,449700,PITCH,0.05,-0.15,-0.18,0.0,0.0,0.0,0.0,0,1500,0,1,PID_ATTITUDE
362.039991,360-480_PITCH_MOTION_NOT_OBSERVED,37237688663600,449800,PITCH,0.04,-0.15,-0.17,0.0,0.0,0.0,0.0,0,1500,0,1,PID_ATTITUDE
362.147964,360-480_PITCH_MOTION_NOT_OBSERVED,37237796637100,449900,PITCH,0.04,-0.14,-0.16,0.0,0.0,0.0,0.0,0,1500,0,1,PID_ATTITUDE
362.241368,360-480_PITCH_MOTION_NOT_OBSERVED,37237890040500,450000,PITCH,0.05,-0.13,-0.16,0.0,0.0,0.0,0.0,0,1500,0,1,PID_ATTITUDE
362.350359,360-480_PITCH_MOTION_NOT_OBSERVED,37237999031700,450100,PITCH,0.05,-0.15,-0.18,0.0,0.0,0.0,0.0,0,1500,0,1,PID_ATTITUDE
362.444848,360-480_PITCH_MOTION_NOT_OBSERVED,37238093521000,450200,PITCH,0.03,-0.15,-0.18,0.0,0.0,0.0,0.0,0,1500,0,1,PID_ATTITUDE
362.538918,360-480_PITCH_MOTION_NOT_OBSERVED,37238187590700,450300,PITCH,0.02,-0.15,-0.18,0.0,0.0,0.0,0.0,0,1500,0,1,PID_ATTITUDE
362.647678,360-480_PITCH_MOTION_NOT_OBSERVED,37238296351300,450400,PITCH,0.04,-0.15,-0.18,0.0,0.0,0.0,0.0,0,1500,0,1,PID_ATTITUDE
362.741192,360-480_PITCH_MOTION_NOT_OBSERVED,37238389865000,450500,PITCH,0.04,-0.14,-0.17,0.0,0.0,0.0,0.0,0,1500,0,1,PID_ATTITUDE
362.849927,360-480_PITCH_MOTION_NOT_OBSERVED,37238498599500,450600,PITCH,0.05,-0.16,-0.19,0.0,0.0,0.0,0.0,0,1500,0,1,PID_ATTITUDE
362.892621,360-480_PITCH_MOTION_NOT_OBSERVED,37238541293400,450700,PITCH,0.04,-0.17,-0.2,0.0,0.0,0.0,0.0,0,1500,0,1,PID_ATTITUDE
363.051268,360-480_PITCH_MOTION_NOT_OBSERVED,37238699941300,450800,PITCH,0.03,-0.16,-0.19,0.0,0.0,0.0,0.0,0,1500,0,1,PID_ATTITUDE
363.145254,360-480_PITCH_MOTION_NOT_OBSERVED,37238793926500,450900,PITCH,0.03,-0.16,-0.19,0.0,0.0,0.0,0.0,0,1500,0,1,PID_ATTITUDE
363.252470,360-480_PITCH_MOTION_NOT_OBSERVED,37238901142900,451000,PITCH,0.03,-0.15,-0.18,0.0,0.0,0.0,0.0,0,1500,0,1,PID_ATTITUDE
363.346596,360-480_PITCH_MOTION_NOT_OBSERVED,37238995268900,451100,PITCH,0.03,-0.16,-0.19,0.0,0.0,0.0,0.0,0,1500,0,1,PID_ATTITUDE
363.439357,360-480_PITCH_MOTION_NOT_OBSERVED,37239088029800,451200,PITCH,0.02,-0.16,-0.19,0.0,0.0,0.0,0.0,0,1500,0,1,PID_ATTITUDE
363.549470,360-480_PITCH_MOTION_NOT_OBSERVED,37239198143200,451300,PITCH,0.03,-0.16,-0.19,0.0,0.0,0.0,0.0,0,1500,0,1,PID_ATTITUDE
363.644336,360-480_PITCH_MOTION_NOT_OBSERVED,37239293009100,451400,PITCH,0.03,-0.16,-0.19,0.0,0.0,0.0,0.0,0,1500,0,1,PID_ATTITUDE
363.738387,360-480_PITCH_MOTION_NOT_OBSERVED,37239387060000,451500,PITCH,0.03,-0.15,-0.18,0.0,0.0,0.0,0.0,0,1500,0,1,PID_ATTITUDE
363.846671,360-480_PITCH_MOTION_NOT_OBSERVED,37239495344200,451600,PITCH,0.02,-0.15,-0.18,0.0,0.0,0.0,0.0,0,1500,0,1,PID_ATTITUDE
363.892474,360-480_PITCH_MOTION_NOT_OBSERVED,37239541147100,451700,PITCH,0.02,-0.16,-0.19,0.0,0.0,0.0,0.0,0,1500,0,1,PID_ATTITUDE
364.048254,360-480_PITCH_MOTION_NOT_OBSERVED,37239696927200,451800,PITCH,0.02,-0.16,-0.19,0.0,0.0,0.0,0.0,0,1500,0,1,PID_ATTITUDE
364.142285,360-480_PITCH_MOTION_NOT_OBSERVED,37239790957500,451900,PITCH,0.02,-0.16,-0.19,0.0,0.0,0.0,0.0,0,1500,0,1,PID_ATTITUDE
364.251180,360-480_PITCH_MOTION_NOT_OBSERVED,37239899852600,452000,PITCH,0.01,-0.16,-0.19,0.0,0.0,0.0,0.0,0,1500,0,1,PID_ATTITUDE
364.344272,360-480_PITCH_MOTION_NOT_OBSERVED,37239992945400,452100,PITCH,0.01,-0.16,-0.19,0.0,0.0,0.0,0.0,0,1500,0,1,PID_ATTITUDE
364.453652,360-480_PITCH_MOTION_NOT_OBSERVED,37240102325100,452200,PITCH,0.02,-0.16,-0.19,0.0,0.0,0.0,0.0,0,1500,0,1,PID_ATTITUDE
364.547919,360-480_PITCH_MOTION_NOT_OBSERVED,37240196591900,452300,PITCH,0.03,-0.16,-0.19,0.0,0.0,0.0,0.0,0,1500,0,1,PID_ATTITUDE
364.640420,360-480_PITCH_MOTION_NOT_OBSERVED,37240289092600,452400,PITCH,0.04,-0.16,-0.19,0.0,0.0,0.0,0.0,0,1500,0,1,PID_ATTITUDE
364.748975,360-480_PITCH_MOTION_NOT_OBSERVED,37240397647800,452500,PITCH,0.04,-0.17,-0.2,0.0,0.0,0.0,0.0,0,1500,0,1,PID_ATTITUDE
364.842482,360-480_PITCH_MOTION_NOT_OBSERVED,37240491154600,452600,PITCH,0.05,-0.17,-0.2,0.0,0.0,0.0,0.0,0,1500,0,1,PID_ATTITUDE
364.892261,360-480_PITCH_MOTION_NOT_OBSERVED,37240540933800,452700,PITCH,0.05,-0.17,-0.2,0.0,0.0,0.0,0.0,0,1500,0,1,PID_ATTITUDE
365.044049,360-480_PITCH_MOTION_NOT_OBSERVED,37240692722300,452800,PITCH,0.04,-0.18,-0.21,0.0,0.0,0.0,0.0,0,1500,0,1,PID_ATTITUDE
365.152886,360-480_PITCH_MOTION_NOT_OBSERVED,37240801558900,452900,PITCH,0.03,-0.17,-0.2,0.0,0.0,0.0,0.0,0,1500,0,1,PID_ATTITUDE
365.246374,360-480_PITCH_MOTION_NOT_OBSERVED,37240895046500,453000,PITCH,0.03,-0.17,-0.2,0.0,0.0,0.0,0.0,0,1500,0,1,PID_ATTITUDE
365.340526,360-480_PITCH_MOTION_NOT_OBSERVED,37240989198600,453100,PITCH,0.04,-0.16,-0.19,0.0,0.0,0.0,0.0,0,1500,0,1,PID_ATTITUDE
365.448878,360-480_PITCH_MOTION_NOT_OBSERVED,37241097550500,453200,PITCH,0.04,-0.16,-0.19,0.0,0.0,0.0,0.0,0,1500,0,1,PID_ATTITUDE
365.542057,360-480_PITCH_MOTION_NOT_OBSERVED,37241190730200,453300,PITCH,0.04,-0.16,-0.19,0.0,0.0,0.0,0.0,0,1500,0,1,PID_ATTITUDE
365.651941,360-480_PITCH_MOTION_NOT_OBSERVED,37241300614000,453400,PITCH,0.05,-0.15,-0.18,0.0,0.0,0.0,0.0,0,1500,0,1,PID_ATTITUDE
365.745248,360-480_PITCH_MOTION_NOT_OBSERVED,37241393921200,453500,PITCH,0.06,-0.15,-0.18,0.0,0.0,0.0,0.0,0,1500,0,1,PID_ATTITUDE
365.837428,360-480_PITCH_MOTION_NOT_OBSERVED,37241486100600,453600,PITCH,0.07,-0.14,-0.17,0.0,0.0,0.0,0.0,0,1500,0,1,PID_ATTITUDE
365.892157,360-480_PITCH_MOTION_NOT_OBSERVED,37241540830000,453700,PITCH,0.07,-0.14,-0.17,0.0,0.0,0.0,0.0,0,1500,0,1,PID_ATTITUDE
366.041000,360-480_PITCH_MOTION_NOT_OBSERVED,37241689672500,453800,PITCH,0.07,-0.15,-0.18,0.0,0.0,0.0,0.0,0,1500,0,1,PID_ATTITUDE
366.150070,360-480_PITCH_MOTION_NOT_OBSERVED,37241798742800,453900,PITCH,0.06,-0.15,-0.18,0.0,0.0,0.0,0.0,0,1500,0,1,PID_ATTITUDE
366.244352,360-480_PITCH_MOTION_NOT_OBSERVED,37241893025400,454000,PITCH,0.05,-0.15,-0.18,0.0,0.0,0.0,0.0,0,1500,0,1,PID_ATTITUDE
366.352897,360-480_PITCH_MOTION_NOT_OBSERVED,37242001570300,454100,PITCH,0.04,-0.15,-0.18,0.0,0.0,0.0,0.0,0,1500,0,1,PID_ATTITUDE
366.447473,360-480_PITCH_MOTION_NOT_OBSERVED,37242096146000,454200,PITCH,0.04,-0.16,-0.19,0.0,0.0,0.0,0.0,0,1500,0,1,PID_ATTITUDE
366.541486,360-480_PITCH_MOTION_NOT_OBSERVED,37242190158700,454300,PITCH,0.04,-0.17,-0.2,0.0,0.0,0.0,0.0,0,1500,0,1,PID_ATTITUDE
366.650264,360-480_PITCH_MOTION_NOT_OBSERVED,37242298936600,454400,PITCH,0.03,-0.17,-0.2,0.0,0.0,0.0,0.0,0,1500,0,1,PID_ATTITUDE
366.743409,360-480_PITCH_MOTION_NOT_OBSERVED,37242392081600,454500,PITCH,0.03,-0.18,-0.21,0.0,0.0,0.0,0.0,0,1500,0,1,PID_ATTITUDE
366.851713,360-480_PITCH_MOTION_NOT_OBSERVED,37242500385500,454600,PITCH,0.03,-0.18,-0.21,0.0,0.0,0.0,0.0,0,1500,0,1,PID_ATTITUDE
366.892012,360-480_PITCH_MOTION_NOT_OBSERVED,37242540685100,454700,PITCH,0.03,-0.17,-0.2,0.0,0.0,0.0,0.0,0,1500,0,1,PID_ATTITUDE
367.038085,360-480_PITCH_MOTION_NOT_OBSERVED,37242686757600,454800,PITCH,0.03,-0.17,-0.2,0.0,0.0,0.0,0.0,0,1500,0,1,PID_ATTITUDE
367.146688,360-480_PITCH_MOTION_NOT_OBSERVED,37242795361400,454900,PITCH,0.03,-0.17,-0.2,0.0,0.0,0.0,0.0,0,1500,0,1,PID_ATTITUDE
367.239715,360-480_PITCH_MOTION_NOT_OBSERVED,37242888387900,455000,PITCH,0.03,-0.16,-0.19,0.0,0.0,0.0,0.0,0,1500,0,1,PID_ATTITUDE
367.349213,360-480_PITCH_MOTION_NOT_OBSERVED,37242997885600,455100,PITCH,0.02,-0.17,-0.2,0.0,0.0,0.0,0.0,0,1500,0,1,PID_ATTITUDE
367.443188,360-480_PITCH_MOTION_NOT_OBSERVED,37243091860500,455200,PITCH,0.04,-0.17,-0.2,0.0,0.0,0.0,0.0,0,1500,0,1,PID_ATTITUDE
367.551385,360-480_PITCH_MOTION_NOT_OBSERVED,37243200058200,455300,PITCH,0.05,-0.16,-0.19,0.0,0.0,0.0,0.0,0,1500,0,1,PID_ATTITUDE
367.646016,360-480_PITCH_MOTION_NOT_OBSERVED,37243294689000,455400,PITCH,0.06,-0.16,-0.19,0.0,0.0,0.0,0.0,0,1500,0,1,PID_ATTITUDE
367.740118,360-480_PITCH_MOTION_NOT_OBSERVED,37243388791000,455500,PITCH,0.06,-0.15,-0.18,0.0,0.0,0.0,0.0,0,1500,0,1,PID_ATTITUDE
367.848353,360-480_PITCH_MOTION_NOT_OBSERVED,37243497026300,455600,PITCH,0.06,-0.16,-0.19,0.0,0.0,0.0,0.0,0,1500,0,1,PID_ATTITUDE
367.891872,360-480_PITCH_MOTION_NOT_OBSERVED,37243540544700,455700,PITCH,0.05,-0.16,-0.19,0.0,0.0,0.0,0.0,0,1500,0,1,PID_ATTITUDE
368.050108,360-480_PITCH_MOTION_NOT_OBSERVED,37243698781000,455800,PITCH,0.05,-0.16,-0.19,0.0,0.0,0.0,0.0,0,1500,0,1,PID_ATTITUDE
368.143506,360-480_PITCH_MOTION_NOT_OBSERVED,37243792178600,455900,PITCH,0.05,-0.17,-0.2,0.0,0.0,0.0,0.0,0,1500,0,1,PID_ATTITUDE
368.252071,360-480_PITCH_MOTION_NOT_OBSERVED,37243900744000,456000,PITCH,0.05,-0.17,-0.2,0.0,0.0,0.0,0.0,0,1500,0,1,PID_ATTITUDE
368.344821,360-480_PITCH_MOTION_NOT_OBSERVED,37243993494200,456100,PITCH,0.04,-0.18,-0.21,0.0,0.0,0.0,0.0,0,1500,0,1,PID_ATTITUDE
368.437769,360-480_PITCH_MOTION_NOT_OBSERVED,37244086442200,456200,PITCH,0.05,-0.17,-0.2,0.0,0.0,0.0,0.0,0,1500,0,1,PID_ATTITUDE
368.545370,360-480_PITCH_MOTION_NOT_OBSERVED,37244194043100,456300,PITCH,0.06,-0.18,-0.21,0.0,0.0,0.0,0.0,0,1500,0,1,PID_ATTITUDE
368.638760,360-480_PITCH_MOTION_NOT_OBSERVED,37244287432900,456400,PITCH,0.06,-0.17,-0.2,0.0,0.0,0.0,0.0,0,1500,0,1,PID_ATTITUDE
368.747934,360-480_PITCH_MOTION_NOT_OBSERVED,37244396606500,456500,PITCH,0.05,-0.16,-0.19,0.0,0.0,0.0,0.0,0,1500,0,1,PID_ATTITUDE
368.841771,360-480_PITCH_MOTION_NOT_OBSERVED,37244490444300,456600,PITCH,0.04,-0.16,-0.19,0.0,0.0,0.0,0.0,0,1500,0,1,PID_ATTITUDE
368.891583,360-480_PITCH_MOTION_NOT_OBSERVED,37244540256100,456700,PITCH,0.04,-0.17,-0.2,0.0,0.0,0.0,0.0,0,1500,0,1,PID_ATTITUDE
369.045670,360-480_PITCH_MOTION_NOT_OBSERVED,37244694343100,456800,PITCH,0.04,-0.18,-0.21,0.0,0.0,0.0,0.0,0,1500,0,1,PID_ATTITUDE
369.140471,360-480_PITCH_MOTION_NOT_OBSERVED,37244789143600,456900,PITCH,0.04,-0.17,-0.2,0.0,0.0,0.0,0.0,0,1500,0,1,PID_ATTITUDE
369.250090,360-480_PITCH_MOTION_NOT_OBSERVED,37244898762600,457000,PITCH,0.04,-0.17,-0.2,0.0,0.0,0.0,0.0,0,1500,0,1,PID_ATTITUDE
369.342998,360-480_PITCH_MOTION_NOT_OBSERVED,37244991671200,457100,PITCH,0.04,-0.18,-0.21,0.0,0.0,0.0,0.0,0,1500,0,1,PID_ATTITUDE
369.449410,360-480_PITCH_MOTION_NOT_OBSERVED,37245098083400,457200,PITCH,0.04,-0.18,-0.21,0.0,0.0,0.0,0.0,0,1500,0,1,PID_ATTITUDE
369.542804,360-480_PITCH_MOTION_NOT_OBSERVED,37245191477300,457300,PITCH,0.03,-0.18,-0.21,0.0,0.0,0.0,0.0,0,1500,0,1,PID_ATTITUDE
369.652093,360-480_PITCH_MOTION_NOT_OBSERVED,37245300766400,457400,PITCH,0.04,-0.18,-0.21,0.0,0.0,0.0,0.0,0,1500,0,1,PID_ATTITUDE
369.745462,360-480_PITCH_MOTION_NOT_OBSERVED,37245394134500,457500,PITCH,0.05,-0.17,-0.2,0.0,0.0,0.0,0.0,0,1500,0,1,PID_ATTITUDE
369.852233,360-480_PITCH_MOTION_NOT_OBSERVED,37245500905500,457600,PITCH,0.06,-0.16,-0.19,0.0,0.0,0.0,0.0,0,1500,0,1,PID_ATTITUDE
369.891551,360-480_PITCH_MOTION_NOT_OBSERVED,37245540224200,457700,PITCH,0.05,-0.16,-0.19,0.0,0.0,0.0,0.0,0,1500,0,1,PID_ATTITUDE
370.039724,360-480_PITCH_MOTION_NOT_OBSERVED,37245688396700,457800,PITCH,0.04,-0.16,-0.19,0.0,0.0,0.0,0.0,0,1500,0,1,PID_ATTITUDE
370.150571,360-480_PITCH_MOTION_NOT_OBSERVED,37245799243700,457900,PITCH,0.03,-0.15,-0.18,0.0,0.0,0.0,0.0,0,1500,0,1,PID_ATTITUDE
370.243463,360-480_PITCH_MOTION_NOT_OBSERVED,37245892135600,458000,PITCH,0.03,-0.14,-0.17,0.0,0.0,0.0,0.0,0,1500,0,1,PID_ATTITUDE
370.336977,360-480_PITCH_MOTION_NOT_OBSERVED,37245985650300,458100,PITCH,0.04,-0.14,-0.17,0.0,0.0,0.0,0.0,0,1500,0,1,PID_ATTITUDE
370.446101,360-480_PITCH_MOTION_NOT_OBSERVED,37246094773400,458200,PITCH,0.04,-0.12,-0.15,0.0,0.0,0.0,0.0,0,1500,0,1,PID_ATTITUDE
370.539735,360-480_PITCH_MOTION_NOT_OBSERVED,37246188407600,458300,PITCH,0.05,-0.13,-0.16,0.0,0.0,0.0,0.0,0,1500,0,1,PID_ATTITUDE
370.648727,360-480_PITCH_MOTION_NOT_OBSERVED,37246297400200,458400,PITCH,0.05,-0.14,-0.17,0.0,0.0,0.0,0.0,0,1500,0,1,PID_ATTITUDE
370.743274,360-480_PITCH_MOTION_NOT_OBSERVED,37246391946600,458500,PITCH,0.04,-0.15,-0.18,0.0,0.0,0.0,0.0,0,1500,0,1,PID_ATTITUDE
370.852701,360-480_PITCH_MOTION_NOT_OBSERVED,37246501373500,458600,PITCH,0.03,-0.15,-0.19,0.0,0.0,0.0,0.0,0,1500,0,1,PID_ATTITUDE
370.891410,360-480_PITCH_MOTION_NOT_OBSERVED,37246540082700,458700,PITCH,0.02,-0.17,-0.2,0.0,0.0,0.0,0.0,0,1500,0,1,PID_ATTITUDE
371.039154,360-480_PITCH_MOTION_NOT_OBSERVED,37246687827400,458800,PITCH,0.03,-0.18,-0.21,0.0,0.0,0.0,0.0,0,1500,0,1,PID_ATTITUDE
371.147492,360-480_PITCH_MOTION_NOT_OBSERVED,37246796164600,458900,PITCH,0.03,-0.16,-0.19,0.0,0.0,0.0,0.0,0,1500,0,1,PID_ATTITUDE
371.239180,360-480_PITCH_MOTION_NOT_OBSERVED,37246887852800,459000,PITCH,0.03,-0.16,-0.19,0.0,0.0,0.0,0.0,0,1500,0,1,PID_ATTITUDE
371.347136,360-480_PITCH_MOTION_NOT_OBSERVED,37246995809100,459100,PITCH,0.04,-0.17,-0.2,0.0,0.0,0.0,0.0,0,1500,0,1,PID_ATTITUDE
371.440266,360-480_PITCH_MOTION_NOT_OBSERVED,37247088938600,459200,PITCH,0.04,-0.17,-0.2,0.0,0.0,0.0,0.0,0,1500,0,1,PID_ATTITUDE
371.548825,360-480_PITCH_MOTION_NOT_OBSERVED,37247197498200,459300,PITCH,0.04,-0.16,-0.19,0.0,0.0,0.0,0.0,0,1500,0,1,PID_ATTITUDE
371.641391,360-480_PITCH_MOTION_NOT_OBSERVED,37247290064200,459400,PITCH,0.03,-0.16,-0.19,0.0,0.0,0.0,0.0,0,1500,0,1,PID_ATTITUDE
371.750241,360-480_PITCH_MOTION_NOT_OBSERVED,37247398913600,459500,PITCH,0.03,-0.16,-0.19,0.0,0.0,0.0,0.0,0,1500,0,1,PID_ATTITUDE
371.843477,360-480_PITCH_MOTION_NOT_OBSERVED,37247492149800,459600,PITCH,0.03,-0.15,-0.18,0.0,0.0,0.0,0.0,0,1500,0,1,PID_ATTITUDE
371.891167,360-480_PITCH_MOTION_NOT_OBSERVED,37247539840300,459700,PITCH,0.04,-0.13,-0.16,0.0,0.0,0.0,0.0,0,1500,0,1,PID_ATTITUDE
372.047993,360-480_PITCH_MOTION_NOT_OBSERVED,37247696665600,459800,PITCH,0.04,-0.12,-0.15,0.0,0.0,0.0,0.0,0,1500,0,1,PID_ATTITUDE
372.141010,360-480_PITCH_MOTION_NOT_OBSERVED,37247789682600,459900,PITCH,0.05,-0.12,-0.15,0.0,0.0,0.0,0.0,0,1500,0,1,PID_ATTITUDE
372.251280,360-480_PITCH_MOTION_NOT_OBSERVED,37247899952600,460000,PITCH,0.06,-0.12,-0.15,0.0,0.0,0.0,0.0,0,1500,0,1,PID_ATTITUDE
372.344795,360-480_PITCH_MOTION_NOT_OBSERVED,37247993467900,460100,PITCH,0.06,-0.12,-0.15,0.0,0.0,0.0,0.0,0,1500,0,1,PID_ATTITUDE
372.438586,360-480_PITCH_MOTION_NOT_OBSERVED,37248087258700,460200,PITCH,0.05,-0.12,-0.16,0.0,0.0,0.0,0.0,0,1500,0,1,PID_ATTITUDE
372.546021,360-480_PITCH_MOTION_NOT_OBSERVED,37248194694300,460300,PITCH,0.05,-0.13,-0.16,0.0,0.0,0.0,0.0,0,1500,0,1,PID_ATTITUDE
372.638563,360-480_PITCH_MOTION_NOT_OBSERVED,37248287235600,460400,PITCH,0.05,-0.13,-0.16,0.0,0.0,0.0,0.0,0,1500,0,1,PID_ATTITUDE
372.747457,360-480_PITCH_MOTION_NOT_OBSERVED,37248396129700,460500,PITCH,0.05,-0.14,-0.17,0.0,0.0,0.0,0.0,0,1500,0,1,PID_ATTITUDE
372.839923,360-480_PITCH_MOTION_NOT_OBSERVED,37248488596300,460600,PITCH,0.05,-0.15,-0.18,0.0,0.0,0.0,0.0,0,1500,0,1,PID_ATTITUDE
372.891116,360-480_PITCH_MOTION_NOT_OBSERVED,37248539788500,460700,PITCH,0.04,-0.15,-0.18,0.0,0.0,0.0,0.0,0,1500,0,1,PID_ATTITUDE
373.042898,360-480_PITCH_MOTION_NOT_OBSERVED,37248691570700,460800,PITCH,0.03,-0.15,-0.18,0.0,0.0,0.0,0.0,0,1500,0,1,PID_ATTITUDE
373.152009,360-480_PITCH_MOTION_NOT_OBSERVED,37248800681800,460900,PITCH,0.03,-0.14,-0.17,0.0,0.0,0.0,0.0,0,1500,0,1,PID_ATTITUDE
373.246714,360-480_PITCH_MOTION_NOT_OBSERVED,37248895386500,461000,PITCH,0.03,-0.13,-0.16,0.0,0.0,0.0,0.0,0,1500,0,1,PID_ATTITUDE
373.340274,360-480_PITCH_MOTION_NOT_OBSERVED,37248988946700,461100,PITCH,0.03,-0.14,-0.17,0.0,0.0,0.0,0.0,0,1500,0,1,PID_ATTITUDE
373.449911,360-480_PITCH_MOTION_NOT_OBSERVED,37249098583600,461200,PITCH,0.03,-0.16,-0.19,0.0,0.0,0.0,0.0,0,1500,0,1,PID_ATTITUDE
373.543089,360-480_PITCH_MOTION_NOT_OBSERVED,37249191761600,461300,PITCH,0.03,-0.17,-0.2,0.0,0.0,0.0,0.0,0,1500,0,1,PID_ATTITUDE
373.651491,360-480_PITCH_MOTION_NOT_OBSERVED,37249300163800,461400,PITCH,0.03,-0.17,-0.2,0.0,0.0,0.0,0.0,0,1500,0,1,PID_ATTITUDE
373.744752,360-480_PITCH_MOTION_NOT_OBSERVED,37249393425300,461500,PITCH,0.03,-0.17,-0.19,0.0,0.0,0.0,0.0,0,1500,0,1,PID_ATTITUDE
373.838172,360-480_PITCH_MOTION_NOT_OBSERVED,37249486845400,461600,PITCH,0.02,-0.16,-0.19,0.0,0.0,0.0,0.0,0,1500,0,1,PID_ATTITUDE
373.890979,360-480_PITCH_MOTION_NOT_OBSERVED,37249539651700,461700,PITCH,0.02,-0.16,-0.19,0.0,0.0,0.0,0.0,0,1500,0,1,PID_ATTITUDE
374.038725,360-480_PITCH_MOTION_NOT_OBSERVED,37249687397800,461800,PITCH,0.02,-0.16,-0.19,0.0,0.0,0.0,0.0,0,1500,0,1,PID_ATTITUDE
374.148720,360-480_PITCH_MOTION_NOT_OBSERVED,37249797392600,461900,PITCH,0.02,-0.16,-0.19,0.0,0.0,0.0,0.0,0,1500,0,1,PID_ATTITUDE
374.243446,360-480_PITCH_MOTION_NOT_OBSERVED,37249892119100,462000,PITCH,0.01,-0.17,-0.2,0.0,0.0,0.0,0.0,0,1500,0,1,PID_ATTITUDE
374.351226,360-480_PITCH_MOTION_NOT_OBSERVED,37249999898900,462100,PITCH,0.0,-0.17,-0.2,0.0,0.0,0.0,0.0,0,1500,0,1,PID_ATTITUDE
374.444617,360-480_PITCH_MOTION_NOT_OBSERVED,37250093290300,462200,PITCH,0.0,-0.16,-0.19,0.0,0.0,0.0,0.0,0,1500,0,1,PID_ATTITUDE
374.538024,360-480_PITCH_MOTION_NOT_OBSERVED,37250186696700,462300,PITCH,0.0,-0.16,-0.19,0.0,0.0,0.0,0.0,0,1500,0,1,PID_ATTITUDE
374.646650,360-480_PITCH_MOTION_NOT_OBSERVED,37250295322900,462400,PITCH,0.0,-0.16,-0.19,0.0,0.0,0.0,0.0,0,1500,0,1,PID_ATTITUDE
374.740877,360-480_PITCH_MOTION_NOT_OBSERVED,37250389549700,462500,PITCH,0.01,-0.17,-0.2,0.0,0.0,0.0,0.0,0,1500,0,1,PID_ATTITUDE
374.848833,360-480_PITCH_MOTION_NOT_OBSERVED,37250497506300,462600,PITCH,0.0,-0.17,-0.2,0.0,0.0,0.0,0.0,0,1500,0,1,PID_ATTITUDE
374.890833,360-480_PITCH_MOTION_NOT_OBSERVED,37250539505700,462700,PITCH,0.01,-0.18,-0.21,0.0,0.0,0.0,0.0,0,1500,0,1,PID_ATTITUDE
375.048925,360-480_PITCH_MOTION_NOT_OBSERVED,37250697598300,462800,PITCH,0.01,-0.17,-0.2,0.0,0.0,0.0,0.0,0,1500,0,1,PID_ATTITUDE
375.142873,360-480_PITCH_MOTION_NOT_OBSERVED,37250791546000,462900,PITCH,0.0,-0.18,-0.21,0.0,0.0,0.0,0.0,0,1500,0,1,PID_ATTITUDE
375.236616,360-480_PITCH_MOTION_NOT_OBSERVED,37250885288400,463000,PITCH,0.0,-0.18,-0.21,0.0,0.0,0.0,0.0,0,1500,0,1,PID_ATTITUDE
375.346481,360-480_PITCH_MOTION_NOT_OBSERVED,37250995154300,463100,PITCH,0.01,-0.16,-0.19,0.0,0.0,0.0,0.0,0,1500,0,1,PID_ATTITUDE
375.440934,360-480_PITCH_MOTION_NOT_OBSERVED,37251089606600,463200,PITCH,0.01,-0.16,-0.18,0.0,0.0,0.0,0.0,0,1500,0,1,PID_ATTITUDE
375.548809,360-480_PITCH_MOTION_NOT_OBSERVED,37251197482100,463300,PITCH,0.01,-0.15,-0.18,0.0,0.0,0.0,0.0,0,1500,0,1,PID_ATTITUDE
375.641029,360-480_PITCH_MOTION_NOT_OBSERVED,37251289701600,463400,PITCH,0.0,-0.15,-0.18,0.0,0.0,0.0,0.0,0,1500,0,1,PID_ATTITUDE
375.748857,360-480_PITCH_MOTION_NOT_OBSERVED,37251397530300,463500,PITCH,0.0,-0.15,-0.18,0.0,0.0,0.0,0.0,0,1500,0,1,PID_ATTITUDE
375.842808,360-480_PITCH_MOTION_NOT_OBSERVED,37251491481400,463600,PITCH,0.0,-0.16,-0.19,0.0,0.0,0.0,0.0,0,1500,0,1,PID_ATTITUDE
375.890496,360-480_PITCH_MOTION_NOT_OBSERVED,37251539168700,463700,PITCH,0.01,-0.16,-0.19,0.0,0.0,0.0,0.0,0,1500,0,1,PID_ATTITUDE
376.044574,360-480_PITCH_MOTION_NOT_OBSERVED,37251693246700,463800,PITCH,0.02,-0.15,-0.18,0.0,0.0,0.0,0.0,0,1500,0,1,PID_ATTITUDE
376.137309,360-480_PITCH_MOTION_NOT_OBSERVED,37251785982100,463900,PITCH,0.04,-0.14,-0.17,0.0,0.0,0.0,0.0,0,1500,0,1,PID_ATTITUDE
376.244618,360-480_PITCH_MOTION_NOT_OBSERVED,37251893290900,464000,PITCH,0.05,-0.14,-0.16,0.0,0.0,0.0,0.0,0,1500,0,1,PID_ATTITUDE
376.337191,360-480_PITCH_MOTION_NOT_OBSERVED,37251985864300,464100,PITCH,0.05,-0.14,-0.17,0.0,0.0,0.0,0.0,0,1500,0,1,PID_ATTITUDE
376.445383,360-480_PITCH_MOTION_NOT_OBSERVED,37252094056300,464200,PITCH,0.05,-0.14,-0.18,0.0,0.0,0.0,0.0,0,1500,0,1,PID_ATTITUDE
376.538677,360-480_PITCH_MOTION_NOT_OBSERVED,37252187350100,464300,PITCH,0.05,-0.15,-0.18,0.0,0.0,0.0,0.0,0,1500,0,1,PID_ATTITUDE
376.647486,360-480_PITCH_MOTION_NOT_OBSERVED,37252296159000,464400,PITCH,0.04,-0.15,-0.18,0.0,0.0,0.0,0.0,0,1500,0,1,PID_ATTITUDE
376.740288,360-480_PITCH_MOTION_NOT_OBSERVED,37252388960500,464500,PITCH,0.03,-0.15,-0.18,0.0,0.0,0.0,0.0,0,1500,0,1,PID_ATTITUDE
376.848803,360-480_PITCH_MOTION_NOT_OBSERVED,37252497476200,464600,PITCH,0.04,-0.15,-0.18,0.0,0.0,0.0,0.0,0,1500,0,1,PID_ATTITUDE
376.890511,360-480_PITCH_MOTION_NOT_OBSERVED,37252539183900,464700,PITCH,0.04,-0.16,-0.19,0.0,0.0,0.0,0.0,0,1500,0,1,PID_ATTITUDE
377.036455,360-480_PITCH_MOTION_NOT_OBSERVED,37252685128000,464800,PITCH,0.04,-0.16,-0.19,0.0,0.0,0.0,0.0,0,1500,0,1,PID_ATTITUDE
377.144853,360-480_PITCH_MOTION_NOT_OBSERVED,37252793526100,464900,PITCH,0.03,-0.16,-0.18,0.0,0.0,0.0,0.0,0,1500,0,1,PID_ATTITUDE
377.237129,360-480_PITCH_MOTION_NOT_OBSERVED,37252885802200,465000,PITCH,0.03,-0.15,-0.18,0.0,0.0,0.0,0.0,0,1500,0,1,PID_ATTITUDE
377.345066,360-480_PITCH_MOTION_NOT_OBSERVED,37252993739300,465100,PITCH,0.02,-0.15,-0.18,0.0,0.0,0.0,0.0,0,1500,0,1,PID_ATTITUDE
377.437312,360-480_PITCH_MOTION_NOT_OBSERVED,37253085984800,465200,PITCH,0.02,-0.16,-0.19,0.0,0.0,0.0,0.0,0,1500,0,1,PID_ATTITUDE
377.547579,360-480_PITCH_MOTION_NOT_OBSERVED,37253196251900,465300,PITCH,0.02,-0.17,-0.2,0.0,0.0,0.0,0.0,0,1500,0,1,PID_ATTITUDE
377.640782,360-480_PITCH_MOTION_NOT_OBSERVED,37253289454800,465400,PITCH,0.01,-0.17,-0.2,0.0,0.0,0.0,0.0,0,1500,0,1,PID_ATTITUDE
377.749469,360-480_PITCH_MOTION_NOT_OBSERVED,37253398142300,465500,PITCH,0.01,-0.17,-0.2,0.0,0.0,0.0,0.0,0,1500,0,1,PID_ATTITUDE
377.842574,360-480_PITCH_MOTION_NOT_OBSERVED,37253491246800,465600,PITCH,0.02,-0.16,-0.19,0.0,0.0,0.0,0.0,0,1500,0,1,PID_ATTITUDE
377.890196,360-480_PITCH_MOTION_NOT_OBSERVED,37253538868900,465700,PITCH,0.03,-0.16,-0.2,0.0,0.0,0.0,0.0,0,1500,0,1,PID_ATTITUDE
378.044491,360-480_PITCH_MOTION_NOT_OBSERVED,37253693163900,465800,PITCH,0.03,-0.17,-0.2,0.0,0.0,0.0,0.0,0,1500,0,1,PID_ATTITUDE
378.138469,360-480_PITCH_MOTION_NOT_OBSERVED,37253787141500,465900,PITCH,0.01,-0.18,-0.21,0.0,0.0,0.0,0.0,0,1500,0,1,PID_ATTITUDE
378.248013,360-480_PITCH_MOTION_NOT_OBSERVED,37253896686300,466000,PITCH,0.01,-0.18,-0.22,0.0,0.0,0.0,0.0,0,1500,0,1,PID_ATTITUDE
378.340231,360-480_PITCH_MOTION_NOT_OBSERVED,37253988904300,466100,PITCH,0.0,-0.2,-0.23,0.0,0.0,0.0,0.0,0,1500,0,1,PID_ATTITUDE
378.450287,360-480_PITCH_MOTION_NOT_OBSERVED,37254098959800,466200,PITCH,0.0,-0.2,-0.23,0.0,0.0,0.0,0.0,0,1500,0,1,PID_ATTITUDE
378.543208,360-480_PITCH_MOTION_NOT_OBSERVED,37254191880500,466300,PITCH,0.01,-0.2,-0.23,0.0,0.0,0.0,0.0,0,1500,0,1,PID_ATTITUDE
378.636744,360-480_PITCH_MOTION_NOT_OBSERVED,37254285417000,466400,PITCH,0.01,-0.2,-0.23,0.0,0.0,0.0,0.0,0,1500,0,1,PID_ATTITUDE
378.745256,360-480_PITCH_MOTION_NOT_OBSERVED,37254393929300,466500,PITCH,0.01,-0.19,-0.22,0.0,0.0,0.0,0.0,0,1500,0,1,PID_ATTITUDE
378.838799,360-480_PITCH_MOTION_NOT_OBSERVED,37254487472400,466600,PITCH,0.03,-0.18,-0.21,0.0,0.0,0.0,0.0,0,1500,0,1,PID_ATTITUDE
378.890259,360-480_PITCH_MOTION_NOT_OBSERVED,37254538932100,466700,PITCH,0.05,-0.19,-0.22,0.0,0.0,0.0,0.0,0,1500,0,1,PID_ATTITUDE
379.040143,360-480_PITCH_MOTION_NOT_OBSERVED,37254688815500,466800,PITCH,0.05,-0.19,-0.22,0.0,0.0,0.0,0.0,0,1500,0,1,PID_ATTITUDE
379.148421,360-480_PITCH_MOTION_NOT_OBSERVED,37254797094200,466900,PITCH,0.05,-0.18,-0.21,0.0,0.0,0.0,0.0,0,1500,0,1,PID_ATTITUDE
379.241686,360-480_PITCH_MOTION_NOT_OBSERVED,37254890358700,467000,PITCH,0.05,-0.18,-0.21,0.0,0.0,0.0,0.0,0,1500,0,1,PID_ATTITUDE
379.350347,360-480_PITCH_MOTION_NOT_OBSERVED,37254999019700,467100,PITCH,0.04,-0.19,-0.22,0.0,0.0,0.0,0.0,0,1500,0,1,PID_ATTITUDE
379.443197,360-480_PITCH_MOTION_NOT_OBSERVED,37255091870300,467200,PITCH,0.05,-0.19,-0.22,0.0,0.0,0.0,0.0,0,1500,0,1,PID_ATTITUDE
379.536729,360-480_PITCH_MOTION_NOT_OBSERVED,37255185401700,467300,PITCH,0.04,-0.2,-0.23,0.0,0.0,0.0,0.0,0,1500,0,1,PID_ATTITUDE
379.646804,360-480_PITCH_MOTION_NOT_OBSERVED,37255295476900,467400,PITCH,0.02,-0.2,-0.23,0.0,0.0,0.0,0.0,0,1500,0,1,PID_ATTITUDE
379.742659,360-480_PITCH_MOTION_NOT_OBSERVED,37255391332300,467500,PITCH,0.02,-0.19,-0.22,0.0,0.0,0.0,0.0,0,1500,0,1,PID_ATTITUDE
379.836341,360-480_PITCH_MOTION_NOT_OBSERVED,37255485014200,467600,PITCH,0.02,-0.19,-0.22,0.0,0.0,0.0,0.0,0,1500,0,1,PID_ATTITUDE
379.890067,360-480_PITCH_MOTION_NOT_OBSERVED,37255538739500,467700,PITCH,0.01,-0.19,-0.22,0.0,0.0,0.0,0.0,0,1500,0,1,PID_ATTITUDE
380.036549,360-480_PITCH_MOTION_NOT_OBSERVED,37255685222200,467800,PITCH,0.01,-0.19,-0.22,0.0,0.0,0.0,0.0,0,1500,0,1,PID_ATTITUDE
380.144898,360-480_PITCH_MOTION_NOT_OBSERVED,37255793570600,467900,PITCH,0.02,-0.18,-0.21,0.0,0.0,0.0,0.0,0,1500,0,1,PID_ATTITUDE
380.237508,360-480_PITCH_MOTION_NOT_OBSERVED,37255886180500,468000,PITCH,0.01,-0.17,-0.2,0.0,0.0,0.0,0.0,0,1500,0,1,PID_ATTITUDE
380.346368,360-480_PITCH_MOTION_NOT_OBSERVED,37255995041400,468100,PITCH,0.0,-0.17,-0.2,0.0,0.0,0.0,0.0,0,1500,0,1,PID_ATTITUDE
380.439111,360-480_PITCH_MOTION_NOT_OBSERVED,37256087783800,468200,PITCH,0.01,-0.16,-0.19,0.0,0.0,0.0,0.0,0,1500,0,1,PID_ATTITUDE
380.548665,360-480_PITCH_MOTION_NOT_OBSERVED,37256197337600,468300,PITCH,0.01,-0.17,-0.2,0.0,0.0,0.0,0.0,0,1500,0,1,PID_ATTITUDE
380.641640,360-480_PITCH_MOTION_NOT_OBSERVED,37256290312700,468400,PITCH,0.01,-0.17,-0.2,0.0,0.0,0.0,0.0,0,1500,0,1,PID_ATTITUDE
380.751024,360-480_PITCH_MOTION_NOT_OBSERVED,37256399697300,468500,PITCH,0.03,-0.17,-0.2,0.0,0.0,0.0,0.0,0,1500,0,1,PID_ATTITUDE
380.844503,360-480_PITCH_MOTION_NOT_OBSERVED,37256493176400,468600,PITCH,0.01,-0.17,-0.2,0.0,0.0,0.0,0.0,0,1500,0,1,PID_ATTITUDE
380.889933,360-480_PITCH_MOTION_NOT_OBSERVED,37256538606000,468700,PITCH,0.01,-0.17,-0.2,0.0,0.0,0.0,0.0,0,1500,0,1,PID_ATTITUDE
381.046865,360-480_PITCH_MOTION_NOT_OBSERVED,37256695537500,468800,PITCH,0.02,-0.17,-0.19,0.0,0.0,0.0,0.0,0,1500,0,1,PID_ATTITUDE
381.140401,360-480_PITCH_MOTION_NOT_OBSERVED,37256789074000,468900,PITCH,0.01,-0.17,-0.2,0.0,0.0,0.0,0.0,0,1500,0,1,PID_ATTITUDE
381.250776,360-480_PITCH_MOTION_NOT_OBSERVED,37256899449200,469000,PITCH,0.01,-0.17,-0.2,0.0,0.0,0.0,0.0,0,1500,0,1,PID_ATTITUDE
381.344733,360-480_PITCH_MOTION_NOT_OBSERVED,37256993406200,469100,PITCH,0.01,-0.16,-0.19,0.0,0.0,0.0,0.0,0,1500,0,1,PID_ATTITUDE
381.437278,360-480_PITCH_MOTION_NOT_OBSERVED,37257085951200,469200,PITCH,0.01,-0.16,-0.19,0.0,0.0,0.0,0.0,0,1500,0,1,PID_ATTITUDE
381.546487,360-480_PITCH_MOTION_NOT_OBSERVED,37257195160100,469300,PITCH,0.01,-0.16,-0.19,0.0,0.0,0.0,0.0,0,1500,0,1,PID_ATTITUDE
381.640260,360-480_PITCH_MOTION_NOT_OBSERVED,37257288933000,469400,PITCH,0.0,-0.16,-0.19,0.0,0.0,0.0,0.0,0,1500,0,1,PID_ATTITUDE
381.749587,360-480_PITCH_MOTION_NOT_OBSERVED,37257398260200,469500,PITCH,0.0,-0.17,-0.2,0.0,0.0,0.0,0.0,0,1500,0,1,PID_ATTITUDE
381.841587,360-480_PITCH_MOTION_NOT_OBSERVED,37257490260000,469600,PITCH,0.0,-0.17,-0.2,0.0,0.0,0.0,0.0,0,1500,0,1,PID_ATTITUDE
381.889638,360-480_PITCH_MOTION_NOT_OBSERVED,37257538311300,469700,PITCH,0.01,-0.17,-0.2,0.0,0.0,0.0,0.0,0,1500,0,1,PID_ATTITUDE
382.043003,360-480_PITCH_MOTION_NOT_OBSERVED,37257691675500,469800,PITCH,0.01,-0.16,-0.19,0.0,0.0,0.0,0.0,0,1500,0,1,PID_ATTITUDE
382.137327,360-480_PITCH_MOTION_NOT_OBSERVED,37257785999600,469900,PITCH,0.01,-0.15,-0.18,0.0,0.0,0.0,0.0,0,1500,0,1,PID_ATTITUDE
382.247173,360-480_PITCH_MOTION_NOT_OBSERVED,37257895846300,470000,PITCH,0.0,-0.15,-0.19,0.0,0.0,0.0,0.0,0,1500,0,1,PID_ATTITUDE
382.341287,360-480_PITCH_MOTION_NOT_OBSERVED,37257989959500,470100,PITCH,0.0,-0.16,-0.19,0.0,0.0,0.0,0.0,0,1500,0,1,PID_ATTITUDE
382.450361,360-480_PITCH_MOTION_NOT_OBSERVED,37258099034300,470200,PITCH,0.0,-0.17,-0.2,0.0,0.0,0.0,0.0,0,1500,0,1,PID_ATTITUDE
382.543293,360-480_PITCH_MOTION_NOT_OBSERVED,37258191966200,470300,PITCH,0.0,-0.17,-0.2,0.0,0.0,0.0,0.0,0,1500,0,1,PID_ATTITUDE
382.635652,360-480_PITCH_MOTION_NOT_OBSERVED,37258284325100,470400,PITCH,0.0,-0.17,-0.2,0.0,0.0,0.0,0.0,0,1500,0,1,PID_ATTITUDE
382.743248,360-480_PITCH_MOTION_NOT_OBSERVED,37258391921100,470500,PITCH,0.01,-0.17,-0.2,0.0,0.0,0.0,0.0,0,1500,0,1,PID_ATTITUDE
382.836524,360-480_PITCH_MOTION_NOT_OBSERVED,37258485197400,470600,PITCH,0.0,-0.16,-0.19,0.0,0.0,0.0,0.0,0,1500,0,1,PID_ATTITUDE
382.889620,360-480_PITCH_MOTION_NOT_OBSERVED,37258538292900,470700,PITCH,0.0,-0.16,-0.19,0.0,0.0,0.0,0.0,0,1500,0,1,PID_ATTITUDE
383.038381,360-480_PITCH_MOTION_NOT_OBSERVED,37258687053800,470800,PITCH,0.0,-0.17,-0.2,0.0,0.0,0.0,0.0,0,1500,0,1,PID_ATTITUDE
383.148356,360-480_PITCH_MOTION_NOT_OBSERVED,37258797029400,470900,PITCH,0.02,-0.18,-0.21,0.0,0.0,0.0,0.0,0,1500,0,1,PID_ATTITUDE
383.243411,360-480_PITCH_MOTION_NOT_OBSERVED,37258892084000,471000,PITCH,0.01,-0.18,-0.21,0.0,0.0,0.0,0.0,0,1500,0,1,PID_ATTITUDE
383.336638,360-480_PITCH_MOTION_NOT_OBSERVED,37258985311100,471100,PITCH,0.02,-0.18,-0.21,0.0,0.0,0.0,0.0,0,1500,0,1,PID_ATTITUDE
383.446157,360-480_PITCH_MOTION_NOT_OBSERVED,37259094830200,471200,PITCH,0.02,-0.17,-0.2,0.0,0.0,0.0,0.0,0,1500,0,1,PID_ATTITUDE
383.537938,360-480_PITCH_MOTION_NOT_OBSERVED,37259186611300,471300,PITCH,0.02,-0.16,-0.19,0.0,0.0,0.0,0.0,0,1500,0,1,PID_ATTITUDE
383.646257,360-480_PITCH_MOTION_NOT_OBSERVED,37259294929800,471400,PITCH,0.01,-0.16,-0.19,0.0,0.0,0.0,0.0,0,1500,0,1,PID_ATTITUDE
383.740143,360-480_PITCH_MOTION_NOT_OBSERVED,37259388815500,471500,PITCH,0.0,-0.15,-0.18,0.0,0.0,0.0,0.0,0,1500,0,1,PID_ATTITUDE
383.850524,360-480_PITCH_MOTION_NOT_OBSERVED,37259499196600,471600,PITCH,0.0,-0.16,-0.19,0.0,0.0,0.0,0.0,0,1500,0,1,PID_ATTITUDE
383.889470,360-480_PITCH_MOTION_NOT_OBSERVED,37259538143000,471700,PITCH,0.01,-0.16,-0.19,0.0,0.0,0.0,0.0,0,1500,0,1,PID_ATTITUDE
384.037885,360-480_PITCH_MOTION_NOT_OBSERVED,37259686557400,471800,PITCH,0.01,-0.16,-0.19,0.0,0.0,0.0,0.0,0,1500,0,1,PID_ATTITUDE
384.145662,360-480_PITCH_MOTION_NOT_OBSERVED,37259794335100,471900,PITCH,0.01,-0.15,-0.18,0.0,0.0,0.0,0.0,0,1500,0,1,PID_ATTITUDE
384.239610,360-480_PITCH_MOTION_NOT_OBSERVED,37259888282600,472000,PITCH,0.01,-0.14,-0.17,0.0,0.0,0.0,0.0,0,1500,0,1,PID_ATTITUDE
384.349018,360-480_PITCH_MOTION_NOT_OBSERVED,37259997691200,472100,PITCH,-0.01,-0.14,-0.17,0.0,0.0,0.0,0.0,0,1500,0,1,PID_ATTITUDE
384.441822,360-480_PITCH_MOTION_NOT_OBSERVED,37260090495100,472200,PITCH,0.0,-0.15,-0.18,0.0,0.0,0.0,0.0,0,1500,0,1,PID_ATTITUDE
384.535199,360-480_PITCH_MOTION_NOT_OBSERVED,37260183872400,472300,PITCH,0.0,-0.15,-0.18,0.0,0.0,0.0,0.0,0,1500,0,1,PID_ATTITUDE
384.643919,360-480_PITCH_MOTION_NOT_OBSERVED,37260292591600,472400,PITCH,0.0,-0.14,-0.17,0.0,0.0,0.0,0.0,0,1500,0,1,PID_ATTITUDE
384.736880,360-480_PITCH_MOTION_NOT_OBSERVED,37260385552800,472500,PITCH,0.01,-0.15,-0.18,0.0,0.0,0.0,0.0,0,1500,0,1,PID_ATTITUDE
384.845692,360-480_PITCH_MOTION_NOT_OBSERVED,37260494364800,472600,PITCH,0.02,-0.16,-0.19,0.0,0.0,0.0,0.0,0,1500,0,1,PID_ATTITUDE
384.889315,360-480_PITCH_MOTION_NOT_OBSERVED,37260537988300,472700,PITCH,0.01,-0.16,-0.2,0.0,0.0,0.0,0.0,0,1500,0,1,PID_ATTITUDE
385.045988,360-480_PITCH_MOTION_NOT_OBSERVED,37260694661300,472800,PITCH,0.01,-0.17,-0.2,0.0,0.0,0.0,0.0,0,1500,0,1,PID_ATTITUDE
385.139428,360-480_PITCH_MOTION_NOT_OBSERVED,37260788101300,472900,PITCH,0.0,-0.18,-0.21,0.0,0.0,0.0,0.0,0,1500,0,1,PID_ATTITUDE
385.248564,360-480_PITCH_MOTION_NOT_OBSERVED,37260897237300,473000,PITCH,0.01,-0.17,-0.2,0.0,0.0,0.0,0.0,0,1500,0,1,PID_ATTITUDE
385.342152,360-480_PITCH_MOTION_NOT_OBSERVED,37260990825100,473100,PITCH,0.02,-0.17,-0.2,0.0,0.0,0.0,0.0,0,1500,0,1,PID_ATTITUDE
385.436628,360-480_PITCH_MOTION_NOT_OBSERVED,37261085300800,473200,PITCH,0.02,-0.17,-0.2,0.0,0.0,0.0,0.0,0,1500,0,1,PID_ATTITUDE
385.545179,360-480_PITCH_MOTION_NOT_OBSERVED,37261193851800,473300,PITCH,0.02,-0.17,-0.2,0.0,0.0,0.0,0.0,0,1500,0,1,PID_ATTITUDE
385.636664,360-480_PITCH_MOTION_NOT_OBSERVED,37261285337400,473400,PITCH,0.01,-0.15,-0.18,0.0,0.0,0.0,0.0,0,1500,0,1,PID_ATTITUDE
385.744947,360-480_PITCH_MOTION_NOT_OBSERVED,37261393619700,473500,PITCH,0.01,-0.14,-0.17,0.0,0.0,0.0,0.0,0,1500,0,1,PID_ATTITUDE
385.837405,360-480_PITCH_MOTION_NOT_OBSERVED,37261486078300,473600,PITCH,0.02,-0.15,-0.18,0.0,0.0,0.0,0.0,0,1500,0,1,PID_ATTITUDE
385.889021,360-480_PITCH_MOTION_NOT_OBSERVED,37261537693600,473700,PITCH,0.02,-0.16,-0.19,0.0,0.0,0.0,0.0,0,1500,0,1,PID_ATTITUDE
386.040307,360-480_PITCH_MOTION_NOT_OBSERVED,37261688980000,473800,PITCH,0.03,-0.15,-0.18,0.0,0.0,0.0,0.0,0,1500,0,1,PID_ATTITUDE
386.149834,360-480_PITCH_MOTION_NOT_OBSERVED,37261798507300,473900,PITCH,0.04,-0.14,-0.17,0.0,0.0,0.0,0.0,0,1500,0,1,PID_ATTITUDE
386.242393,360-480_PITCH_MOTION_NOT_OBSERVED,37261891065700,474000,PITCH,0.04,-0.14,-0.17,0.0,0.0,0.0,0.0,0,1500,0,1,PID_ATTITUDE
386.335954,360-480_PITCH_MOTION_NOT_OBSERVED,37261984626800,474100,PITCH,0.05,-0.15,-0.18,0.0,0.0,0.0,0.0,0,1500,0,1,PID_ATTITUDE
386.445909,360-480_PITCH_MOTION_NOT_OBSERVED,37262094582100,474200,PITCH,0.05,-0.17,-0.2,0.0,0.0,0.0,0.0,0,1500,0,1,PID_ATTITUDE
386.539349,360-480_PITCH_MOTION_NOT_OBSERVED,37262188021700,474300,PITCH,0.04,-0.17,-0.19,0.0,0.0,0.0,0.0,0,1500,0,1,PID_ATTITUDE
386.647653,360-480_PITCH_MOTION_NOT_OBSERVED,37262296326100,474400,PITCH,0.03,-0.17,-0.2,0.0,0.0,0.0,0.0,0,1500,0,1,PID_ATTITUDE
386.741924,360-480_PITCH_MOTION_NOT_OBSERVED,37262390597200,474500,PITCH,0.03,-0.17,-0.2,0.0,0.0,0.0,0.0,0,1500,0,1,PID_ATTITUDE
386.835187,360-480_PITCH_MOTION_NOT_OBSERVED,37262483859500,474600,PITCH,0.04,-0.16,-0.19,0.0,0.0,0.0,0.0,0,1500,0,1,PID_ATTITUDE
386.888863,360-480_PITCH_MOTION_NOT_OBSERVED,37262537535900,474700,PITCH,0.03,-0.15,-0.18,0.0,0.0,0.0,0.0,0,1500,0,1,PID_ATTITUDE
387.037860,360-480_PITCH_MOTION_NOT_OBSERVED,37262686532800,474800,PITCH,0.02,-0.15,-0.18,0.0,0.0,0.0,0.0,0,1500,0,1,PID_ATTITUDE
387.146944,360-480_PITCH_MOTION_NOT_OBSERVED,37262795616800,474900,PITCH,0.03,-0.15,-0.18,0.0,0.0,0.0,0.0,0,1500,0,1,PID_ATTITUDE
387.241070,360-480_PITCH_MOTION_NOT_OBSERVED,37262889742800,475000,PITCH,0.03,-0.15,-0.18,0.0,0.0,0.0,0.0,0,1500,0,1,PID_ATTITUDE
387.349692,360-480_PITCH_MOTION_NOT_OBSERVED,37262998365000,475100,PITCH,0.05,-0.15,-0.17,0.0,0.0,0.0,0.0,0,1500,0,1,PID_ATTITUDE
387.443891,360-480_PITCH_MOTION_NOT_OBSERVED,37263092563400,475200,PITCH,0.05,-0.14,-0.18,0.0,0.0,0.0,0.0,0,1500,0,1,PID_ATTITUDE
387.537199,360-480_PITCH_MOTION_NOT_OBSERVED,37263185872300,475300,PITCH,0.04,-0.15,-0.18,0.0,0.0,0.0,0.0,0,1500,0,1,PID_ATTITUDE
387.646288,360-480_PITCH_MOTION_NOT_OBSERVED,37263294961000,475400,PITCH,0.03,-0.15,-0.18,0.0,0.0,0.0,0.0,0,1500,0,1,PID_ATTITUDE
387.739481,360-480_PITCH_MOTION_NOT_OBSERVED,37263388154300,475500,PITCH,0.02,-0.14,-0.17,0.0,0.0,0.0,0.0,0,1500,0,1,PID_ATTITUDE
387.848901,360-480_PITCH_MOTION_NOT_OBSERVED,37263497573500,475600,PITCH,0.02,-0.14,-0.17,0.0,0.0,0.0,0.0,0,1500,0,1,PID_ATTITUDE
387.888867,360-480_PITCH_MOTION_NOT_OBSERVED,37263537539800,475700,PITCH,0.03,-0.15,-0.18,0.0,0.0,0.0,0.0,0,1500,0,1,PID_ATTITUDE
388.035606,360-480_PITCH_MOTION_NOT_OBSERVED,37263684279100,475800,PITCH,0.04,-0.15,-0.18,0.0,0.0,0.0,0.0,0,1500,0,1,PID_ATTITUDE
388.144280,360-480_PITCH_MOTION_NOT_OBSERVED,37263792952900,475900,PITCH,0.05,-0.15,-0.18,0.0,0.0,0.0,0.0,0,1500,0,1,PID_ATTITUDE
388.237298,360-480_PITCH_MOTION_NOT_OBSERVED,37263885971300,476000,PITCH,0.03,-0.16,-0.19,0.0,0.0,0.0,0.0,0,1500,0,1,PID_ATTITUDE
388.345879,360-480_PITCH_MOTION_NOT_OBSERVED,37263994551800,476100,PITCH,0.03,-0.15,-0.18,0.0,0.0,0.0,0.0,0,1500,0,1,PID_ATTITUDE
388.439565,360-480_PITCH_MOTION_NOT_OBSERVED,37264088237400,476200,PITCH,0.03,-0.16,-0.19,0.0,0.0,0.0,0.0,0,1500,0,1,PID_ATTITUDE
388.548675,360-480_PITCH_MOTION_NOT_OBSERVED,37264197348100,476300,PITCH,0.02,-0.17,-0.2,0.0,0.0,0.0,0.0,0,1500,0,1,PID_ATTITUDE
388.643369,360-480_PITCH_MOTION_NOT_OBSERVED,37264292042100,476400,PITCH,0.03,-0.17,-0.2,0.0,0.0,0.0,0.0,0,1500,0,1,PID_ATTITUDE
388.736114,360-480_PITCH_MOTION_NOT_OBSERVED,37264384787400,476500,PITCH,0.03,-0.18,-0.21,0.0,0.0,0.0,0.0,0,1500,0,1,PID_ATTITUDE
388.844844,360-480_PITCH_MOTION_NOT_OBSERVED,37264493516800,476600,PITCH,0.03,-0.18,-0.21,0.0,0.0,0.0,0.0,0,1500,0,1,PID_ATTITUDE
388.888768,360-480_PITCH_MOTION_NOT_OBSERVED,37264537440600,476700,PITCH,0.04,-0.18,-0.21,0.0,0.0,0.0,0.0,0,1500,0,1,PID_ATTITUDE
389.046333,360-480_PITCH_MOTION_NOT_OBSERVED,37264695005900,476800,PITCH,0.04,-0.18,-0.21,0.0,0.0,0.0,0.0,0,1500,0,1,PID_ATTITUDE
389.140202,360-480_PITCH_MOTION_NOT_OBSERVED,37264788875200,476900,PITCH,0.04,-0.17,-0.2,0.0,0.0,0.0,0.0,0,1500,0,1,PID_ATTITUDE
389.248771,360-480_PITCH_MOTION_NOT_OBSERVED,37264897444100,477000,PITCH,0.04,-0.17,-0.2,0.0,0.0,0.0,0.0,0,1500,0,1,PID_ATTITUDE
389.342660,360-480_PITCH_MOTION_NOT_OBSERVED,37264991332500,477100,PITCH,0.04,-0.17,-0.2,0.0,0.0,0.0,0.0,0,1500,0,1,PID_ATTITUDE
389.436733,360-480_PITCH_MOTION_NOT_OBSERVED,37265085406000,477200,PITCH,0.04,-0.17,-0.2,0.0,0.0,0.0,0.0,0,1500,0,1,PID_ATTITUDE
389.546020,360-480_PITCH_MOTION_NOT_OBSERVED,37265194692800,477300,PITCH,0.05,-0.16,-0.19,0.0,0.0,0.0,0.0,0,1500,0,1,PID_ATTITUDE
389.638966,360-480_PITCH_MOTION_NOT_OBSERVED,37265287638700,477400,PITCH,0.05,-0.17,-0.19,0.0,0.0,0.0,0.0,0,1500,0,1,PID_ATTITUDE
389.748839,360-480_PITCH_MOTION_NOT_OBSERVED,37265397511900,477500,PITCH,0.04,-0.16,-0.19,0.0,0.0,0.0,0.0,0,1500,0,1,PID_ATTITUDE
389.843853,360-480_PITCH_MOTION_NOT_OBSERVED,37265492525700,477600,PITCH,0.04,-0.17,-0.2,0.0,0.0,0.0,0.0,0,1500,0,1,PID_ATTITUDE
389.888570,360-480_PITCH_MOTION_NOT_OBSERVED,37265537242400,477700,PITCH,0.04,-0.17,-0.19,0.0,0.0,0.0,0.0,0,1500,0,1,PID_ATTITUDE
390.044938,360-480_PITCH_MOTION_NOT_OBSERVED,37265693610900,477800,PITCH,0.04,-0.17,-0.2,0.0,0.0,0.0,0.0,0,1500,0,1,PID_ATTITUDE
390.139134,360-480_PITCH_MOTION_NOT_OBSERVED,37265787806500,477900,PITCH,0.04,-0.18,-0.21,0.0,0.0,0.0,0.0,0,1500,0,1,PID_ATTITUDE
390.248264,360-480_PITCH_MOTION_NOT_OBSERVED,37265896936800,478000,PITCH,0.03,-0.17,-0.2,0.0,0.0,0.0,0.0,0,1500,0,1,PID_ATTITUDE
390.341011,360-480_PITCH_MOTION_NOT_OBSERVED,37265989684000,478100,PITCH,0.03,-0.18,-0.21,0.0,0.0,0.0,0.0,0,1500,0,1,PID_ATTITUDE
390.435994,360-480_PITCH_MOTION_NOT_OBSERVED,37266084667100,478200,PITCH,0.03,-0.18,-0.21,0.0,0.0,0.0,0.0,0,1500,0,1,PID_ATTITUDE
390.546700,360-480_PITCH_MOTION_NOT_OBSERVED,37266195373200,478300,PITCH,0.04,-0.17,-0.2,0.0,0.0,0.0,0.0,0,1500,0,1,PID_ATTITUDE
390.640048,360-480_PITCH_MOTION_NOT_OBSERVED,37266288720700,478400,PITCH,0.03,-0.16,-0.19,0.0,0.0,0.0,0.0,0,1500,0,1,PID_ATTITUDE
390.748257,360-480_PITCH_MOTION_NOT_OBSERVED,37266396930100,478500,PITCH,0.02,-0.16,-0.19,0.0,0.0,0.0,0.0,0,1500,0,1,PID_ATTITUDE
390.841871,360-480_PITCH_MOTION_NOT_OBSERVED,37266490543500,478600,PITCH,0.02,-0.17,-0.2,0.0,0.0,0.0,0.0,0,1500,0,1,PID_ATTITUDE
390.888476,360-480_PITCH_MOTION_NOT_OBSERVED,37266537149100,478700,PITCH,0.02,-0.17,-0.2,0.0,0.0,0.0,0.0,0,1500,0,1,PID_ATTITUDE
391.045066,360-480_PITCH_MOTION_NOT_OBSERVED,37266693739200,478800,PITCH,0.04,-0.16,-0.19,0.0,0.0,0.0,0.0,0,1500,0,1,PID_ATTITUDE
391.137515,360-480_PITCH_MOTION_NOT_OBSERVED,37266786187900,478900,PITCH,0.04,-0.16,-0.18,0.0,0.0,0.0,0.0,0,1500,0,1,PID_ATTITUDE
391.245681,360-480_PITCH_MOTION_NOT_OBSERVED,37266894353700,479000,PITCH,0.04,-0.15,-0.18,0.0,0.0,0.0,0.0,0,1500,0,1,PID_ATTITUDE
391.338776,360-480_PITCH_MOTION_NOT_OBSERVED,37266987449300,479100,PITCH,0.04,-0.15,-0.18,0.0,0.0,0.0,0.0,0,1500,0,1,PID_ATTITUDE
391.447829,360-480_PITCH_MOTION_NOT_OBSERVED,37267096501600,479200,PITCH,0.03,-0.15,-0.18,0.0,0.0,0.0,0.0,0,1500,0,1,PID_ATTITUDE
391.541619,360-480_PITCH_MOTION_NOT_OBSERVED,37267190291700,479300,PITCH,0.03,-0.13,-0.17,0.0,0.0,0.0,0.0,0,1500,0,1,PID_ATTITUDE
391.634472,360-480_PITCH_MOTION_NOT_OBSERVED,37267283144900,479400,PITCH,0.04,-0.15,-0.18,0.0,0.0,0.0,0.0,0,1500,0,1,PID_ATTITUDE
391.743106,360-480_PITCH_MOTION_NOT_OBSERVED,37267391778900,479500,PITCH,0.05,-0.15,-0.18,0.0,0.0,0.0,0.0,0,1500,0,1,PID_ATTITUDE
391.837066,360-480_PITCH_MOTION_NOT_OBSERVED,37267485739100,479600,PITCH,0.05,-0.16,-0.19,0.0,0.0,0.0,0.0,0,1500,0,1,PID_ATTITUDE
391.888603,360-480_PITCH_MOTION_NOT_OBSERVED,37267537276400,479700,PITCH,0.04,-0.15,-0.18,0.0,0.0,0.0,0.0,0,1500,0,1,PID_ATTITUDE
392.039420,360-480_PITCH_MOTION_NOT_OBSERVED,37267688093200,479800,PITCH,0.05,-0.16,-0.19,0.0,0.0,0.0,0.0,0,1500,0,1,PID_ATTITUDE
392.149153,360-480_PITCH_MOTION_NOT_OBSERVED,37267797826300,479900,PITCH,0.05,-0.15,-0.18,0.0,0.0,0.0,0.0,0,1500,0,1,PID_ATTITUDE
392.243637,360-480_PITCH_MOTION_NOT_OBSERVED,37267892309600,480000,PITCH,0.03,-0.16,-0.19,0.0,0.0,0.0,0.0,0,1500,0,1,PID_ATTITUDE
392.337802,360-480_PITCH_MOTION_NOT_OBSERVED,37267986475300,480100,PITCH,0.03,-0.16,-0.19,0.0,0.0,0.0,0.0,0,1500,0,1,PID_ATTITUDE
392.446218,360-480_PITCH_MOTION_NOT_OBSERVED,37268094890500,480200,PITCH,0.03,-0.15,-0.18,0.0,0.0,0.0,0.0,0,1500,0,1,PID_ATTITUDE
392.539369,360-480_PITCH_MOTION_NOT_OBSERVED,37268188042000,480300,PITCH,0.03,-0.16,-0.19,0.0,0.0,0.0,0.0,0,1500,0,1,PID_ATTITUDE
392.646852,360-480_PITCH_MOTION_NOT_OBSERVED,37268295524900,480400,PITCH,0.03,-0.16,-0.19,0.0,0.0,0.0,0.0,0,1500,0,1,PID_ATTITUDE
392.739577,360-480_PITCH_MOTION_NOT_OBSERVED,37268388249600,480500,PITCH,0.03,-0.17,-0.2,0.0,0.0,0.0,0.0,0,1500,0,1,PID_ATTITUDE
392.849452,360-480_PITCH_MOTION_NOT_OBSERVED,37268498125000,480600,PITCH,0.03,-0.17,-0.2,0.0,0.0,0.0,0.0,0,1500,0,1,PID_ATTITUDE
392.888115,360-480_PITCH_MOTION_NOT_OBSERVED,37268536787600,480700,PITCH,0.02,-0.16,-0.19,0.0,0.0,0.0,0.0,0,1500,0,1,PID_ATTITUDE
393.035750,360-480_PITCH_MOTION_NOT_OBSERVED,37268684423300,480800,PITCH,0.03,-0.16,-0.19,0.0,0.0,0.0,0.0,0,1500,0,1,PID_ATTITUDE
393.143802,360-480_PITCH_MOTION_NOT_OBSERVED,37268792474800,480900,PITCH,0.02,-0.16,-0.19,0.0,0.0,0.0,0.0,0,1500,0,1,PID_ATTITUDE
393.235389,360-480_PITCH_MOTION_NOT_OBSERVED,37268884061700,481000,PITCH,0.02,-0.15,-0.18,0.0,0.0,0.0,0.0,0,1500,0,1,PID_ATTITUDE
393.345068,360-480_PITCH_MOTION_NOT_OBSERVED,37268993740700,481100,PITCH,0.02,-0.15,-0.18,0.0,0.0,0.0,0.0,0,1500,0,1,PID_ATTITUDE
393.437665,360-480_PITCH_MOTION_NOT_OBSERVED,37269086338300,481200,PITCH,0.02,-0.15,-0.18,0.0,0.0,0.0,0.0,0,1500,0,1,PID_ATTITUDE
393.546702,360-480_PITCH_MOTION_NOT_OBSERVED,37269195374700,481300,PITCH,0.02,-0.16,-0.19,0.0,0.0,0.0,0.0,0,1500,0,1,PID_ATTITUDE
393.640839,360-480_PITCH_MOTION_NOT_OBSERVED,37269289511500,481400,PITCH,0.02,-0.16,-0.19,0.0,0.0,0.0,0.0,0,1500,0,1,PID_ATTITUDE
393.748573,360-480_PITCH_MOTION_NOT_OBSERVED,37269397245600,481500,PITCH,0.04,-0.16,-0.19,0.0,0.0,0.0,0.0,0,1500,0,1,PID_ATTITUDE
393.840654,360-480_PITCH_MOTION_NOT_OBSERVED,37269489327300,481600,PITCH,0.04,-0.15,-0.18,0.0,0.0,0.0,0.0,0,1500,0,1,PID_ATTITUDE
393.888093,360-480_PITCH_MOTION_NOT_OBSERVED,37269536765400,481700,PITCH,0.04,-0.16,-0.19,0.0,0.0,0.0,0.0,0,1500,0,1,PID_ATTITUDE
394.046475,360-480_PITCH_MOTION_NOT_OBSERVED,37269695147700,481800,PITCH,0.03,-0.16,-0.19,0.0,0.0,0.0,0.0,0,1500,0,1,PID_ATTITUDE
394.140368,360-480_PITCH_MOTION_NOT_OBSERVED,37269789041000,481900,PITCH,0.03,-0.16,-0.19,0.0,0.0,0.0,0.0,0,1500,0,1,PID_ATTITUDE
394.233291,360-480_PITCH_MOTION_NOT_OBSERVED,37269881963600,482000,PITCH,0.03,-0.15,-0.18,0.0,0.0,0.0,0.0,0,1500,0,1,PID_ATTITUDE
394.342625,360-480_PITCH_MOTION_NOT_OBSERVED,37269991297900,482100,PITCH,0.03,-0.15,-0.17,0.0,0.0,0.0,0.0,0,1500,0,1,PID_ATTITUDE
394.433994,360-480_PITCH_MOTION_NOT_OBSERVED,37270082667300,482200,PITCH,0.03,-0.14,-0.17,0.0,0.0,0.0,0.0,0,1500,0,1,PID_ATTITUDE
394.543996,360-480_PITCH_MOTION_NOT_OBSERVED,37270192668700,482300,PITCH,0.04,-0.16,-0.19,0.0,0.0,0.0,0.0,0,1500,0,1,PID_ATTITUDE
394.636741,360-480_PITCH_MOTION_NOT_OBSERVED,37270285414000,482400,PITCH,0.04,-0.16,-0.2,0.0,0.0,0.0,0.0,0,1500,0,1,PID_ATTITUDE
394.746885,360-480_PITCH_MOTION_NOT_OBSERVED,37270395558200,482500,PITCH,0.05,-0.16,-0.19,0.0,0.0,0.0,0.0,0,1500,0,1,PID_ATTITUDE
394.840847,360-480_PITCH_MOTION_NOT_OBSERVED,37270489519500,482600,PITCH,0.05,-0.15,-0.18,0.0,0.0,0.0,0.0,0,1500,0,1,PID_ATTITUDE
394.887907,360-480_PITCH_MOTION_NOT_OBSERVED,37270536580200,482700,PITCH,0.05,-0.15,-0.19,0.0,0.0,0.0,0.0,0,1500,0,1,PID_ATTITUDE
395.042886,360-480_PITCH_MOTION_NOT_OBSERVED,37270691559100,482800,PITCH,0.04,-0.16,-0.19,0.0,0.0,0.0,0.0,0,1500,0,1,PID_ATTITUDE
395.135539,360-480_PITCH_MOTION_NOT_OBSERVED,37270784211700,482900,PITCH,0.04,-0.15,-0.18,0.0,0.0,0.0,0.0,0,1500,0,1,PID_ATTITUDE
395.244069,360-480_PITCH_MOTION_NOT_OBSERVED,37270892742300,483000,PITCH,0.04,-0.15,-0.18,0.0,0.0,0.0,0.0,0,1500,0,1,PID_ATTITUDE
395.337752,360-480_PITCH_MOTION_NOT_OBSERVED,37270986425200,483100,PITCH,0.04,-0.15,-0.18,0.0,0.0,0.0,0.0,0,1500,0,1,PID_ATTITUDE
395.446724,360-480_PITCH_MOTION_NOT_OBSERVED,37271095397300,483200,PITCH,0.04,-0.15,-0.18,0.0,0.0,0.0,0.0,0,1500,0,1,PID_ATTITUDE
395.539878,360-480_PITCH_MOTION_NOT_OBSERVED,37271188550800,483300,PITCH,0.04,-0.16,-0.19,0.0,0.0,0.0,0.0,0,1500,0,1,PID_ATTITUDE
395.633747,360-480_PITCH_MOTION_NOT_OBSERVED,37271282419600,483400,PITCH,0.04,-0.17,-0.2,0.0,0.0,0.0,0.0,0,1500,0,1,PID_ATTITUDE
395.742542,360-480_PITCH_MOTION_NOT_OBSERVED,37271391215300,483500,PITCH,0.03,-0.17,-0.2,0.0,0.0,0.0,0.0,0,1500,0,1,PID_ATTITUDE
395.835355,360-480_PITCH_MOTION_NOT_OBSERVED,37271484028300,483600,PITCH,0.03,-0.17,-0.2,0.0,0.0,0.0,0.0,0,1500,0,1,PID_ATTITUDE
395.887683,360-480_PITCH_MOTION_NOT_OBSERVED,37271536355600,483700,PITCH,0.02,-0.17,-0.2,0.0,0.0,0.0,0.0,0,1500,0,1,PID_ATTITUDE
396.036063,360-480_PITCH_MOTION_NOT_OBSERVED,37271684736100,483800,PITCH,0.02,-0.17,-0.2,0.0,0.0,0.0,0.0,0,1500,0,1,PID_ATTITUDE
396.145973,360-480_PITCH_MOTION_NOT_OBSERVED,37271794645800,483900,PITCH,0.03,-0.18,-0.21,0.0,0.0,0.0,0.0,0,1500,0,1,PID_ATTITUDE
396.238162,360-480_PITCH_MOTION_NOT_OBSERVED,37271886835300,484000,PITCH,0.03,-0.17,-0.2,0.0,0.0,0.0,0.0,0,1500,0,1,PID_ATTITUDE
396.346588,360-480_PITCH_MOTION_NOT_OBSERVED,37271995261200,484100,PITCH,0.04,-0.17,-0.2,0.0,0.0,0.0,0.0,0,1500,0,1,PID_ATTITUDE
396.440657,360-480_PITCH_MOTION_NOT_OBSERVED,37272089329500,484200,PITCH,0.03,-0.16,-0.19,0.0,0.0,0.0,0.0,0,1500,0,1,PID_ATTITUDE
396.536136,360-480_PITCH_MOTION_NOT_OBSERVED,37272184809300,484300,PITCH,0.03,-0.16,-0.2,0.0,0.0,0.0,0.0,0,1500,0,1,PID_ATTITUDE
396.644070,360-480_PITCH_MOTION_NOT_OBSERVED,37272292743000,484400,PITCH,0.03,-0.17,-0.2,0.0,0.0,0.0,0.0,0,1500,0,1,PID_ATTITUDE
396.738015,360-480_PITCH_MOTION_NOT_OBSERVED,37272386687900,484500,PITCH,0.04,-0.17,-0.2,0.0,0.0,0.0,0.0,0,1500,0,1,PID_ATTITUDE
396.847037,360-480_PITCH_MOTION_NOT_OBSERVED,37272495710100,484600,PITCH,0.04,-0.17,-0.2,0.0,0.0,0.0,0.0,0,1500,0,1,PID_ATTITUDE
396.887522,360-480_PITCH_MOTION_NOT_OBSERVED,37272536194700,484700,PITCH,0.03,-0.17,-0.2,0.0,0.0,0.0,0.0,0,1500,0,1,PID_ATTITUDE
397.034881,360-480_PITCH_MOTION_NOT_OBSERVED,37272683553700,484800,PITCH,0.02,-0.16,-0.19,0.0,0.0,0.0,0.0,0,1500,0,1,PID_ATTITUDE
397.144716,360-480_PITCH_MOTION_NOT_OBSERVED,37272793388400,484900,PITCH,0.01,-0.17,-0.2,0.0,0.0,0.0,0.0,0,1500,0,1,PID_ATTITUDE
397.238293,360-480_PITCH_MOTION_NOT_OBSERVED,37272886965900,485000,PITCH,0.02,-0.17,-0.2,0.0,0.0,0.0,0.0,0,1500,0,1,PID_ATTITUDE
397.347865,360-480_PITCH_MOTION_NOT_OBSERVED,37272996538000,485100,PITCH,0.02,-0.15,-0.18,0.0,0.0,0.0,0.0,0,1500,0,1,PID_ATTITUDE
397.440516,360-480_PITCH_MOTION_NOT_OBSERVED,37273089189000,485200,PITCH,0.03,-0.15,-0.18,0.0,0.0,0.0,0.0,0,1500,0,1,PID_ATTITUDE
397.533831,360-480_PITCH_MOTION_NOT_OBSERVED,37273182503400,485300,PITCH,0.03,-0.15,-0.18,0.0,0.0,0.0,0.0,0,1500,0,1,PID_ATTITUDE
397.642491,360-480_PITCH_MOTION_NOT_OBSERVED,37273291164300,485400,PITCH,0.03,-0.15,-0.18,0.0,0.0,0.0,0.0,0,1500,0,1,PID_ATTITUDE
397.734989,360-480_PITCH_MOTION_NOT_OBSERVED,37273383661700,485500,PITCH,0.02,-0.15,-0.18,0.0,0.0,0.0,0.0,0,1500,0,1,PID_ATTITUDE
397.844511,360-480_PITCH_MOTION_NOT_OBSERVED,37273493184100,485600,PITCH,0.02,-0.16,-0.19,0.0,0.0,0.0,0.0,0,1500,0,1,PID_ATTITUDE
397.887211,360-480_PITCH_MOTION_NOT_OBSERVED,37273535883600,485700,PITCH,0.01,-0.15,-0.18,0.0,0.0,0.0,0.0,0,1500,0,1,PID_ATTITUDE
398.047382,360-480_PITCH_MOTION_NOT_OBSERVED,37273696054800,485800,PITCH,0.0,-0.16,-0.19,0.0,0.0,0.0,0.0,0,1500,0,1,PID_ATTITUDE
398.140599,360-480_PITCH_MOTION_NOT_OBSERVED,37273789272300,485900,PITCH,0.01,-0.16,-0.19,0.0,0.0,0.0,0.0,0,1500,0,1,PID_ATTITUDE
398.234137,360-480_PITCH_MOTION_NOT_OBSERVED,37273882809600,486000,PITCH,0.02,-0.16,-0.19,0.0,0.0,0.0,0.0,0,1500,0,1,PID_ATTITUDE
398.342726,360-480_PITCH_MOTION_NOT_OBSERVED,37273991399200,486100,PITCH,0.01,-0.16,-0.19,0.0,0.0,0.0,0.0,0,1500,0,1,PID_ATTITUDE
398.435974,360-480_PITCH_MOTION_NOT_OBSERVED,37274084647400,486200,PITCH,0.01,-0.16,-0.19,0.0,0.0,0.0,0.0,0,1500,0,1,PID_ATTITUDE
398.544926,360-480_PITCH_MOTION_NOT_OBSERVED,37274193598600,486300,PITCH,0.02,-0.17,-0.2,0.0,0.0,0.0,0.0,0,1500,0,1,PID_ATTITUDE
398.639470,360-480_PITCH_MOTION_NOT_OBSERVED,37274288143300,486400,PITCH,0.02,-0.17,-0.2,0.0,0.0,0.0,0.0,0,1500,0,1,PID_ATTITUDE
398.734432,360-480_PITCH_MOTION_NOT_OBSERVED,37274383105200,486500,PITCH,0.02,-0.17,-0.2,0.0,0.0,0.0,0.0,0,1500,0,1,PID_ATTITUDE
398.842605,360-480_PITCH_MOTION_NOT_OBSERVED,37274491277700,486600,PITCH,0.03,-0.18,-0.21,0.0,0.0,0.0,0.0,0,1500,0,1,PID_ATTITUDE
398.887055,360-480_PITCH_MOTION_NOT_OBSERVED,37274535727700,486700,PITCH,0.03,-0.18,-0.21,0.0,0.0,0.0,0.0,0,1500,0,1,PID_ATTITUDE
399.045481,360-480_PITCH_MOTION_NOT_OBSERVED,37274694154400,486800,PITCH,0.03,-0.18,-0.21,0.0,0.0,0.0,0.0,0,1500,0,1,PID_ATTITUDE
399.138790,360-480_PITCH_MOTION_NOT_OBSERVED,37274787463300,486900,PITCH,0.02,-0.17,-0.2,0.0,0.0,0.0,0.0,0,1500,0,1,PID_ATTITUDE
399.232697,360-480_PITCH_MOTION_NOT_OBSERVED,37274881370300,487000,PITCH,0.03,-0.17,-0.21,0.0,0.0,0.0,0.0,0,1500,0,1,PID_ATTITUDE
399.339796,360-480_PITCH_MOTION_NOT_OBSERVED,37274988468500,487100,PITCH,0.03,-0.17,-0.2,0.0,0.0,0.0,0.0,0,1500,0,1,PID_ATTITUDE
399.448095,360-480_PITCH_MOTION_NOT_OBSERVED,37275096768000,487200,PITCH,0.03,-0.16,-0.19,0.0,0.0,0.0,0.0,0,1500,0,1,PID_ATTITUDE
399.540152,360-480_PITCH_MOTION_NOT_OBSERVED,37275188825300,487300,PITCH,0.03,-0.16,-0.19,0.0,0.0,0.0,0.0,0,1500,0,1,PID_ATTITUDE
399.632688,360-480_PITCH_MOTION_NOT_OBSERVED,37275281360500,487400,PITCH,0.04,-0.17,-0.2,0.0,0.0,0.0,0.0,0,1500,0,1,PID_ATTITUDE
399.744542,360-480_PITCH_MOTION_NOT_OBSERVED,37275393215100,487500,PITCH,0.04,-0.16,-0.19,0.0,0.0,0.0,0.0,0,1500,0,1,PID_ATTITUDE
399.838435,360-480_PITCH_MOTION_NOT_OBSERVED,37275487108300,487600,PITCH,0.03,-0.15,-0.18,0.0,0.0,0.0,0.0,0,1500,0,1,PID_ATTITUDE
399.886908,360-480_PITCH_MOTION_NOT_OBSERVED,37275535580800,487700,PITCH,0.01,-0.16,-0.19,0.0,0.0,0.0,0.0,0,1500,0,1,PID_ATTITUDE
400.039062,360-480_PITCH_MOTION_NOT_OBSERVED,37275687734700,487800,PITCH,0.01,-0.16,-0.19,0.0,0.0,0.0,0.0,0,1500,0,1,PID_ATTITUDE
400.147136,360-480_PITCH_MOTION_NOT_OBSERVED,37275795809100,487900,PITCH,0.02,-0.16,-0.19,0.0,0.0,0.0,0.0,0,1500,0,1,PID_ATTITUDE
400.240710,360-480_PITCH_MOTION_NOT_OBSERVED,37275889382700,488000,PITCH,0.02,-0.15,-0.18,0.0,0.0,0.0,0.0,0,1500,0,1,PID_ATTITUDE
400.335395,360-480_PITCH_MOTION_NOT_OBSERVED,37275984067500,488100,PITCH,0.02,-0.15,-0.18,0.0,0.0,0.0,0.0,0,1500,0,1,PID_ATTITUDE
400.442488,360-480_PITCH_MOTION_NOT_OBSERVED,37276091160500,488200,PITCH,0.03,-0.14,-0.17,0.0,0.0,0.0,0.0,0,1500,0,1,PID_ATTITUDE
400.536353,360-480_PITCH_MOTION_NOT_OBSERVED,37276185025500,488300,PITCH,0.03,-0.14,-0.17,0.0,0.0,0.0,0.0,0,1500,0,1,PID_ATTITUDE
400.644843,360-480_PITCH_MOTION_NOT_OBSERVED,37276293516200,488400,PITCH,0.04,-0.15,-0.18,0.0,0.0,0.0,0.0,0,1500,0,1,PID_ATTITUDE
400.739421,360-480_PITCH_MOTION_NOT_OBSERVED,37276388094000,488500,PITCH,0.04,-0.16,-0.19,0.0,0.0,0.0,0.0,0,1500,0,1,PID_ATTITUDE
400.833251,360-480_PITCH_MOTION_NOT_OBSERVED,37276481924300,488600,PITCH,0.04,-0.16,-0.19,0.0,0.0,0.0,0.0,0,1500,0,1,PID_ATTITUDE
400.886924,360-480_PITCH_MOTION_NOT_OBSERVED,37276535597300,488700,PITCH,0.04,-0.16,-0.19,0.0,0.0,0.0,0.0,0,1500,0,1,PID_ATTITUDE
401.034906,360-480_PITCH_MOTION_NOT_OBSERVED,37276683579200,488800,PITCH,0.04,-0.15,-0.18,0.0,0.0,0.0,0.0,0,1500,0,1,PID_ATTITUDE
401.144410,360-480_PITCH_MOTION_NOT_OBSERVED,37276793082500,488900,PITCH,0.05,-0.16,-0.19,0.0,0.0,0.0,0.0,0,1500,0,1,PID_ATTITUDE
401.237086,360-480_PITCH_MOTION_NOT_OBSERVED,37276885759300,489000,PITCH,0.04,-0.15,-0.18,0.0,0.0,0.0,0.0,0,1500,0,1,PID_ATTITUDE
401.345965,360-480_PITCH_MOTION_NOT_OBSERVED,37276994637500,489100,PITCH,0.03,-0.15,-0.18,0.0,0.0,0.0,0.0,0,1500,0,1,PID_ATTITUDE
401.438171,360-480_PITCH_MOTION_NOT_OBSERVED,37277086844200,489200,PITCH,0.03,-0.15,-0.18,0.0,0.0,0.0,0.0,0,1500,0,1,PID_ATTITUDE
401.547686,360-480_PITCH_MOTION_NOT_OBSERVED,37277196359300,489300,PITCH,0.03,-0.16,-0.19,0.0,0.0,0.0,0.0,0,1500,0,1,PID_ATTITUDE
401.641507,360-480_PITCH_MOTION_NOT_OBSERVED,37277290180000,489400,PITCH,0.04,-0.15,-0.18,0.0,0.0,0.0,0.0,0,1500,0,1,PID_ATTITUDE
401.735095,360-480_PITCH_MOTION_NOT_OBSERVED,37277383768200,489500,PITCH,0.04,-0.15,-0.18,0.0,0.0,0.0,0.0,0,1500,0,1,PID_ATTITUDE
401.846466,360-480_PITCH_MOTION_NOT_OBSERVED,37277495138600,489600,PITCH,0.04,-0.14,-0.17,0.0,0.0,0.0,0.0,0,1500,0,1,PID_ATTITUDE
401.886609,360-480_PITCH_MOTION_NOT_OBSERVED,37277535282200,489700,PITCH,0.04,-0.14,-0.17,0.0,0.0,0.0,0.0,0,1500,0,1,PID_ATTITUDE
402.033327,360-480_PITCH_MOTION_NOT_OBSERVED,37277682000100,489800,PITCH,0.05,-0.15,-0.18,0.0,0.0,0.0,0.0,0,1500,0,1,PID_ATTITUDE
402.142923,360-480_PITCH_MOTION_NOT_OBSERVED,37277791595900,489900,PITCH,0.04,-0.16,-0.19,0.0,0.0,0.0,0.0,0,1500,0,1,PID_ATTITUDE
402.236608,360-480_PITCH_MOTION_NOT_OBSERVED,37277885281000,490000,PITCH,0.05,-0.17,-0.2,0.0,0.0,0.0,0.0,0,1500,0,1,PID_ATTITUDE
402.346501,360-480_PITCH_MOTION_NOT_OBSERVED,37277995174200,490100,PITCH,0.05,-0.17,-0.2,0.0,0.0,0.0,0.0,0,1500,0,1,PID_ATTITUDE
402.439926,360-480_PITCH_MOTION_NOT_OBSERVED,37278088598800,490200,PITCH,0.06,-0.16,-0.19,0.0,0.0,0.0,0.0,0,1500,0,1,PID_ATTITUDE
402.533753,360-480_PITCH_MOTION_NOT_OBSERVED,37278182425800,490300,PITCH,0.07,-0.16,-0.19,0.0,0.0,0.0,0.0,0,1500,0,1,PID_ATTITUDE
402.643210,360-480_PITCH_MOTION_NOT_OBSERVED,37278291882700,490400,PITCH,0.07,-0.17,-0.2,0.0,0.0,0.0,0.0,0,1500,0,1,PID_ATTITUDE
402.738025,360-480_PITCH_MOTION_NOT_OBSERVED,37278386698400,490500,PITCH,0.07,-0.17,-0.2,0.0,0.0,0.0,0.0,0,1500,0,1,PID_ATTITUDE
402.846632,360-480_PITCH_MOTION_NOT_OBSERVED,37278495305000,490600,PITCH,0.06,-0.18,-0.21,0.0,0.0,0.0,0.0,0,1500,0,1,PID_ATTITUDE
402.886769,360-480_PITCH_MOTION_NOT_OBSERVED,37278535442200,490700,PITCH,0.06,-0.18,-0.21,0.0,0.0,0.0,0.0,0,1500,0,1,PID_ATTITUDE
403.047058,360-480_PITCH_MOTION_NOT_OBSERVED,37278695731100,490800,PITCH,0.05,-0.18,-0.21,0.0,0.0,0.0,0.0,0,1500,0,1,PID_ATTITUDE
403.141340,360-480_PITCH_MOTION_NOT_OBSERVED,37278790013200,490900,PITCH,0.04,-0.18,-0.21,0.0,0.0,0.0,0.0,0,1500,0,1,PID_ATTITUDE
403.234722,360-480_PITCH_MOTION_NOT_OBSERVED,37278883394700,491000,PITCH,0.05,-0.18,-0.21,0.0,0.0,0.0,0.0,0,1500,0,1,PID_ATTITUDE
403.344243,360-480_PITCH_MOTION_NOT_OBSERVED,37278992915900,491100,PITCH,0.05,-0.18,-0.21,0.0,0.0,0.0,0.0,0,1500,0,1,PID_ATTITUDE
403.437337,360-480_PITCH_MOTION_NOT_OBSERVED,37279086010200,491200,PITCH,0.04,-0.18,-0.21,0.0,0.0,0.0,0.0,0,1500,0,1,PID_ATTITUDE
403.545715,360-480_PITCH_MOTION_NOT_OBSERVED,37279194387900,491300,PITCH,0.03,-0.18,-0.21,0.0,0.0,0.0,0.0,0,1500,0,1,PID_ATTITUDE
403.638140,360-480_PITCH_MOTION_NOT_OBSERVED,37279286812500,491400,PITCH,0.03,-0.19,-0.22,0.0,0.0,0.0,0.0,0,1500,0,1,PID_ATTITUDE
403.747487,360-480_PITCH_MOTION_NOT_OBSERVED,37279396160400,491500,PITCH,0.03,-0.19,-0.22,0.0,0.0,0.0,0.0,0,1500,0,1,PID_ATTITUDE
403.842118,360-480_PITCH_MOTION_NOT_OBSERVED,37279490791300,491600,PITCH,0.03,-0.18,-0.21,0.0,0.0,0.0,0.0,0,1500,0,1,PID_ATTITUDE
403.886529,360-480_PITCH_MOTION_NOT_OBSERVED,37279535202000,491700,PITCH,0.04,-0.17,-0.2,0.0,0.0,0.0,0.0,0,1500,0,1,PID_ATTITUDE
404.044967,360-480_PITCH_MOTION_NOT_OBSERVED,37279693640000,491800,PITCH,0.05,-0.16,-0.19,0.0,0.0,0.0,0.0,0,1500,0,1,PID_ATTITUDE
404.138312,360-480_PITCH_MOTION_NOT_OBSERVED,37279786985200,491900,PITCH,0.05,-0.16,-0.19,0.0,0.0,0.0,0.0,0,1500,0,1,PID_ATTITUDE
404.246336,360-480_PITCH_MOTION_NOT_OBSERVED,37279895009000,492000,PITCH,0.05,-0.15,-0.18,0.0,0.0,0.0,0.0,0,1500,0,1,PID_ATTITUDE
404.339663,360-480_PITCH_MOTION_NOT_OBSERVED,37279988336300,492100,PITCH,0.06,-0.16,-0.19,0.0,0.0,0.0,0.0,0,1500,0,1,PID_ATTITUDE
404.446885,360-480_PITCH_MOTION_NOT_OBSERVED,37280095557400,492200,PITCH,0.06,-0.16,-0.19,0.0,0.0,0.0,0.0,0,1500,0,1,PID_ATTITUDE
404.540564,360-480_PITCH_MOTION_NOT_OBSERVED,37280189237100,492300,PITCH,0.07,-0.16,-0.19,0.0,0.0,0.0,0.0,0,1500,0,1,PID_ATTITUDE
404.634379,360-480_PITCH_MOTION_NOT_OBSERVED,37280283051500,492400,PITCH,0.07,-0.17,-0.2,0.0,0.0,0.0,0.0,0,1500,0,1,PID_ATTITUDE
404.744516,360-480_PITCH_MOTION_NOT_OBSERVED,37280393189000,492500,PITCH,0.07,-0.17,-0.2,0.0,0.0,0.0,0.0,0,1500,0,1,PID_ATTITUDE
404.837075,360-480_PITCH_MOTION_NOT_OBSERVED,37280485748000,492600,PITCH,0.08,-0.17,-0.2,0.0,0.0,0.0,0.0,0,1500,0,1,PID_ATTITUDE
404.886202,360-480_PITCH_MOTION_NOT_OBSERVED,37280534875200,492700,PITCH,0.08,-0.17,-0.2,0.0,0.0,0.0,0.0,0,1500,0,1,PID_ATTITUDE
405.040007,360-480_PITCH_MOTION_NOT_OBSERVED,37280688679400,492800,PITCH,0.08,-0.16,-0.19,0.0,0.0,0.0,0.0,0,1500,0,1,PID_ATTITUDE
405.134334,360-480_PITCH_MOTION_NOT_OBSERVED,37280783006800,492900,PITCH,0.08,-0.17,-0.2,0.0,0.0,0.0,0.0,0,1500,0,1,PID_ATTITUDE
405.242537,360-480_PITCH_MOTION_NOT_OBSERVED,37280891210300,493000,PITCH,0.07,-0.18,-0.21,0.0,0.0,0.0,0.0,0,1500,0,1,PID_ATTITUDE
405.334849,360-480_PITCH_MOTION_NOT_OBSERVED,37280983522300,493100,PITCH,0.06,-0.18,-0.21,0.0,0.0,0.0,0.0,0,1500,0,1,PID_ATTITUDE
405.445302,360-480_PITCH_MOTION_NOT_OBSERVED,37281093975000,493200,PITCH,0.06,-0.17,-0.2,0.0,0.0,0.0,0.0,0,1500,0,1,PID_ATTITUDE
405.537770,360-480_PITCH_MOTION_NOT_OBSERVED,37281186442900,493300,PITCH,0.05,-0.17,-0.2,0.0,0.0,0.0,0.0,0,1500,0,1,PID_ATTITUDE
405.646297,360-480_PITCH_MOTION_NOT_OBSERVED,37281294970200,493400,PITCH,0.05,-0.17,-0.2,0.0,0.0,0.0,0.0,0,1500,0,1,PID_ATTITUDE
405.739465,360-480_PITCH_MOTION_NOT_OBSERVED,37281388137600,493500,PITCH,0.03,-0.18,-0.21,0.0,0.0,0.0,0.0,0,1500,0,1,PID_ATTITUDE
405.832270,360-480_PITCH_MOTION_NOT_OBSERVED,37281480943400,493600,PITCH,0.03,-0.18,-0.21,0.0,0.0,0.0,0.0,0,1500,0,1,PID_ATTITUDE
405.886036,360-480_PITCH_MOTION_NOT_OBSERVED,37281534708700,493700,PITCH,0.03,-0.18,-0.2,0.0,0.0,0.0,0.0,0,1500,0,1,PID_ATTITUDE
406.033958,360-480_PITCH_MOTION_NOT_OBSERVED,37281682631300,493800,PITCH,0.03,-0.17,-0.2,0.0,0.0,0.0,0.0,0,1500,0,1,PID_ATTITUDE
406.141855,360-480_PITCH_MOTION_NOT_OBSERVED,37281790528300,493900,PITCH,0.03,-0.17,-0.2,0.0,0.0,0.0,0.0,0,1500,0,1,PID_ATTITUDE
406.236418,360-480_PITCH_MOTION_NOT_OBSERVED,37281885091000,494000,PITCH,0.03,-0.18,-0.2,0.0,0.0,0.0,0.0,0,1500,0,1,PID_ATTITUDE
406.346871,360-480_PITCH_MOTION_NOT_OBSERVED,37281995543600,494100,PITCH,0.04,-0.17,-0.2,0.0,0.0,0.0,0.0,0,1500,0,1,PID_ATTITUDE
406.440216,360-480_PITCH_MOTION_NOT_OBSERVED,37282088888600,494200,PITCH,0.04,-0.17,-0.2,0.0,0.0,0.0,0.0,0,1500,0,1,PID_ATTITUDE
406.534668,360-480_PITCH_MOTION_NOT_OBSERVED,37282183340400,494300,PITCH,0.04,-0.18,-0.21,0.0,0.0,0.0,0.0,0,1500,0,1,PID_ATTITUDE
406.642335,360-480_PITCH_MOTION_NOT_OBSERVED,37282291008100,494400,PITCH,0.04,-0.18,-0.21,0.0,0.0,0.0,0.0,0,1500,0,1,PID_ATTITUDE
406.736289,360-480_PITCH_MOTION_NOT_OBSERVED,37282384961400,494500,PITCH,0.04,-0.18,-0.21,0.0,0.0,0.0,0.0,0,1500,0,1,PID_ATTITUDE
406.844540,360-480_PITCH_MOTION_NOT_OBSERVED,37282493212800,494600,PITCH,0.05,-0.17,-0.2,0.0,0.0,0.0,0.0,0,1500,0,1,PID_ATTITUDE
406.885898,360-480_PITCH_MOTION_NOT_OBSERVED,37282534570600,494700,PITCH,0.04,-0.17,-0.2,0.0,0.0,0.0,0.0,0,1500,0,1,PID_ATTITUDE
407.045250,360-480_PITCH_MOTION_NOT_OBSERVED,37282693922600,494800,PITCH,0.04,-0.17,-0.2,0.0,0.0,0.0,0.0,0,1500,0,1,PID_ATTITUDE
407.138460,360-480_PITCH_MOTION_NOT_OBSERVED,37282787132800,494900,PITCH,0.03,-0.16,-0.19,0.0,0.0,0.0,0.0,0,1500,0,1,PID_ATTITUDE
407.246908,360-480_PITCH_MOTION_NOT_OBSERVED,37282895581000,495000,PITCH,0.03,-0.16,-0.19,0.0,0.0,0.0,0.0,0,1500,0,1,PID_ATTITUDE
407.340438,360-480_PITCH_MOTION_NOT_OBSERVED,37282989110500,495100,PITCH,0.03,-0.16,-0.19,0.0,0.0,0.0,0.0,0,1500,0,1,PID_ATTITUDE
407.432146,360-480_PITCH_MOTION_NOT_OBSERVED,37283080818800,495200,PITCH,0.03,-0.16,-0.19,0.0,0.0,0.0,0.0,0,1500,0,1,PID_ATTITUDE
407.540464,360-480_PITCH_MOTION_NOT_OBSERVED,37283189137400,495300,PITCH,0.04,-0.15,-0.18,0.0,0.0,0.0,0.0,0,1500,0,1,PID_ATTITUDE
407.634321,360-480_PITCH_MOTION_NOT_OBSERVED,37283282994400,495400,PITCH,0.04,-0.16,-0.19,0.0,0.0,0.0,0.0,0,1500,0,1,PID_ATTITUDE
407.744569,360-480_PITCH_MOTION_NOT_OBSERVED,37283393242200,495500,PITCH,0.05,-0.16,-0.19,0.0,0.0,0.0,0.0,0,1500,0,1,PID_ATTITUDE
407.838095,360-480_PITCH_MOTION_NOT_OBSERVED,37283486768000,495600,PITCH,0.05,-0.17,-0.2,0.0,0.0,0.0,0.0,0,1500,0,1,PID_ATTITUDE
407.885714,360-480_PITCH_MOTION_NOT_OBSERVED,37283534386700,495700,PITCH,0.04,-0.18,-0.21,0.0,0.0,0.0,0.0,0,1500,0,1,PID_ATTITUDE
408.042521,360-480_PITCH_MOTION_NOT_OBSERVED,37283691193500,495800,PITCH,0.03,-0.18,-0.21,0.0,0.0,0.0,0.0,0,1500,0,1,PID_ATTITUDE
408.136049,360-480_PITCH_MOTION_NOT_OBSERVED,37283784721500,495900,PITCH,0.02,-0.18,-0.21,0.0,0.0,0.0,0.0,0,1500,0,1,PID_ATTITUDE
408.245989,360-480_PITCH_MOTION_NOT_OBSERVED,37283894661800,496000,PITCH,0.02,-0.18,-0.21,0.0,0.0,0.0,0.0,0,1500,0,1,PID_ATTITUDE
408.340090,360-480_PITCH_MOTION_NOT_OBSERVED,37283988762700,496100,PITCH,0.03,-0.18,-0.21,0.0,0.0,0.0,0.0,0,1500,0,1,PID_ATTITUDE
408.435001,360-480_PITCH_MOTION_NOT_OBSERVED,37284083673500,496200,PITCH,0.03,-0.18,-0.21,0.0,0.0,0.0,0.0,0,1500,0,1,PID_ATTITUDE
408.543808,360-480_PITCH_MOTION_NOT_OBSERVED,37284192480500,496300,PITCH,0.03,-0.17,-0.2,0.0,0.0,0.0,0.0,0,1500,0,1,PID_ATTITUDE
408.637117,360-480_PITCH_MOTION_NOT_OBSERVED,37284285789600,496400,PITCH,0.03,-0.17,-0.2,0.0,0.0,0.0,0.0,0,1500,0,1,PID_ATTITUDE
408.746289,360-480_PITCH_MOTION_NOT_OBSERVED,37284394962100,496500,PITCH,0.03,-0.17,-0.19,0.0,0.0,0.0,0.0,0,1500,0,1,PID_ATTITUDE
408.838998,360-480_PITCH_MOTION_NOT_OBSERVED,37284487670900,496600,PITCH,0.03,-0.16,-0.19,0.0,0.0,0.0,0.0,0,1500,0,1,PID_ATTITUDE
408.885613,360-480_PITCH_MOTION_NOT_OBSERVED,37284534286400,496700,PITCH,0.03,-0.16,-0.2,0.0,0.0,0.0,0.0,0,1500,0,1,PID_ATTITUDE
409.040792,360-480_PITCH_MOTION_NOT_OBSERVED,37284689464900,496800,PITCH,0.04,-0.18,-0.21,0.0,0.0,0.0,0.0,0,1500,0,1,PID_ATTITUDE
409.133432,360-480_PITCH_MOTION_NOT_OBSERVED,37284782104800,496900,PITCH,0.04,-0.18,-0.21,0.0,0.0,0.0,0.0,0,1500,0,1,PID_ATTITUDE
409.242118,360-480_PITCH_MOTION_NOT_OBSERVED,37284890790400,497000,PITCH,0.03,-0.18,-0.21,0.0,0.0,0.0,0.0,0,1500,0,1,PID_ATTITUDE
409.334695,360-480_PITCH_MOTION_NOT_OBSERVED,37284983367500,497100,PITCH,0.03,-0.18,-0.21,0.0,0.0,0.0,0.0,0,1500,0,1,PID_ATTITUDE
409.443082,360-480_PITCH_MOTION_NOT_OBSERVED,37285091754700,497200,PITCH,0.02,-0.2,-0.23,0.0,0.0,0.0,0.0,0,1500,0,1,PID_ATTITUDE
409.537153,360-480_PITCH_MOTION_NOT_OBSERVED,37285185826300,497300,PITCH,0.03,-0.2,-0.23,0.0,0.0,0.0,0.0,0,1500,0,1,PID_ATTITUDE
409.645915,360-480_PITCH_MOTION_NOT_OBSERVED,37285294587800,497400,PITCH,0.03,-0.18,-0.21,0.0,0.0,0.0,0.0,0,1500,0,1,PID_ATTITUDE
409.739209,360-480_PITCH_MOTION_NOT_OBSERVED,37285387882100,497500,PITCH,0.03,-0.18,-0.2,0.0,0.0,0.0,0.0,0,1500,0,1,PID_ATTITUDE
409.831648,360-480_PITCH_MOTION_NOT_OBSERVED,37285480321000,497600,PITCH,0.04,-0.16,-0.19,0.0,0.0,0.0,0.0,0,1500,0,1,PID_ATTITUDE
409.885449,360-480_PITCH_MOTION_NOT_OBSERVED,37285534121700,497700,PITCH,0.04,-0.16,-0.19,0.0,0.0,0.0,0.0,0,1500,0,1,PID_ATTITUDE
410.032528,360-480_PITCH_MOTION_NOT_OBSERVED,37285681201300,497800,PITCH,0.05,-0.16,-0.19,0.0,0.0,0.0,0.0,0,1500,0,1,PID_ATTITUDE
410.141777,360-480_PITCH_MOTION_NOT_OBSERVED,37285790450200,497900,PITCH,0.06,-0.16,-0.19,0.0,0.0,0.0,0.0,0,1500,0,1,PID_ATTITUDE
410.234234,360-480_PITCH_MOTION_NOT_OBSERVED,37285882907100,498000,PITCH,0.06,-0.16,-0.19,0.0,0.0,0.0,0.0,0,1500,0,1,PID_ATTITUDE
410.344279,360-480_PITCH_MOTION_NOT_OBSERVED,37285992952000,498100,PITCH,0.05,-0.15,-0.18,0.0,0.0,0.0,0.0,0,1500,0,1,PID_ATTITUDE
410.437391,360-480_PITCH_MOTION_NOT_OBSERVED,37286086064100,498200,PITCH,0.05,-0.15,-0.18,0.0,0.0,0.0,0.0,0,1500,0,1,PID_ATTITUDE
410.544316,360-480_PITCH_MOTION_NOT_OBSERVED,37286192989100,498300,PITCH,0.05,-0.15,-0.18,0.0,0.0,0.0,0.0,0,1500,0,1,PID_ATTITUDE
410.637132,360-480_PITCH_MOTION_NOT_OBSERVED,37286285805000,498400,PITCH,0.04,-0.16,-0.19,0.0,0.0,0.0,0.0,0,1500,0,1,PID_ATTITUDE
410.746272,360-480_PITCH_MOTION_NOT_OBSERVED,37286394944800,498500,PITCH,0.04,-0.16,-0.19,0.0,0.0,0.0,0.0,0,1500,0,1,PID_ATTITUDE
410.838083,360-480_PITCH_MOTION_NOT_OBSERVED,37286486755800,498600,PITCH,0.05,-0.17,-0.2,0.0,0.0,0.0,0.0,0,1500,0,1,PID_ATTITUDE
410.885263,360-480_PITCH_MOTION_NOT_OBSERVED,37286533936100,498700,PITCH,0.04,-0.17,-0.2,0.0,0.0,0.0,0.0,0,1500,0,1,PID_ATTITUDE
411.040329,360-480_PITCH_MOTION_NOT_OBSERVED,37286689002400,498800,PITCH,0.04,-0.17,-0.2,0.0,0.0,0.0,0.0,0,1500,0,1,PID_ATTITUDE
411.133856,360-480_PITCH_MOTION_NOT_OBSERVED,37286782528700,498900,PITCH,0.04,-0.17,-0.2,0.0,0.0,0.0,0.0,0,1500,0,1,PID_ATTITUDE
411.241802,360-480_PITCH_MOTION_NOT_OBSERVED,37286890474400,499000,PITCH,0.04,-0.17,-0.2,0.0,0.0,0.0,0.0,0,1500,0,1,PID_ATTITUDE
411.335481,360-480_PITCH_MOTION_NOT_OBSERVED,37286984154100,499100,PITCH,0.05,-0.17,-0.2,0.0,0.0,0.0,0.0,0,1500,0,1,PID_ATTITUDE
411.444432,360-480_PITCH_MOTION_NOT_OBSERVED,37287093104700,499200,PITCH,0.04,-0.17,-0.2,0.0,0.0,0.0,0.0,0,1500,0,1,PID_ATTITUDE
411.537170,360-480_PITCH_MOTION_NOT_OBSERVED,37287185842700,499300,PITCH,0.03,-0.17,-0.2,0.0,0.0,0.0,0.0,0,1500,0,1,PID_ATTITUDE
411.646021,360-480_PITCH_MOTION_NOT_OBSERVED,37287294693600,499400,PITCH,0.03,-0.18,-0.21,0.0,0.0,0.0,0.0,0,1500,0,1,PID_ATTITUDE
411.740172,360-480_PITCH_MOTION_NOT_OBSERVED,37287388844500,499500,PITCH,0.02,-0.18,-0.21,0.0,0.0,0.0,0.0,0,1500,0,1,PID_ATTITUDE
411.833882,360-480_PITCH_MOTION_NOT_OBSERVED,37287482555300,499600,PITCH,0.02,-0.17,-0.2,0.0,0.0,0.0,0.0,0,1500,0,1,PID_ATTITUDE
411.885105,360-480_PITCH_MOTION_NOT_OBSERVED,37287533777800,499700,PITCH,0.03,-0.18,-0.21,0.0,0.0,0.0,0.0,0,1500,0,1,PID_ATTITUDE
412.035654,360-480_PITCH_MOTION_NOT_OBSERVED,37287684326600,499800,PITCH,0.04,-0.17,-0.2,0.0,0.0,0.0,0.0,0,1500,0,1,PID_ATTITUDE
412.144619,360-480_PITCH_MOTION_NOT_OBSERVED,37287793291800,499900,PITCH,0.04,-0.17,-0.2,0.0,0.0,0.0,0.0,0,1500,0,1,PID_ATTITUDE
412.238500,360-480_PITCH_MOTION_NOT_OBSERVED,37287887172700,500000,PITCH,0.04,-0.18,-0.21,0.0,0.0,0.0,0.0,0,1500,0,1,PID_ATTITUDE
412.332232,360-480_PITCH_MOTION_NOT_OBSERVED,37287980904700,500100,PITCH,0.04,-0.18,-0.2,0.0,0.0,0.0,0.0,0,1500,0,1,PID_ATTITUDE
412.441464,360-480_PITCH_MOTION_NOT_OBSERVED,37288090136700,500200,PITCH,0.04,-0.17,-0.2,0.0,0.0,0.0,0.0,0,1500,0,1,PID_ATTITUDE
412.534225,360-480_PITCH_MOTION_NOT_OBSERVED,37288182897700,500300,PITCH,0.03,-0.18,-0.21,0.0,0.0,0.0,0.0,0,1500,0,1,PID_ATTITUDE
412.643340,360-480_PITCH_MOTION_NOT_OBSERVED,37288292012800,500400,PITCH,0.03,-0.17,-0.2,0.0,0.0,0.0,0.0,0,1500,0,1,PID_ATTITUDE
412.736965,360-480_PITCH_MOTION_NOT_OBSERVED,37288385638200,500500,PITCH,0.04,-0.18,-0.21,0.0,0.0,0.0,0.0,0,1500,0,1,PID_ATTITUDE
412.830430,360-480_PITCH_MOTION_NOT_OBSERVED,37288479102600,500600,PITCH,0.05,-0.19,-0.22,0.0,0.0,0.0,0.0,0,1500,0,1,PID_ATTITUDE
412.884972,360-480_PITCH_MOTION_NOT_OBSERVED,37288533645000,500700,PITCH,0.04,-0.18,-0.21,0.0,0.0,0.0,0.0,0,1500,0,1,PID_ATTITUDE
413.031817,360-480_PITCH_MOTION_NOT_OBSERVED,37288680490300,500800,PITCH,0.04,-0.18,-0.21,0.0,0.0,0.0,0.0,0,1500,0,1,PID_ATTITUDE
413.138586,360-480_PITCH_MOTION_NOT_OBSERVED,37288787258700,500900,PITCH,0.05,-0.18,-0.21,0.0,0.0,0.0,0.0,0,1500,0,1,PID_ATTITUDE
413.232240,360-480_PITCH_MOTION_NOT_OBSERVED,37288880912700,501000,PITCH,0.05,-0.16,-0.19,0.0,0.0,0.0,0.0,0,1500,0,1,PID_ATTITUDE
413.340421,360-480_PITCH_MOTION_NOT_OBSERVED,37288989093900,501100,PITCH,0.05,-0.16,-0.19,0.0,0.0,0.0,0.0,0,1500,0,1,PID_ATTITUDE
413.434447,360-480_PITCH_MOTION_NOT_OBSERVED,37289083119600,501200,PITCH,0.06,-0.16,-0.19,0.0,0.0,0.0,0.0,0,1500,0,1,PID_ATTITUDE
413.543991,360-480_PITCH_MOTION_NOT_OBSERVED,37289192663400,501300,PITCH,0.05,-0.15,-0.18,0.0,0.0,0.0,0.0,0,1500,0,1,PID_ATTITUDE
413.636661,360-480_PITCH_MOTION_NOT_OBSERVED,37289285334000,501400,PITCH,0.04,-0.14,-0.17,0.0,0.0,0.0,0.0,0,1500,0,1,PID_ATTITUDE
413.746283,360-480_PITCH_MOTION_NOT_OBSERVED,37289394955900,501500,PITCH,0.05,-0.14,-0.17,0.0,0.0,0.0,0.0,0,1500,0,1,PID_ATTITUDE
413.838462,360-480_PITCH_MOTION_NOT_OBSERVED,37289487135400,501600,PITCH,0.05,-0.15,-0.18,0.0,0.0,0.0,0.0,0,1500,0,1,PID_ATTITUDE
413.885018,360-480_PITCH_MOTION_NOT_OBSERVED,37289533690500,501700,PITCH,0.04,-0.15,-0.18,0.0,0.0,0.0,0.0,0,1500,0,1,PID_ATTITUDE
414.040386,360-480_PITCH_MOTION_NOT_OBSERVED,37289689058900,501800,PITCH,0.04,-0.15,-0.18,0.0,0.0,0.0,0.0,0,1500,0,1,PID_ATTITUDE
414.135424,360-480_PITCH_MOTION_NOT_OBSERVED,37289784097400,501900,PITCH,0.03,-0.15,-0.18,0.0,0.0,0.0,0.0,0,1500,0,1,PID_ATTITUDE
414.244496,360-480_PITCH_MOTION_NOT_OBSERVED,37289893169200,502000,PITCH,0.03,-0.14,-0.17,0.0,0.0,0.0,0.0,0,1500,0,1,PID_ATTITUDE
414.339583,360-480_PITCH_MOTION_NOT_OBSERVED,37289988255400,502100,PITCH,0.03,-0.14,-0.17,0.0,0.0,0.0,0.0,0,1500,0,1,PID_ATTITUDE
414.431976,360-480_PITCH_MOTION_NOT_OBSERVED,37290080649100,502200,PITCH,0.03,-0.15,-0.18,0.0,0.0,0.0,0.0,0,1500,0,1,PID_ATTITUDE
414.539988,360-480_PITCH_MOTION_NOT_OBSERVED,37290188660700,502300,PITCH,0.03,-0.15,-0.18,0.0,0.0,0.0,0.0,0,1500,0,1,PID_ATTITUDE
414.634104,360-480_PITCH_MOTION_NOT_OBSERVED,37290282777300,502400,PITCH,0.03,-0.16,-0.19,0.0,0.0,0.0,0.0,0,1500,0,1,PID_ATTITUDE
414.741776,360-480_PITCH_MOTION_NOT_OBSERVED,37290390448600,502500,PITCH,0.04,-0.17,-0.2,0.0,0.0,0.0,0.0,0,1500,0,1,PID_ATTITUDE
414.834560,360-480_PITCH_MOTION_NOT_OBSERVED,37290483233200,502600,PITCH,0.04,-0.16,-0.19,0.0,0.0,0.0,0.0,0,1500,0,1,PID_ATTITUDE
414.884500,360-480_PITCH_MOTION_NOT_OBSERVED,37290533172700,502700,PITCH,0.04,-0.16,-0.19,0.0,0.0,0.0,0.0,0,1500,0,1,PID_ATTITUDE
415.038464,360-480_PITCH_MOTION_NOT_OBSERVED,37290687137300,502800,PITCH,0.03,-0.16,-0.19,0.0,0.0,0.0,0.0,0,1500,0,1,PID_ATTITUDE
415.132007,360-480_PITCH_MOTION_NOT_OBSERVED,37290780680100,502900,PITCH,0.03,-0.17,-0.2,0.0,0.0,0.0,0.0,0,1500,0,1,PID_ATTITUDE
415.239542,360-480_PITCH_MOTION_NOT_OBSERVED,37290888215100,503000,PITCH,0.02,-0.16,-0.19,0.0,0.0,0.0,0.0,0,1500,0,1,PID_ATTITUDE
415.333723,360-480_PITCH_MOTION_NOT_OBSERVED,37290982395600,503100,PITCH,0.01,-0.15,-0.18,0.0,0.0,0.0,0.0,0,1500,0,1,PID_ATTITUDE
415.443453,360-480_PITCH_MOTION_NOT_OBSERVED,37291092125800,503200,PITCH,0.02,-0.15,-0.18,0.0,0.0,0.0,0.0,0,1500,0,1,PID_ATTITUDE
415.537483,360-480_PITCH_MOTION_NOT_OBSERVED,37291186155900,503300,PITCH,0.01,-0.14,-0.17,0.0,0.0,0.0,0.0,0,1500,0,1,PID_ATTITUDE
415.631916,360-480_PITCH_MOTION_NOT_OBSERVED,37291280588500,503400,PITCH,0.0,-0.13,-0.16,0.0,0.0,0.0,0.0,0,1500,0,1,PID_ATTITUDE
415.739790,360-480_PITCH_MOTION_NOT_OBSERVED,37291388462900,503500,PITCH,0.0,-0.14,-0.17,0.0,0.0,0.0,0.0,0,1500,0,1,PID_ATTITUDE
415.832831,360-480_PITCH_MOTION_NOT_OBSERVED,37291481504000,503600,PITCH,-0.01,-0.15,-0.18,0.0,0.0,0.0,0.0,0,1500,0,1,PID_ATTITUDE
415.884504,360-480_PITCH_MOTION_NOT_OBSERVED,37291533177200,503700,PITCH,0.0,-0.15,-0.18,0.0,0.0,0.0,0.0,0,1500,0,1,PID_ATTITUDE
416.035631,360-480_PITCH_MOTION_NOT_OBSERVED,37291684303900,503800,PITCH,0.0,-0.15,-0.18,0.0,0.0,0.0,0.0,0,1500,0,1,PID_ATTITUDE
416.144454,360-480_PITCH_MOTION_NOT_OBSERVED,37291793126700,503900,PITCH,-0.01,-0.16,-0.19,0.0,0.0,0.0,0.0,0,1500,0,1,PID_ATTITUDE
416.236643,360-480_PITCH_MOTION_NOT_OBSERVED,37291885315400,504000,PITCH,0.0,-0.17,-0.2,0.0,0.0,0.0,0.0,0,1500,0,1,PID_ATTITUDE
416.345671,360-480_PITCH_MOTION_NOT_OBSERVED,37291994343900,504100,PITCH,0.0,-0.18,-0.21,0.0,0.0,0.0,0.0,0,1500,0,1,PID_ATTITUDE
416.438996,360-480_PITCH_MOTION_NOT_OBSERVED,37292087669300,504200,PITCH,0.0,-0.18,-0.21,0.0,0.0,0.0,0.0,0,1500,0,1,PID_ATTITUDE
416.531186,360-480_PITCH_MOTION_NOT_OBSERVED,37292179858900,504300,PITCH,0.01,-0.18,-0.21,0.0,0.0,0.0,0.0,0,1500,0,1,PID_ATTITUDE
416.641573,360-480_PITCH_MOTION_NOT_OBSERVED,37292290245500,504400,PITCH,0.01,-0.18,-0.21,0.0,0.0,0.0,0.0,0,1500,0,1,PID_ATTITUDE
416.735245,360-480_PITCH_MOTION_NOT_OBSERVED,37292383917600,504500,PITCH,0.01,-0.16,-0.19,0.0,0.0,0.0,0.0,0,1500,0,1,PID_ATTITUDE
416.842904,360-480_PITCH_MOTION_NOT_OBSERVED,37292491577200,504600,PITCH,0.01,-0.16,-0.19,0.0,0.0,0.0,0.0,0,1500,0,1,PID_ATTITUDE
416.884355,360-480_PITCH_MOTION_NOT_OBSERVED,37292533027600,504700,PITCH,0.02,-0.16,-0.19,0.0,0.0,0.0,0.0,0,1500,0,1,PID_ATTITUDE
417.030238,360-480_PITCH_MOTION_NOT_OBSERVED,37292678910800,504800,PITCH,0.03,-0.17,-0.2,0.0,0.0,0.0,0.0,0,1500,0,1,PID_ATTITUDE
417.138634,360-480_PITCH_MOTION_NOT_OBSERVED,37292787307000,504900,PITCH,0.03,-0.18,-0.21,0.0,0.0,0.0,0.0,0,1500,0,1,PID_ATTITUDE
417.231362,360-480_PITCH_MOTION_NOT_OBSERVED,37292880035100,505000,PITCH,0.03,-0.19,-0.22,0.0,0.0,0.0,0.0,0,1500,0,1,PID_ATTITUDE
417.341189,360-480_PITCH_MOTION_NOT_OBSERVED,37292989862200,505100,PITCH,0.03,-0.18,-0.21,0.0,0.0,0.0,0.0,0,1500,0,1,PID_ATTITUDE
417.434747,360-480_PITCH_MOTION_NOT_OBSERVED,37293083419800,505200,PITCH,0.03,-0.18,-0.21,0.0,0.0,0.0,0.0,0,1500,0,1,PID_ATTITUDE
417.542687,360-480_PITCH_MOTION_NOT_OBSERVED,37293191360300,505300,PITCH,0.03,-0.17,-0.2,0.0,0.0,0.0,0.0,0,1500,0,1,PID_ATTITUDE
417.636364,360-480_PITCH_MOTION_NOT_OBSERVED,37293285037000,505400,PITCH,0.02,-0.18,-0.21,0.0,0.0,0.0,0.0,0,1500,0,1,PID_ATTITUDE
417.730045,360-480_PITCH_MOTION_NOT_OBSERVED,37293378717900,505500,PITCH,0.01,-0.18,-0.21,0.0,0.0,0.0,0.0,0,1500,0,1,PID_ATTITUDE
417.839174,360-480_PITCH_MOTION_NOT_OBSERVED,37293487847200,505600,PITCH,0.01,-0.18,-0.21,0.0,0.0,0.0,0.0,0,1500,0,1,PID_ATTITUDE
417.884233,360-480_PITCH_MOTION_NOT_OBSERVED,37293532906300,505700,PITCH,0.02,-0.18,-0.21,0.0,0.0,0.0,0.0,0,1500,0,1,PID_ATTITUDE
418.041963,360-480_PITCH_MOTION_NOT_OBSERVED,37293690636000,505800,PITCH,0.02,-0.17,-0.19,0.0,0.0,0.0,0.0,0,1500,0,1,PID_ATTITUDE
418.134260,360-480_PITCH_MOTION_NOT_OBSERVED,37293782932800,505900,PITCH,0.03,-0.16,-0.19,0.0,0.0,0.0,0.0,0,1500,0,1,PID_ATTITUDE
418.242295,360-480_PITCH_MOTION_NOT_OBSERVED,37293890967400,506000,PITCH,0.02,-0.16,-0.19,0.0,0.0,0.0,0.0,0,1500,0,1,PID_ATTITUDE
418.335384,360-480_PITCH_MOTION_NOT_OBSERVED,37293984056800,506100,PITCH,0.02,-0.16,-0.19,0.0,0.0,0.0,0.0,0,1500,0,1,PID_ATTITUDE
418.443603,360-480_PITCH_MOTION_NOT_OBSERVED,37294092275700,506200,PITCH,0.02,-0.15,-0.18,0.0,0.0,0.0,0.0,0,1500,0,1,PID_ATTITUDE
418.537116,360-480_PITCH_MOTION_NOT_OBSERVED,37294185789300,506300,PITCH,0.02,-0.15,-0.18,0.0,0.0,0.0,0.0,0,1500,0,1,PID_ATTITUDE
418.631676,360-480_PITCH_MOTION_NOT_OBSERVED,37294280349000,506400,PITCH,0.02,-0.15,-0.18,0.0,0.0,0.0,0.0,0,1500,0,1,PID_ATTITUDE
418.741748,360-480_PITCH_MOTION_NOT_OBSERVED,37294390420900,506500,PITCH,0.03,-0.15,-0.18,0.0,0.0,0.0,0.0,0,1500,0,1,PID_ATTITUDE
418.834206,360-480_PITCH_MOTION_NOT_OBSERVED,37294482879400,506600,PITCH,0.04,-0.16,-0.19,0.0,0.0,0.0,0.0,0,1500,0,1,PID_ATTITUDE
418.884090,360-480_PITCH_MOTION_NOT_OBSERVED,37294532763300,506700,PITCH,0.04,-0.16,-0.19,0.0,0.0,0.0,0.0,0,1500,0,1,PID_ATTITUDE
419.038335,360-480_PITCH_MOTION_NOT_OBSERVED,37294687008000,506800,PITCH,0.03,-0.16,-0.19,0.0,0.0,0.0,0.0,0,1500,0,1,PID_ATTITUDE
419.131852,360-480_PITCH_MOTION_NOT_OBSERVED,37294780525100,506900,PITCH,0.03,-0.16,-0.19,0.0,0.0,0.0,0.0,0,1500,0,1,PID_ATTITUDE
419.241995,360-480_PITCH_MOTION_NOT_OBSERVED,37294890668200,507000,PITCH,0.03,-0.16,-0.19,0.0,0.0,0.0,0.0,0,1500,0,1,PID_ATTITUDE
419.334685,360-480_PITCH_MOTION_NOT_OBSERVED,37294983357900,507100,PITCH,0.02,-0.17,-0.2,0.0,0.0,0.0,0.0,0,1500,0,1,PID_ATTITUDE
419.443279,360-480_PITCH_MOTION_NOT_OBSERVED,37295091951800,507200,PITCH,0.02,-0.17,-0.21,0.0,0.0,0.0,0.0,0,1500,0,1,PID_ATTITUDE
419.536737,360-480_PITCH_MOTION_NOT_OBSERVED,37295185409500,507300,PITCH,0.03,-0.18,-0.21,0.0,0.0,0.0,0.0,0,1500,0,1,PID_ATTITUDE
419.629862,360-480_PITCH_MOTION_NOT_OBSERVED,37295278534900,507400,PITCH,0.04,-0.18,-0.22,0.0,0.0,0.0,0.0,0,1500,0,1,PID_ATTITUDE
419.737068,360-480_PITCH_MOTION_NOT_OBSERVED,37295385740800,507500,PITCH,0.04,-0.18,-0.22,0.0,0.0,0.0,0.0,0,1500,0,1,PID_ATTITUDE
419.831560,360-480_PITCH_MOTION_NOT_OBSERVED,37295480233100,507600,PITCH,0.02,-0.19,-0.22,0.0,0.0,0.0,0.0,0,1500,0,1,PID_ATTITUDE
419.884190,360-480_PITCH_MOTION_NOT_OBSERVED,37295532863000,507700,PITCH,0.02,-0.18,-0.21,0.0,0.0,0.0,0.0,0,1500,0,1,PID_ATTITUDE
420.032848,360-480_PITCH_MOTION_NOT_OBSERVED,37295681521000,507800,PITCH,0.04,-0.18,-0.21,0.0,0.0,0.0,0.0,0,1500,0,1,PID_ATTITUDE
420.142463,360-480_PITCH_MOTION_NOT_OBSERVED,37295791135500,507900,PITCH,0.03,-0.17,-0.2,0.0,0.0,0.0,0.0,0,1500,0,1,PID_ATTITUDE
420.235904,360-480_PITCH_MOTION_NOT_OBSERVED,37295884576700,508000,PITCH,0.02,-0.17,-0.2,0.0,0.0,0.0,0.0,0,1500,0,1,PID_ATTITUDE
420.343752,360-480_PITCH_MOTION_NOT_OBSERVED,37295992424900,508100,PITCH,0.0,-0.17,-0.2,0.0,0.0,0.0,0.0,0,1500,0,1,PID_ATTITUDE
420.436316,360-480_PITCH_MOTION_NOT_OBSERVED,37296084988700,508200,PITCH,-0.01,-0.17,-0.2,0.0,0.0,0.0,0.0,0,1500,0,1,PID_ATTITUDE
420.543477,360-480_PITCH_MOTION_NOT_OBSERVED,37296192150400,508300,PITCH,-0.01,-0.16,-0.19,0.0,0.0,0.0,0.0,0,1500,0,1,PID_ATTITUDE
420.634918,360-480_PITCH_MOTION_NOT_OBSERVED,37296283590600,508400,PITCH,-0.01,-0.17,-0.2,0.0,0.0,0.0,0.0,0,1500,0,1,PID_ATTITUDE
420.744773,360-480_PITCH_MOTION_NOT_OBSERVED,37296393445600,508500,PITCH,-0.01,-0.17,-0.2,0.0,0.0,0.0,0.0,0,1500,0,1,PID_ATTITUDE
420.838428,360-480_PITCH_MOTION_NOT_OBSERVED,37296487100500,508600,PITCH,-0.01,-0.16,-0.19,0.0,0.0,0.0,0.0,0,1500,0,1,PID_ATTITUDE
420.883862,360-480_PITCH_MOTION_NOT_OBSERVED,37296532535000,508700,PITCH,0.0,-0.15,-0.18,0.0,0.0,0.0,0.0,0,1500,0,1,PID_ATTITUDE
421.039538,360-480_PITCH_MOTION_NOT_OBSERVED,37296688210800,508800,PITCH,0.01,-0.15,-0.18,0.0,0.0,0.0,0.0,0,1500,0,1,PID_ATTITUDE
421.133818,360-480_PITCH_MOTION_NOT_OBSERVED,37296782491300,508900,PITCH,0.02,-0.15,-0.18,0.0,0.0,0.0,0.0,0,1500,0,1,PID_ATTITUDE
421.242586,360-480_PITCH_MOTION_NOT_OBSERVED,37296891258900,509000,PITCH,0.03,-0.15,-0.18,0.0,0.0,0.0,0.0,0,1500,0,1,PID_ATTITUDE
421.335929,360-480_PITCH_MOTION_NOT_OBSERVED,37296984601500,509100,PITCH,0.03,-0.16,-0.19,0.0,0.0,0.0,0.0,0,1500,0,1,PID_ATTITUDE
421.444357,360-480_PITCH_MOTION_NOT_OBSERVED,37297093030300,509200,PITCH,0.04,-0.15,-0.18,0.0,0.0,0.0,0.0,0,1500,0,1,PID_ATTITUDE
421.538030,360-480_PITCH_MOTION_NOT_OBSERVED,37297186702800,509300,PITCH,0.03,-0.15,-0.18,0.0,0.0,0.0,0.0,0,1500,0,1,PID_ATTITUDE
421.631560,360-480_PITCH_MOTION_NOT_OBSERVED,37297280233200,509400,PITCH,0.03,-0.15,-0.18,0.0,0.0,0.0,0.0,0,1500,0,1,PID_ATTITUDE
421.740253,360-480_PITCH_MOTION_NOT_OBSERVED,37297388925500,509500,PITCH,0.02,-0.16,-0.19,0.0,0.0,0.0,0.0,0,1500,0,1,PID_ATTITUDE
421.833865,360-480_PITCH_MOTION_NOT_OBSERVED,37297482538100,509600,PITCH,0.01,-0.16,-0.2,0.0,0.0,0.0,0.0,0,1500,0,1,PID_ATTITUDE
421.883453,360-480_PITCH_MOTION_NOT_OBSERVED,37297532125700,509700,PITCH,0.0,-0.18,-0.21,0.0,0.0,0.0,0.0,0,1500,0,1,PID_ATTITUDE
422.038328,360-480_PITCH_MOTION_NOT_OBSERVED,37297687001400,509800,PITCH,0.0,-0.17,-0.2,0.0,0.0,0.0,0.0,0,1500,0,1,PID_ATTITUDE
422.131147,360-480_PITCH_MOTION_NOT_OBSERVED,37297779819900,509900,PITCH,0.01,-0.16,-0.19,0.0,0.0,0.0,0.0,0,1500,0,1,PID_ATTITUDE
422.241383,360-480_PITCH_MOTION_NOT_OBSERVED,37297890056100,510000,PITCH,0.01,-0.16,-0.19,0.0,0.0,0.0,0.0,0,1500,0,1,PID_ATTITUDE
422.334736,360-480_PITCH_MOTION_NOT_OBSERVED,37297983408500,510100,PITCH,0.01,-0.17,-0.2,0.0,0.0,0.0,0.0,0,1500,0,1,PID_ATTITUDE
422.443058,360-480_PITCH_MOTION_NOT_OBSERVED,37298091730600,510200,PITCH,0.01,-0.16,-0.18,0.0,0.0,0.0,0.0,0,1500,0,1,PID_ATTITUDE
422.536660,360-480_PITCH_MOTION_NOT_OBSERVED,37298185332900,510300,PITCH,0.01,-0.15,-0.18,0.0,0.0,0.0,0.0,0,1500,0,1,PID_ATTITUDE
422.630559,360-480_PITCH_MOTION_NOT_OBSERVED,37298279232200,510400,PITCH,0.01,-0.15,-0.18,0.0,0.0,0.0,0.0,0,1500,0,1,PID_ATTITUDE
422.739661,360-480_PITCH_MOTION_NOT_OBSERVED,37298388334200,510500,PITCH,0.01,-0.16,-0.19,0.0,0.0,0.0,0.0,0,1500,0,1,PID_ATTITUDE
422.833725,360-480_PITCH_MOTION_NOT_OBSERVED,37298482397500,510600,PITCH,0.01,-0.15,-0.18,0.0,0.0,0.0,0.0,0,1500,0,1,PID_ATTITUDE
422.883292,360-480_PITCH_MOTION_NOT_OBSERVED,37298531965300,510700,PITCH,0.01,-0.15,-0.18,0.0,0.0,0.0,0.0,0,1500,0,1,PID_ATTITUDE
423.036903,360-480_PITCH_MOTION_NOT_OBSERVED,37298685576100,510800,PITCH,0.02,-0.15,-0.18,0.0,0.0,0.0,0.0,0,1500,0,1,PID_ATTITUDE
423.130276,360-480_PITCH_MOTION_NOT_OBSERVED,37298778948500,510900,PITCH,0.01,-0.14,-0.17,0.0,0.0,0.0,0.0,0,1500,0,1,PID_ATTITUDE
423.239292,360-480_PITCH_MOTION_NOT_OBSERVED,37298887964600,511000,PITCH,0.0,-0.14,-0.17,0.0,0.0,0.0,0.0,0,1500,0,1,PID_ATTITUDE
423.333371,360-480_PITCH_MOTION_NOT_OBSERVED,37298982043600,511100,PITCH,0.0,-0.15,-0.18,0.0,0.0,0.0,0.0,0,1500,0,1,PID_ATTITUDE
423.442226,360-480_PITCH_MOTION_NOT_OBSERVED,37299090898700,511200,PITCH,0.0,-0.17,-0.19,0.0,0.0,0.0,0.0,0,1500,0,1,PID_ATTITUDE
423.535550,360-480_PITCH_MOTION_NOT_OBSERVED,37299184222700,511300,PITCH,0.01,-0.16,-0.19,0.0,0.0,0.0,0.0,0,1500,0,1,PID_ATTITUDE
423.630575,360-480_PITCH_MOTION_NOT_OBSERVED,37299279247500,511400,PITCH,0.01,-0.15,-0.18,0.0,0.0,0.0,0.0,0,1500,0,1,PID_ATTITUDE
423.739455,360-480_PITCH_MOTION_NOT_OBSERVED,37299388127900,511500,PITCH,0.01,-0.16,-0.19,0.0,0.0,0.0,0.0,0,1500,0,1,PID_ATTITUDE
423.831656,360-480_PITCH_MOTION_NOT_OBSERVED,37299480328500,511600,PITCH,0.01,-0.17,-0.2,0.0,0.0,0.0,0.0,0,1500,0,1,PID_ATTITUDE
423.883323,360-480_PITCH_MOTION_NOT_OBSERVED,37299531995600,511700,PITCH,0.01,-0.17,-0.2,0.0,0.0,0.0,0.0,0,1500,0,1,PID_ATTITUDE
424.034004,360-480_PITCH_MOTION_NOT_OBSERVED,37299682677200,511800,PITCH,0.02,-0.17,-0.2,0.0,0.0,0.0,0.0,0,1500,0,1,PID_ATTITUDE
424.143307,360-480_PITCH_MOTION_NOT_OBSERVED,37299791980200,511900,PITCH,0.03,-0.16,-0.19,0.0,0.0,0.0,0.0,0,1500,0,1,PID_ATTITUDE
424.236059,360-480_PITCH_MOTION_NOT_OBSERVED,37299884732000,512000,PITCH,0.02,-0.16,-0.19,0.0,0.0,0.0,0.0,0,1500,0,1,PID_ATTITUDE
424.330293,360-480_PITCH_MOTION_NOT_OBSERVED,37299978966400,512100,PITCH,0.01,-0.15,-0.19,0.0,0.0,0.0,0.0,0,1500,0,1,PID_ATTITUDE
424.440749,360-480_PITCH_MOTION_NOT_OBSERVED,37300089422100,512200,PITCH,0.02,-0.16,-0.19,0.0,0.0,0.0,0.0,0,1500,0,1,PID_ATTITUDE
424.534090,360-480_PITCH_MOTION_NOT_OBSERVED,37300182762900,512300,PITCH,0.02,-0.17,-0.2,0.0,0.0,0.0,0.0,0,1500,0,1,PID_ATTITUDE
424.642980,360-480_PITCH_MOTION_NOT_OBSERVED,37300291653000,512400,PITCH,0.03,-0.19,-0.22,0.0,0.0,0.0,0.0,0,1500,0,1,PID_ATTITUDE
424.736091,360-480_PITCH_MOTION_NOT_OBSERVED,37300384764400,512500,PITCH,0.03,-0.19,-0.22,0.0,0.0,0.0,0.0,0,1500,0,1,PID_ATTITUDE
424.843176,360-480_PITCH_MOTION_NOT_OBSERVED,37300491848500,512600,PITCH,0.03,-0.19,-0.22,0.0,0.0,0.0,0.0,0,1500,0,1,PID_ATTITUDE
424.883169,360-480_PITCH_MOTION_NOT_OBSERVED,37300531842100,512700,PITCH,0.04,-0.19,-0.22,0.0,0.0,0.0,0.0,0,1500,0,1,PID_ATTITUDE
425.030494,360-480_PITCH_MOTION_NOT_OBSERVED,37300679167400,512800,PITCH,0.04,-0.18,-0.21,0.0,0.0,0.0,0.0,0,1500,0,1,PID_ATTITUDE
425.140623,360-480_PITCH_MOTION_NOT_OBSERVED,37300789295600,512900,PITCH,0.03,-0.18,-0.21,0.0,0.0,0.0,0.0,0,1500,0,1,PID_ATTITUDE
425.234906,360-480_PITCH_MOTION_NOT_OBSERVED,37300883579000,513000,PITCH,0.03,-0.17,-0.2,0.0,0.0,0.0,0.0,0,1500,0,1,PID_ATTITUDE
425.343202,360-480_PITCH_MOTION_NOT_OBSERVED,37300991875100,513100,PITCH,0.02,-0.17,-0.2,0.0,0.0,0.0,0.0,0,1500,0,1,PID_ATTITUDE
425.438211,360-480_PITCH_MOTION_NOT_OBSERVED,37301086883500,513200,PITCH,0.02,-0.17,-0.2,0.0,0.0,0.0,0.0,0,1500,0,1,PID_ATTITUDE
425.531078,360-480_PITCH_MOTION_NOT_OBSERVED,37301179750600,513300,PITCH,0.02,-0.17,-0.2,0.0,0.0,0.0,0.0,0,1500,0,1,PID_ATTITUDE
425.640310,360-480_PITCH_MOTION_NOT_OBSERVED,37301288983400,513400,PITCH,0.02,-0.16,-0.19,0.0,0.0,0.0,0.0,0,1500,0,1,PID_ATTITUDE
425.734614,360-480_PITCH_MOTION_NOT_OBSERVED,37301383287100,513500,PITCH,0.02,-0.16,-0.19,0.0,0.0,0.0,0.0,0,1500,0,1,PID_ATTITUDE
425.842816,360-480_PITCH_MOTION_NOT_OBSERVED,37301491489000,513600,PITCH,0.03,-0.16,-0.19,0.0,0.0,0.0,0.0,0,1500,0,1,PID_ATTITUDE
425.883049,360-480_PITCH_MOTION_NOT_OBSERVED,37301531721600,513700,PITCH,0.03,-0.16,-0.19,0.0,0.0,0.0,0.0,0,1500,0,1,PID_ATTITUDE
426.029324,360-480_PITCH_MOTION_NOT_OBSERVED,37301677997000,513800,PITCH,0.03,-0.16,-0.19,0.0,0.0,0.0,0.0,0,1500,0,1,PID_ATTITUDE
426.137572,360-480_PITCH_MOTION_NOT_OBSERVED,37301786244900,513900,PITCH,0.04,-0.16,-0.19,0.0,0.0,0.0,0.0,0,1500,0,1,PID_ATTITUDE
426.230791,360-480_PITCH_MOTION_NOT_OBSERVED,37301879463400,514000,PITCH,0.03,-0.16,-0.19,0.0,0.0,0.0,0.0,0,1500,0,1,PID_ATTITUDE
426.339652,360-480_PITCH_MOTION_NOT_OBSERVED,37301988325100,514100,PITCH,0.03,-0.17,-0.2,0.0,0.0,0.0,0.0,0,1500,0,1,PID_ATTITUDE
426.432563,360-480_PITCH_MOTION_NOT_OBSERVED,37302081235400,514200,PITCH,0.02,-0.17,-0.2,0.0,0.0,0.0,0.0,0,1500,0,1,PID_ATTITUDE
426.541006,360-480_PITCH_MOTION_NOT_OBSERVED,37302189679000,514300,PITCH,0.02,-0.17,-0.2,0.0,0.0,0.0,0.0,0,1500,0,1,PID_ATTITUDE
426.635491,360-480_PITCH_MOTION_NOT_OBSERVED,37302284163600,514400,PITCH,0.02,-0.17,-0.2,0.0,0.0,0.0,0.0,0,1500,0,1,PID_ATTITUDE
426.729042,360-480_PITCH_MOTION_NOT_OBSERVED,37302377715000,514500,PITCH,0.02,-0.18,-0.21,0.0,0.0,0.0,0.0,0,1500,0,1,PID_ATTITUDE
426.838363,360-480_PITCH_MOTION_NOT_OBSERVED,37302487035800,514600,PITCH,0.02,-0.18,-0.22,0.0,0.0,0.0,0.0,0,1500,0,1,PID_ATTITUDE
426.882867,360-480_PITCH_MOTION_NOT_OBSERVED,37302531539700,514700,PITCH,0.01,-0.18,-0.21,0.0,0.0,0.0,0.0,0,1500,0,1,PID_ATTITUDE
427.042240,360-480_PITCH_MOTION_NOT_OBSERVED,37302690912900,514800,PITCH,0.01,-0.18,-0.21,0.0,0.0,0.0,0.0,0,1500,0,1,PID_ATTITUDE
427.134897,360-480_PITCH_MOTION_NOT_OBSERVED,37302783569800,514900,PITCH,0.01,-0.17,-0.2,0.0,0.0,0.0,0.0,0,1500,0,1,PID_ATTITUDE
427.244084,360-480_PITCH_MOTION_NOT_OBSERVED,37302892756900,515000,PITCH,0.02,-0.17,-0.2,0.0,0.0,0.0,0.0,0,1500,0,1,PID_ATTITUDE
427.338036,360-480_PITCH_MOTION_NOT_OBSERVED,37302986709300,515100,PITCH,0.03,-0.17,-0.2,0.0,0.0,0.0,0.0,0,1500,0,1,PID_ATTITUDE
427.430897,360-480_PITCH_MOTION_NOT_OBSERVED,37303079569400,515200,PITCH,0.03,-0.17,-0.2,0.0,0.0,0.0,0.0,0,1500,0,1,PID_ATTITUDE
427.538657,360-480_PITCH_MOTION_NOT_OBSERVED,37303187329500,515300,PITCH,0.02,-0.16,-0.18,0.0,0.0,0.0,0.0,0,1500,0,1,PID_ATTITUDE
427.632377,360-480_PITCH_MOTION_NOT_OBSERVED,37303281050000,515400,PITCH,0.02,-0.15,-0.18,0.0,0.0,0.0,0.0,0,1500,0,1,PID_ATTITUDE
427.742339,360-480_PITCH_MOTION_NOT_OBSERVED,37303391011800,515500,PITCH,0.01,-0.16,-0.19,0.0,0.0,0.0,0.0,0,1500,0,1,PID_ATTITUDE
427.836387,360-480_PITCH_MOTION_NOT_OBSERVED,37303485059500,515600,PITCH,0.01,-0.16,-0.19,0.0,0.0,0.0,0.0,0,1500,0,1,PID_ATTITUDE
427.882780,360-480_PITCH_MOTION_NOT_OBSERVED,37303531452400,515700,PITCH,0.01,-0.16,-0.19,0.0,0.0,0.0,0.0,0,1500,0,1,PID_ATTITUDE
428.037619,360-480_PITCH_MOTION_NOT_OBSERVED,37303686291600,515800,PITCH,0.02,-0.16,-0.19,0.0,0.0,0.0,0.0,0,1500,0,1,PID_ATTITUDE
428.130402,360-480_PITCH_MOTION_NOT_OBSERVED,37303779075000,515900,PITCH,0.01,-0.18,-0.21,0.0,0.0,0.0,0.0,0,1500,0,1,PID_ATTITUDE
428.240237,360-480_PITCH_MOTION_NOT_OBSERVED,37303888910400,516000,PITCH,0.02,-0.18,-0.21,0.0,0.0,0.0,0.0,0,1500,0,1,PID_ATTITUDE
428.333487,360-480_PITCH_MOTION_NOT_OBSERVED,37303982159700,516100,PITCH,0.02,-0.19,-0.22,0.0,0.0,0.0,0.0,0,1500,0,1,PID_ATTITUDE
428.443194,360-480_PITCH_MOTION_NOT_OBSERVED,37304091866400,516200,PITCH,0.02,-0.19,-0.22,0.0,0.0,0.0,0.0,0,1500,0,1,PID_ATTITUDE
428.536619,360-480_PITCH_MOTION_NOT_OBSERVED,37304185291500,516300,PITCH,0.02,-0.18,-0.21,0.0,0.0,0.0,0.0,0,1500,0,1,PID_ATTITUDE
428.630569,360-480_PITCH_MOTION_NOT_OBSERVED,37304279241500,516400,PITCH,0.01,-0.18,-0.21,0.0,0.0,0.0,0.0,0,1500,0,1,PID_ATTITUDE
428.739714,360-480_PITCH_MOTION_NOT_OBSERVED,37304388386900,516500,PITCH,0.01,-0.18,-0.21,0.0,0.0,0.0,0.0,0,1500,0,1,PID_ATTITUDE
428.833028,360-480_PITCH_MOTION_NOT_OBSERVED,37304481700500,516600,PITCH,0.02,-0.18,-0.21,0.0,0.0,0.0,0.0,0,1500,0,1,PID_ATTITUDE
428.882394,360-480_PITCH_MOTION_NOT_OBSERVED,37304531066800,516700,PITCH,0.02,-0.18,-0.21,0.0,0.0,0.0,0.0,0,1500,0,1,PID_ATTITUDE
429.036116,360-480_PITCH_MOTION_NOT_OBSERVED,37304684788800,516800,PITCH,0.02,-0.17,-0.2,0.0,0.0,0.0,0.0,0,1500,0,1,PID_ATTITUDE
429.129370,360-480_PITCH_MOTION_NOT_OBSERVED,37304778042500,516900,PITCH,0.03,-0.16,-0.19,0.0,0.0,0.0,0.0,0,1500,0,1,PID_ATTITUDE
429.239410,360-480_PITCH_MOTION_NOT_OBSERVED,37304888083200,517000,PITCH,0.03,-0.16,-0.19,0.0,0.0,0.0,0.0,0,1500,0,1,PID_ATTITUDE
429.333711,360-480_PITCH_MOTION_NOT_OBSERVED,37304982383700,517100,PITCH,0.03,-0.15,-0.18,0.0,0.0,0.0,0.0,0,1500,0,1,PID_ATTITUDE
429.442507,360-480_PITCH_MOTION_NOT_OBSERVED,37305091180300,517200,PITCH,0.03,-0.15,-0.18,0.0,0.0,0.0,0.0,0,1500,0,1,PID_ATTITUDE
429.535348,360-480_PITCH_MOTION_NOT_OBSERVED,37305184021000,517300,PITCH,0.03,-0.16,-0.19,0.0,0.0,0.0,0.0,0,1500,0,1,PID_ATTITUDE
429.642877,360-480_PITCH_MOTION_NOT_OBSERVED,37305291550000,517400,PITCH,0.03,-0.17,-0.2,0.0,0.0,0.0,0.0,0,1500,0,1,PID_ATTITUDE
429.735281,360-480_PITCH_MOTION_NOT_OBSERVED,37305383953700,517500,PITCH,0.03,-0.17,-0.2,0.0,0.0,0.0,0.0,0,1500,0,1,PID_ATTITUDE
429.827997,360-480_PITCH_MOTION_NOT_OBSERVED,37305476669600,517600,PITCH,0.03,-0.17,-0.2,0.0,0.0,0.0,0.0,0,1500,0,1,PID_ATTITUDE
429.882418,360-480_PITCH_MOTION_NOT_OBSERVED,37305531091100,517700,PITCH,0.03,-0.16,-0.19,0.0,0.0,0.0,0.0,0,1500,0,1,PID_ATTITUDE
430.030759,360-480_PITCH_MOTION_NOT_OBSERVED,37305679432000,517800,PITCH,0.04,-0.16,-0.19,0.0,0.0,0.0,0.0,0,1500,0,1,PID_ATTITUDE
430.138748,360-480_PITCH_MOTION_NOT_OBSERVED,37305787420800,517900,PITCH,0.03,-0.15,-0.18,0.0,0.0,0.0,0.0,0,1500,0,1,PID_ATTITUDE
430.232841,360-480_PITCH_MOTION_NOT_OBSERVED,37305881514000,518000,PITCH,0.03,-0.16,-0.19,0.0,0.0,0.0,0.0,0,1500,0,1,PID_ATTITUDE
430.341475,360-480_PITCH_MOTION_NOT_OBSERVED,37305990147800,518100,PITCH,0.04,-0.17,-0.2,0.0,0.0,0.0,0.0,0,1500,0,1,PID_ATTITUDE
430.435552,360-480_PITCH_MOTION_NOT_OBSERVED,37306084225100,518200,PITCH,0.03,-0.17,-0.2,0.0,0.0,0.0,0.0,0,1500,0,1,PID_ATTITUDE
430.528720,360-480_PITCH_MOTION_NOT_OBSERVED,37306177393300,518300,PITCH,0.03,-0.16,-0.19,0.0,0.0,0.0,0.0,0,1500,0,1,PID_ATTITUDE
430.638048,360-480_PITCH_MOTION_NOT_OBSERVED,37306286721300,518400,PITCH,0.03,-0.16,-0.19,0.0,0.0,0.0,0.0,0,1500,0,1,PID_ATTITUDE
430.731240,360-480_PITCH_MOTION_NOT_OBSERVED,37306379912600,518500,PITCH,0.04,-0.15,-0.18,0.0,0.0,0.0,0.0,0,1500,0,1,PID_ATTITUDE
430.840697,360-480_PITCH_MOTION_NOT_OBSERVED,37306489369700,518600,PITCH,0.04,-0.16,-0.19,0.0,0.0,0.0,0.0,0,1500,0,1,PID_ATTITUDE
430.882262,360-480_PITCH_MOTION_NOT_OBSERVED,37306530935300,518700,PITCH,0.03,-0.16,-0.2,0.0,0.0,0.0,0.0,0,1500,0,1,PID_ATTITUDE
431.028237,360-480_PITCH_MOTION_NOT_OBSERVED,37306676910100,518800,PITCH,0.03,-0.17,-0.2,0.0,0.0,0.0,0.0,0,1500,0,1,PID_ATTITUDE
431.135972,360-480_PITCH_MOTION_NOT_OBSERVED,37306784644900,518900,PITCH,0.04,-0.18,-0.21,0.0,0.0,0.0,0.0,0,1500,0,1,PID_ATTITUDE
431.229568,360-480_PITCH_MOTION_NOT_OBSERVED,37306878241200,519000,PITCH,0.04,-0.19,-0.22,0.0,0.0,0.0,0.0,0,1500,0,1,PID_ATTITUDE
431.338534,360-480_PITCH_MOTION_NOT_OBSERVED,37306987207400,519100,PITCH,0.06,-0.2,-0.23,0.0,0.0,0.0,0.0,0,1500,0,1,PID_ATTITUDE
431.432748,360-480_PITCH_MOTION_NOT_OBSERVED,37307081420800,519200,PITCH,0.07,-0.2,-0.23,0.0,0.0,0.0,0.0,0,1500,0,1,PID_ATTITUDE
431.540230,360-480_PITCH_MOTION_NOT_OBSERVED,37307188902500,519300,PITCH,0.07,-0.2,-0.23,0.0,0.0,0.0,0.0,0,1500,0,1,PID_ATTITUDE
431.633893,360-480_PITCH_MOTION_NOT_OBSERVED,37307282565700,519400,PITCH,0.06,-0.19,-0.22,0.0,0.0,0.0,0.0,0,1500,0,1,PID_ATTITUDE
431.741458,360-480_PITCH_MOTION_NOT_OBSERVED,37307390131200,519500,PITCH,0.05,-0.18,-0.21,0.0,0.0,0.0,0.0,0,1500,0,1,PID_ATTITUDE
431.834455,360-480_PITCH_MOTION_NOT_OBSERVED,37307483127700,519600,PITCH,0.06,-0.18,-0.21,0.0,0.0,0.0,0.0,0,1500,0,1,PID_ATTITUDE
431.882122,360-480_PITCH_MOTION_NOT_OBSERVED,37307530795400,519700,PITCH,0.05,-0.17,-0.2,0.0,0.0,0.0,0.0,0,1500,0,1,PID_ATTITUDE
432.037806,360-480_PITCH_MOTION_NOT_OBSERVED,37307686479000,519800,PITCH,0.06,-0.16,-0.19,0.0,0.0,0.0,0.0,0,1500,0,1,PID_ATTITUDE
432.130758,360-480_PITCH_MOTION_NOT_OBSERVED,37307779430800,519900,PITCH,0.06,-0.16,-0.19,0.0,0.0,0.0,0.0,0,1500,0,1,PID_ATTITUDE
432.239184,360-480_PITCH_MOTION_NOT_OBSERVED,37307887856400,520000,PITCH,0.07,-0.16,-0.19,0.0,0.0,0.0,0.0,0,1500,0,1,PID_ATTITUDE
432.333499,360-480_PITCH_MOTION_NOT_OBSERVED,37307982171500,520100,PITCH,0.06,-0.16,-0.19,0.0,0.0,0.0,0.0,0,1500,0,1,PID_ATTITUDE
432.441423,360-480_PITCH_MOTION_NOT_OBSERVED,37308090096100,520200,PITCH,0.05,-0.16,-0.19,0.0,0.0,0.0,0.0,0,1500,0,1,PID_ATTITUDE
432.534862,360-480_PITCH_MOTION_NOT_OBSERVED,37308183535100,520300,PITCH,0.04,-0.17,-0.2,0.0,0.0,0.0,0.0,0,1500,0,1,PID_ATTITUDE
432.627777,360-480_PITCH_MOTION_NOT_OBSERVED,37308276450100,520400,PITCH,0.04,-0.18,-0.2,0.0,0.0,0.0,0.0,0,1500,0,1,PID_ATTITUDE
432.736051,360-480_PITCH_MOTION_NOT_OBSERVED,37308384724000,520500,PITCH,0.05,-0.16,-0.19,0.0,0.0,0.0,0.0,0,1500,0,1,PID_ATTITUDE
432.829967,360-480_PITCH_MOTION_NOT_OBSERVED,37308478640300,520600,PITCH,0.04,-0.16,-0.19,0.0,0.0,0.0,0.0,0,1500,0,1,PID_ATTITUDE
432.881812,360-480_PITCH_MOTION_NOT_OBSERVED,37308530485000,520700,PITCH,0.04,-0.15,-0.17,0.0,0.0,0.0,0.0,0,1500,0,1,PID_ATTITUDE
433.032907,360-480_PITCH_MOTION_NOT_OBSERVED,37308681579500,520800,PITCH,0.05,-0.14,-0.17,0.0,0.0,0.0,0.0,0,1500,0,1,PID_ATTITUDE
433.142274,360-480_PITCH_MOTION_NOT_OBSERVED,37308790946600,520900,PITCH,0.05,-0.16,-0.19,0.0,0.0,0.0,0.0,0,1500,0,1,PID_ATTITUDE
433.236104,360-480_PITCH_MOTION_NOT_OBSERVED,37308884777200,521000,PITCH,0.05,-0.17,-0.2,0.0,0.0,0.0,0.0,0,1500,0,1,PID_ATTITUDE
433.329593,360-480_PITCH_MOTION_NOT_OBSERVED,37308978266300,521100,PITCH,0.03,-0.16,-0.19,0.0,0.0,0.0,0.0,0,1500,0,1,PID_ATTITUDE
433.437834,360-480_PITCH_MOTION_NOT_OBSERVED,37309086506400,521200,PITCH,0.03,-0.16,-0.19,0.0,0.0,0.0,0.0,0,1500,0,1,PID_ATTITUDE
433.532019,360-480_PITCH_MOTION_NOT_OBSERVED,37309180692400,521300,PITCH,0.03,-0.15,-0.18,0.0,0.0,0.0,0.0,0,1500,0,1,PID_ATTITUDE
433.640628,360-480_PITCH_MOTION_NOT_OBSERVED,37309289301200,521400,PITCH,0.04,-0.13,-0.16,0.0,0.0,0.0,0.0,0,1500,0,1,PID_ATTITUDE
433.732960,360-480_PITCH_MOTION_NOT_OBSERVED,37309381633100,521500,PITCH,0.02,-0.13,-0.16,0.0,0.0,0.0,0.0,0,1500,0,1,PID_ATTITUDE
433.842325,360-480_PITCH_MOTION_NOT_OBSERVED,37309490997900,521600,PITCH,0.03,-0.13,-0.16,0.0,0.0,0.0,0.0,0,1500,0,1,PID_ATTITUDE
433.881812,360-480_PITCH_MOTION_NOT_OBSERVED,37309530485000,521700,PITCH,0.02,-0.13,-0.16,0.0,0.0,0.0,0.0,0,1500,0,1,PID_ATTITUDE
434.028857,360-480_PITCH_MOTION_NOT_OBSERVED,37309677530100,521800,PITCH,0.02,-0.14,-0.17,0.0,0.0,0.0,0.0,0,1500,0,1,PID_ATTITUDE
434.138172,360-480_PITCH_MOTION_NOT_OBSERVED,37309786844700,521900,PITCH,0.03,-0.14,-0.17,0.0,0.0,0.0,0.0,0,1500,0,1,PID_ATTITUDE
434.230853,360-480_PITCH_MOTION_NOT_OBSERVED,37309879525700,522000,PITCH,0.04,-0.14,-0.17,0.0,0.0,0.0,0.0,0,1500,0,1,PID_ATTITUDE
434.338566,360-480_PITCH_MOTION_NOT_OBSERVED,37309987239000,522100,PITCH,0.04,-0.15,-0.18,0.0,0.0,0.0,0.0,0,1500,0,1,PID_ATTITUDE
434.431837,360-480_PITCH_MOTION_NOT_OBSERVED,37310080510200,522200,PITCH,0.04,-0.15,-0.18,0.0,0.0,0.0,0.0,0,1500,0,1,PID_ATTITUDE
434.541058,360-480_PITCH_MOTION_NOT_OBSERVED,37310189730700,522300,PITCH,0.04,-0.15,-0.18,0.0,0.0,0.0,0.0,0,1500,0,1,PID_ATTITUDE
434.634627,360-480_PITCH_MOTION_NOT_OBSERVED,37310283299500,522400,PITCH,0.04,-0.15,-0.18,0.0,0.0,0.0,0.0,0,1500,0,1,PID_ATTITUDE
434.742235,360-480_PITCH_MOTION_NOT_OBSERVED,37310390908000,522500,PITCH,0.03,-0.15,-0.18,0.0,0.0,0.0,0.0,0,1500,0,1,PID_ATTITUDE
434.834681,360-480_PITCH_MOTION_NOT_OBSERVED,37310483353700,522600,PITCH,0.03,-0.16,-0.19,0.0,0.0,0.0,0.0,0,1500,0,1,PID_ATTITUDE
434.881723,360-480_PITCH_MOTION_NOT_OBSERVED,37310530395400,522700,PITCH,0.03,-0.16,-0.19,0.0,0.0,0.0,0.0,0,1500,0,1,PID_ATTITUDE
435.035453,360-480_PITCH_MOTION_NOT_OBSERVED,37310684125900,522800,PITCH,0.04,-0.16,-0.19,0.0,0.0,0.0,0.0,0,1500,0,1,PID_ATTITUDE
435.128706,360-480_PITCH_MOTION_NOT_OBSERVED,37310777379300,522900,PITCH,0.03,-0.16,-0.19,0.0,0.0,0.0,0.0,0,1500,0,1,PID_ATTITUDE
435.237472,360-480_PITCH_MOTION_NOT_OBSERVED,37310886144500,523000,PITCH,0.01,-0.16,-0.19,0.0,0.0,0.0,0.0,0,1500,0,1,PID_ATTITUDE
435.331203,360-480_PITCH_MOTION_NOT_OBSERVED,37310979875400,523100,PITCH,0.02,-0.15,-0.18,0.0,0.0,0.0,0.0,0,1500,0,1,PID_ATTITUDE
435.440075,360-480_PITCH_MOTION_NOT_OBSERVED,37311088748000,523200,PITCH,0.02,-0.15,-0.18,0.0,0.0,0.0,0.0,0,1500,0,1,PID_ATTITUDE
435.534403,360-480_PITCH_MOTION_NOT_OBSERVED,37311183076400,523300,PITCH,0.03,-0.15,-0.18,0.0,0.0,0.0,0.0,0,1500,0,1,PID_ATTITUDE
435.627721,360-480_PITCH_MOTION_NOT_OBSERVED,37311276393600,523400,PITCH,0.04,-0.15,-0.18,0.0,0.0,0.0,0.0,0,1500,0,1,PID_ATTITUDE
435.737729,360-480_PITCH_MOTION_NOT_OBSERVED,37311386401600,523500,PITCH,0.03,-0.14,-0.18,0.0,0.0,0.0,0.0,0,1500,0,1,PID_ATTITUDE
435.830367,360-480_PITCH_MOTION_NOT_OBSERVED,37311479040300,523600,PITCH,0.02,-0.15,-0.18,0.0,0.0,0.0,0.0,0,1500,0,1,PID_ATTITUDE
435.881516,360-480_PITCH_MOTION_NOT_OBSERVED,37311530188600,523700,PITCH,0.03,-0.14,-0.17,0.0,0.0,0.0,0.0,0,1500,0,1,PID_ATTITUDE
436.032037,360-480_PITCH_MOTION_NOT_OBSERVED,37311680709400,523800,PITCH,0.03,-0.15,-0.18,0.0,0.0,0.0,0.0,0,1500,0,1,PID_ATTITUDE
436.140908,360-480_PITCH_MOTION_NOT_OBSERVED,37311789581100,523900,PITCH,0.02,-0.15,-0.18,0.0,0.0,0.0,0.0,0,1500,0,1,PID_ATTITUDE
436.234070,360-480_PITCH_MOTION_NOT_OBSERVED,37311882742800,524000,PITCH,0.01,-0.15,-0.18,0.0,0.0,0.0,0.0,0,1500,0,1,PID_ATTITUDE
436.342405,360-480_PITCH_MOTION_NOT_OBSERVED,37311991078300,524100,PITCH,0.01,-0.16,-0.19,0.0,0.0,0.0,0.0,0,1500,0,1,PID_ATTITUDE
436.435942,360-480_PITCH_MOTION_NOT_OBSERVED,37312084614400,524200,PITCH,0.01,-0.16,-0.2,0.0,0.0,0.0,0.0,0,1500,0,1,PID_ATTITUDE
436.530386,360-480_PITCH_MOTION_NOT_OBSERVED,37312179059100,524300,PITCH,0.02,-0.17,-0.21,0.0,0.0,0.0,0.0,0,1500,0,1,PID_ATTITUDE
436.637335,360-480_PITCH_MOTION_NOT_OBSERVED,37312286007600,524400,PITCH,0.02,-0.17,-0.2,0.0,0.0,0.0,0.0,0,1500,0,1,PID_ATTITUDE
436.730431,360-480_PITCH_MOTION_NOT_OBSERVED,37312379103900,524500,PITCH,0.02,-0.18,-0.21,0.0,0.0,0.0,0.0,0,1500,0,1,PID_ATTITUDE
436.840151,360-480_PITCH_MOTION_NOT_OBSERVED,37312488824000,524600,PITCH,0.01,-0.17,-0.2,0.0,0.0,0.0,0.0,0,1500,0,1,PID_ATTITUDE
436.881476,360-480_PITCH_MOTION_NOT_OBSERVED,37312530148400,524700,PITCH,0.01,-0.16,-0.19,0.0,0.0,0.0,0.0,0,1500,0,1,PID_ATTITUDE
437.040504,360-480_PITCH_MOTION_NOT_OBSERVED,37312689177000,524800,PITCH,0.01,-0.16,-0.19,0.0,0.0,0.0,0.0,0,1500,0,1,PID_ATTITUDE
437.134427,360-480_PITCH_MOTION_NOT_OBSERVED,37312783099900,524900,PITCH,0.02,-0.16,-0.19,0.0,0.0,0.0,0.0,0,1500,0,1,PID_ATTITUDE
437.229387,360-480_PITCH_MOTION_NOT_OBSERVED,37312878060200,525000,PITCH,0.03,-0.16,-0.19,0.0,0.0,0.0,0.0,0,1500,0,1,PID_ATTITUDE
437.338019,360-480_PITCH_MOTION_NOT_OBSERVED,37312986692200,525100,PITCH,0.03,-0.16,-0.19,0.0,0.0,0.0,0.0,0,1500,0,1,PID_ATTITUDE
437.431042,360-480_PITCH_MOTION_NOT_OBSERVED,37313079714500,525200,PITCH,0.02,-0.15,-0.18,0.0,0.0,0.0,0.0,0,1500,0,1,PID_ATTITUDE
437.540058,360-480_PITCH_MOTION_NOT_OBSERVED,37313188730500,525300,PITCH,0.01,-0.15,-0.17,0.0,0.0,0.0,0.0,0,1500,0,1,PID_ATTITUDE
437.634920,360-480_PITCH_MOTION_NOT_OBSERVED,37313283593000,525400,PITCH,0.01,-0.13,-0.16,0.0,0.0,0.0,0.0,0,1500,0,1,PID_ATTITUDE
437.728285,360-480_PITCH_MOTION_NOT_OBSERVED,37313376957800,525500,PITCH,0.02,-0.12,-0.15,0.0,0.0,0.0,0.0,0,1500,0,1,PID_ATTITUDE
437.836079,360-480_PITCH_MOTION_NOT_OBSERVED,37313484751700,525600,PITCH,0.03,-0.13,-0.16,0.0,0.0,0.0,0.0,0,1500,0,1,PID_ATTITUDE
437.881229,360-480_PITCH_MOTION_NOT_OBSERVED,37313529901900,525700,PITCH,0.04,-0.13,-0.16,0.0,0.0,0.0,0.0,0,1500,0,1,PID_ATTITUDE
438.039956,360-480_PITCH_MOTION_NOT_OBSERVED,37313688628900,525800,PITCH,0.05,-0.13,-0.16,0.0,0.0,0.0,0.0,0,1500,0,1,PID_ATTITUDE
438.132898,360-480_PITCH_MOTION_NOT_OBSERVED,37313781571000,525900,PITCH,0.05,-0.12,-0.15,0.0,0.0,0.0,0.0,0,1500,0,1,PID_ATTITUDE
438.241182,360-480_PITCH_MOTION_NOT_OBSERVED,37313889855300,526000,PITCH,0.04,-0.13,-0.17,0.0,0.0,0.0,0.0,0,1500,0,1,PID_ATTITUDE
438.334627,360-480_PITCH_MOTION_NOT_OBSERVED,37313983300200,526100,PITCH,0.04,-0.14,-0.17,0.0,0.0,0.0,0.0,0,1500,0,1,PID_ATTITUDE
438.428009,360-480_PITCH_MOTION_NOT_OBSERVED,37314076682300,526200,PITCH,0.03,-0.13,-0.16,0.0,0.0,0.0,0.0,0,1500,0,1,PID_ATTITUDE
438.536181,360-480_PITCH_MOTION_NOT_OBSERVED,37314184854100,526300,PITCH,0.05,-0.15,-0.18,0.0,0.0,0.0,0.0,0,1500,0,1,PID_ATTITUDE
438.630086,360-480_PITCH_MOTION_NOT_OBSERVED,37314278758800,526400,PITCH,0.05,-0.15,-0.18,0.0,0.0,0.0,0.0,0,1500,0,1,PID_ATTITUDE
438.740324,360-480_PITCH_MOTION_NOT_OBSERVED,37314388997000,526500,PITCH,0.05,-0.16,-0.19,0.0,0.0,0.0,0.0,0,1500,0,1,PID_ATTITUDE
438.833018,360-480_PITCH_MOTION_NOT_OBSERVED,37314481691400,526600,PITCH,0.04,-0.17,-0.2,0.0,0.0,0.0,0.0,0,1500,0,1,PID_ATTITUDE
438.881085,360-480_PITCH_MOTION_NOT_OBSERVED,37314529757700,526700,PITCH,0.03,-0.16,-0.19,0.0,0.0,0.0,0.0,0,1500,0,1,PID_ATTITUDE
439.034041,360-480_PITCH_MOTION_NOT_OBSERVED,37314682714300,526800,PITCH,0.04,-0.17,-0.2,0.0,0.0,0.0,0.0,0,1500,0,1,PID_ATTITUDE
439.127086,360-480_PITCH_MOTION_NOT_OBSERVED,37314775758600,526900,PITCH,0.04,-0.17,-0.2,0.0,0.0,0.0,0.0,0,1500,0,1,PID_ATTITUDE
439.235739,360-480_PITCH_MOTION_NOT_OBSERVED,37314884411800,527000,PITCH,0.04,-0.17,-0.2,0.0,0.0,0.0,0.0,0,1500,0,1,PID_ATTITUDE
439.329462,360-480_PITCH_MOTION_NOT_OBSERVED,37314978135000,527100,PITCH,0.04,-0.18,-0.21,0.0,0.0,0.0,0.0,0,1500,0,1,PID_ATTITUDE
439.438658,360-480_PITCH_MOTION_NOT_OBSERVED,37315087331300,527200,PITCH,0.05,-0.18,-0.21,0.0,0.0,0.0,0.0,0,1500,0,1,PID_ATTITUDE
439.532068,360-480_PITCH_MOTION_NOT_OBSERVED,37315180741400,527300,PITCH,0.04,-0.18,-0.21,0.0,0.0,0.0,0.0,0,1500,0,1,PID_ATTITUDE
439.640833,360-480_PITCH_MOTION_NOT_OBSERVED,37315289506300,527400,PITCH,0.05,-0.18,-0.21,0.0,0.0,0.0,0.0,0,1500,0,1,PID_ATTITUDE
439.732659,360-480_PITCH_MOTION_NOT_OBSERVED,37315381331600,527500,PITCH,0.05,-0.18,-0.21,0.0,0.0,0.0,0.0,0,1500,0,1,PID_ATTITUDE
439.842400,360-480_PITCH_MOTION_NOT_OBSERVED,37315491072500,527600,PITCH,0.04,-0.18,-0.21,0.0,0.0,0.0,0.0,0,1500,0,1,PID_ATTITUDE
439.880913,360-480_PITCH_MOTION_NOT_OBSERVED,37315529585900,527700,PITCH,0.05,-0.18,-0.21,0.0,0.0,0.0,0.0,0,1500,0,1,PID_ATTITUDE
440.028390,360-480_PITCH_MOTION_NOT_OBSERVED,37315677062500,527800,PITCH,0.05,-0.18,-0.21,0.0,0.0,0.0,0.0,0,1500,0,1,PID_ATTITUDE
440.138645,360-480_PITCH_MOTION_NOT_OBSERVED,37315787317700,527900,PITCH,0.04,-0.18,-0.21,0.0,0.0,0.0,0.0,0,1500,0,1,PID_ATTITUDE
440.230479,360-480_PITCH_MOTION_NOT_OBSERVED,37315879152100,528000,PITCH,0.04,-0.18,-0.21,0.0,0.0,0.0,0.0,0,1500,0,1,PID_ATTITUDE
440.338858,360-480_PITCH_MOTION_NOT_OBSERVED,37315987530700,528100,PITCH,0.04,-0.19,-0.22,0.0,0.0,0.0,0.0,0,1500,0,1,PID_ATTITUDE
440.433345,360-480_PITCH_MOTION_NOT_OBSERVED,37316082017500,528200,PITCH,0.03,-0.18,-0.21,0.0,0.0,0.0,0.0,0,1500,0,1,PID_ATTITUDE
440.540868,360-480_PITCH_MOTION_NOT_OBSERVED,37316189541000,528300,PITCH,0.02,-0.18,-0.21,0.0,0.0,0.0,0.0,0,1500,0,1,PID_ATTITUDE
440.633031,360-480_PITCH_MOTION_NOT_OBSERVED,37316281703700,528400,PITCH,0.04,-0.17,-0.2,0.0,0.0,0.0,0.0,0,1500,0,1,PID_ATTITUDE
440.741420,360-480_PITCH_MOTION_NOT_OBSERVED,37316390093200,528500,PITCH,0.04,-0.18,-0.21,0.0,0.0,0.0,0.0,0,1500,0,1,PID_ATTITUDE
440.835051,360-480_PITCH_MOTION_NOT_OBSERVED,37316483724000,528600,PITCH,0.04,-0.17,-0.2,0.0,0.0,0.0,0.0,0,1500,0,1,PID_ATTITUDE
440.880814,360-480_PITCH_MOTION_NOT_OBSERVED,37316529487000,528700,PITCH,0.05,-0.17,-0.2,0.0,0.0,0.0,0.0,0,1500,0,1,PID_ATTITUDE
441.037403,360-480_PITCH_MOTION_NOT_OBSERVED,37316686076300,528800,PITCH,0.05,-0.17,-0.2,0.0,0.0,0.0,0.0,0,1500,0,1,PID_ATTITUDE
441.129203,360-480_PITCH_MOTION_NOT_OBSERVED,37316777875800,528900,PITCH,0.05,-0.17,-0.2,0.0,0.0,0.0,0.0,0,1500,0,1,PID_ATTITUDE
441.238361,360-480_PITCH_MOTION_NOT_OBSERVED,37316887033500,529000,PITCH,0.04,-0.16,-0.19,0.0,0.0,0.0,0.0,0,1500,0,1,PID_ATTITUDE
441.333298,360-480_PITCH_MOTION_NOT_OBSERVED,37316981970700,529100,PITCH,0.04,-0.16,-0.19,0.0,0.0,0.0,0.0,0,1500,0,1,PID_ATTITUDE
441.427390,360-480_PITCH_MOTION_NOT_OBSERVED,37317076063200,529200,PITCH,0.05,-0.16,-0.19,0.0,0.0,0.0,0.0,0,1500,0,1,PID_ATTITUDE
441.536815,360-480_PITCH_MOTION_NOT_OBSERVED,37317185488300,529300,PITCH,0.04,-0.16,-0.19,0.0,0.0,0.0,0.0,0,1500,0,1,PID_ATTITUDE
441.630471,360-480_PITCH_MOTION_NOT_OBSERVED,37317279144100,529400,PITCH,0.03,-0.17,-0.2,0.0,0.0,0.0,0.0,0,1500,0,1,PID_ATTITUDE
441.739202,360-480_PITCH_MOTION_NOT_OBSERVED,37317387875300,529500,PITCH,0.03,-0.16,-0.19,0.0,0.0,0.0,0.0,0,1500,0,1,PID_ATTITUDE
441.832060,360-480_PITCH_MOTION_NOT_OBSERVED,37317480733100,529600,PITCH,0.03,-0.16,-0.19,0.0,0.0,0.0,0.0,0,1500,0,1,PID_ATTITUDE
441.880490,360-480_PITCH_MOTION_NOT_OBSERVED,37317529162700,529700,PITCH,0.03,-0.16,-0.19,0.0,0.0,0.0,0.0,0,1500,0,1,PID_ATTITUDE
442.033965,360-480_PITCH_MOTION_NOT_OBSERVED,37317682638100,529800,PITCH,0.04,-0.15,-0.17,0.0,0.0,0.0,0.0,0,1500,0,1,PID_ATTITUDE
442.127341,360-480_PITCH_MOTION_NOT_OBSERVED,37317776014400,529900,PITCH,0.05,-0.14,-0.17,0.0,0.0,0.0,0.0,0,1500,0,1,PID_ATTITUDE
442.235950,360-480_PITCH_MOTION_NOT_OBSERVED,37317884622900,530000,PITCH,0.05,-0.16,-0.19,0.0,0.0,0.0,0.0,0,1500,0,1,PID_ATTITUDE
442.328828,360-480_PITCH_MOTION_NOT_OBSERVED,37317977500600,530100,PITCH,0.05,-0.17,-0.2,0.0,0.0,0.0,0.0,0,1500,0,1,PID_ATTITUDE
442.437273,360-480_PITCH_MOTION_NOT_OBSERVED,37318085945400,530200,PITCH,0.05,-0.16,-0.19,0.0,0.0,0.0,0.0,0,1500,0,1,PID_ATTITUDE
442.530484,360-480_PITCH_MOTION_NOT_OBSERVED,37318179157200,530300,PITCH,0.06,-0.15,-0.18,0.0,0.0,0.0,0.0,0,1500,0,1,PID_ATTITUDE
442.639710,360-480_PITCH_MOTION_NOT_OBSERVED,37318288383400,530400,PITCH,0.06,-0.14,-0.17,0.0,0.0,0.0,0.0,0,1500,0,1,PID_ATTITUDE
442.732438,360-480_PITCH_MOTION_NOT_OBSERVED,37318381111000,530500,PITCH,0.06,-0.15,-0.18,0.0,0.0,0.0,0.0,0,1500,0,1,PID_ATTITUDE
442.826216,360-480_PITCH_MOTION_NOT_OBSERVED,37318474889400,530600,PITCH,0.07,-0.15,-0.18,0.0,0.0,0.0,0.0,0,1500,0,1,PID_ATTITUDE
442.880495,360-480_PITCH_MOTION_NOT_OBSERVED,37318529167600,530700,PITCH,0.06,-0.16,-0.19,0.0,0.0,0.0,0.0,0,1500,0,1,PID_ATTITUDE
443.028816,360-480_PITCH_MOTION_NOT_OBSERVED,37318677488600,530800,PITCH,0.06,-0.15,-0.18,0.0,0.0,0.0,0.0,0,1500,0,1,PID_ATTITUDE
443.139125,360-480_PITCH_MOTION_NOT_OBSERVED,37318787798100,530900,PITCH,0.07,-0.16,-0.19,0.0,0.0,0.0,0.0,0,1500,0,1,PID_ATTITUDE
443.232747,360-480_PITCH_MOTION_NOT_OBSERVED,37318881420200,531000,PITCH,0.07,-0.16,-0.19,0.0,0.0,0.0,0.0,0,1500,0,1,PID_ATTITUDE
443.341941,360-480_PITCH_MOTION_NOT_OBSERVED,37318990613500,531100,PITCH,0.06,-0.16,-0.19,0.0,0.0,0.0,0.0,0,1500,0,1,PID_ATTITUDE
443.433843,360-480_PITCH_MOTION_NOT_OBSERVED,37319082516200,531200,PITCH,0.06,-0.15,-0.18,0.0,0.0,0.0,0.0,0,1500,0,1,PID_ATTITUDE
443.527509,360-480_PITCH_MOTION_NOT_OBSERVED,37319176181500,531300,PITCH,0.05,-0.15,-0.19,0.0,0.0,0.0,0.0,0,1500,0,1,PID_ATTITUDE
443.636963,360-480_PITCH_MOTION_NOT_OBSERVED,37319285636200,531400,PITCH,0.04,-0.16,-0.19,0.0,0.0,0.0,0.0,0,1500,0,1,PID_ATTITUDE
443.729897,360-480_PITCH_MOTION_NOT_OBSERVED,37319378569600,531500,PITCH,0.04,-0.18,-0.21,0.0,0.0,0.0,0.0,0,1500,0,1,PID_ATTITUDE
443.839014,360-480_PITCH_MOTION_NOT_OBSERVED,37319487687200,531600,PITCH,0.04,-0.19,-0.22,0.0,0.0,0.0,0.0,0,1500,0,1,PID_ATTITUDE
443.880331,360-480_PITCH_MOTION_NOT_OBSERVED,37319529003500,531700,PITCH,0.05,-0.19,-0.22,0.0,0.0,0.0,0.0,0,1500,0,1,PID_ATTITUDE
444.025912,360-480_PITCH_MOTION_NOT_OBSERVED,37319674584400,531800,PITCH,0.06,-0.18,-0.21,0.0,0.0,0.0,0.0,0,1500,0,1,PID_ATTITUDE
444.134759,360-480_PITCH_MOTION_NOT_OBSERVED,37319783432200,531900,PITCH,0.05,-0.18,-0.21,0.0,0.0,0.0,0.0,0,1500,0,1,PID_ATTITUDE
444.227457,360-480_PITCH_MOTION_NOT_OBSERVED,37319876130300,532000,PITCH,0.05,-0.17,-0.2,0.0,0.0,0.0,0.0,0,1500,0,1,PID_ATTITUDE
444.337350,360-480_PITCH_MOTION_NOT_OBSERVED,37319986023100,532100,PITCH,0.04,-0.16,-0.19,0.0,0.0,0.0,0.0,0,1500,0,1,PID_ATTITUDE
444.431580,360-480_PITCH_MOTION_NOT_OBSERVED,37320080253300,532200,PITCH,0.05,-0.15,-0.18,0.0,0.0,0.0,0.0,0,1500,0,1,PID_ATTITUDE
444.539804,360-480_PITCH_MOTION_NOT_OBSERVED,37320188476900,532300,PITCH,0.05,-0.14,-0.17,0.0,0.0,0.0,0.0,0,1500,0,1,PID_ATTITUDE
444.634278,360-480_PITCH_MOTION_NOT_OBSERVED,37320282951400,532400,PITCH,0.06,-0.15,-0.18,0.0,0.0,0.0,0.0,0,1500,0,1,PID_ATTITUDE
444.728126,360-480_PITCH_MOTION_NOT_OBSERVED,37320376799400,532500,PITCH,0.05,-0.16,-0.19,0.0,0.0,0.0,0.0,0,1500,0,1,PID_ATTITUDE
444.836791,360-480_PITCH_MOTION_NOT_OBSERVED,37320485464000,532600,PITCH,0.06,-0.16,-0.19,0.0,0.0,0.0,0.0,0,1500,0,1,PID_ATTITUDE
444.880174,360-480_PITCH_MOTION_NOT_OBSERVED,37320528846900,532700,PITCH,0.05,-0.17,-0.2,0.0,0.0,0.0,0.0,0,1500,0,1,PID_ATTITUDE
445.037241,360-480_PITCH_MOTION_NOT_OBSERVED,37320685914200,532800,PITCH,0.04,-0.17,-0.2,0.0,0.0,0.0,0.0,0,1500,0,1,PID_ATTITUDE
445.130751,360-480_PITCH_MOTION_NOT_OBSERVED,37320779423500,532900,PITCH,0.05,-0.17,-0.2,0.0,0.0,0.0,0.0,0,1500,0,1,PID_ATTITUDE
445.238836,360-480_PITCH_MOTION_NOT_OBSERVED,37320887508500,533000,PITCH,0.05,-0.16,-0.19,0.0,0.0,0.0,0.0,0,1500,0,1,PID_ATTITUDE
445.332518,360-480_PITCH_MOTION_NOT_OBSERVED,37320981190900,533100,PITCH,0.04,-0.15,-0.18,0.0,0.0,0.0,0.0,0,1500,0,1,PID_ATTITUDE
445.441535,360-480_PITCH_MOTION_NOT_OBSERVED,37321090208100,533200,PITCH,0.05,-0.15,-0.18,0.0,0.0,0.0,0.0,0,1500,0,1,PID_ATTITUDE
445.534807,360-480_PITCH_MOTION_NOT_OBSERVED,37321183479400,533300,PITCH,0.06,-0.16,-0.19,0.0,0.0,0.0,0.0,0,1500,0,1,PID_ATTITUDE
445.628341,360-480_PITCH_MOTION_NOT_OBSERVED,37321277014000,533400,PITCH,0.05,-0.15,-0.18,0.0,0.0,0.0,0.0,0,1500,0,1,PID_ATTITUDE
445.736911,360-480_PITCH_MOTION_NOT_OBSERVED,37321385583800,533500,PITCH,0.05,-0.16,-0.19,0.0,0.0,0.0,0.0,0,1500,0,1,PID_ATTITUDE
445.830528,360-480_PITCH_MOTION_NOT_OBSERVED,37321479200700,533600,PITCH,0.06,-0.16,-0.19,0.0,0.0,0.0,0.0,0,1500,0,1,PID_ATTITUDE
445.879860,360-480_PITCH_MOTION_NOT_OBSERVED,37321528532700,533700,PITCH,0.06,-0.16,-0.19,0.0,0.0,0.0,0.0,0,1500,0,1,PID_ATTITUDE
446.032930,360-480_PITCH_MOTION_NOT_OBSERVED,37321681603200,533800,PITCH,0.05,-0.16,-0.19,0.0,0.0,0.0,0.0,0,1500,0,1,PID_ATTITUDE
446.127157,360-480_PITCH_MOTION_NOT_OBSERVED,37321775829900,533900,PITCH,0.05,-0.15,-0.18,0.0,0.0,0.0,0.0,0,1500,0,1,PID_ATTITUDE
446.235828,360-480_PITCH_MOTION_NOT_OBSERVED,37321884500900,534000,PITCH,0.05,-0.14,-0.17,0.0,0.0,0.0,0.0,0,1500,0,1,PID_ATTITUDE
446.328824,360-480_PITCH_MOTION_NOT_OBSERVED,37321977497100,534100,PITCH,0.04,-0.13,-0.16,0.0,0.0,0.0,0.0,0,1500,0,1,PID_ATTITUDE
446.439170,360-480_PITCH_MOTION_NOT_OBSERVED,37322087843400,534200,PITCH,0.04,-0.13,-0.16,0.0,0.0,0.0,0.0,0,1500,0,1,PID_ATTITUDE
446.532887,360-480_PITCH_MOTION_NOT_OBSERVED,37322181559400,534300,PITCH,0.04,-0.13,-0.16,0.0,0.0,0.0,0.0,0,1500,0,1,PID_ATTITUDE
446.625530,360-480_PITCH_MOTION_NOT_OBSERVED,37322274202400,534400,PITCH,0.04,-0.15,-0.18,0.0,0.0,0.0,0.0,0,1500,0,1,PID_ATTITUDE
446.736175,360-480_PITCH_MOTION_NOT_OBSERVED,37322384847700,534500,PITCH,0.04,-0.16,-0.19,0.0,0.0,0.0,0.0,0,1500,0,1,PID_ATTITUDE
446.829036,360-480_PITCH_MOTION_NOT_OBSERVED,37322477708900,534600,PITCH,0.05,-0.16,-0.19,0.0,0.0,0.0,0.0,0,1500,0,1,PID_ATTITUDE
446.879891,360-480_PITCH_MOTION_NOT_OBSERVED,37322528563600,534700,PITCH,0.06,-0.16,-0.19,0.0,0.0,0.0,0.0,0,1500,0,1,PID_ATTITUDE
447.030316,360-480_PITCH_MOTION_NOT_OBSERVED,37322678989100,534800,PITCH,0.06,-0.16,-0.19,0.0,0.0,0.0,0.0,0,1500,0,1,PID_ATTITUDE
447.139885,360-480_PITCH_MOTION_NOT_OBSERVED,37322788558400,534900,PITCH,0.05,-0.15,-0.18,0.0,0.0,0.0,0.0,0,1500,0,1,PID_ATTITUDE
447.232700,360-480_PITCH_MOTION_NOT_OBSERVED,37322881372500,535000,PITCH,0.06,-0.15,-0.18,0.0,0.0,0.0,0.0,0,1500,0,1,PID_ATTITUDE
447.326908,360-480_PITCH_MOTION_NOT_OBSERVED,37322975581300,535100,PITCH,0.05,-0.16,-0.19,0.0,0.0,0.0,0.0,0,1500,0,1,PID_ATTITUDE
447.434982,360-480_PITCH_MOTION_NOT_OBSERVED,37323083654900,535200,PITCH,0.04,-0.17,-0.2,0.0,0.0,0.0,0.0,0,1500,0,1,PID_ATTITUDE
447.528141,360-480_PITCH_MOTION_NOT_OBSERVED,37323176813500,535300,PITCH,0.04,-0.16,-0.19,0.0,0.0,0.0,0.0,0,1500,0,1,PID_ATTITUDE
447.637792,360-480_PITCH_MOTION_NOT_OBSERVED,37323286465300,535400,PITCH,0.04,-0.16,-0.19,0.0,0.0,0.0,0.0,0,1500,0,1,PID_ATTITUDE
447.731028,360-480_PITCH_MOTION_NOT_OBSERVED,37323379700900,535500,PITCH,0.04,-0.17,-0.2,0.0,0.0,0.0,0.0,0,1500,0,1,PID_ATTITUDE
447.839351,360-480_PITCH_MOTION_NOT_OBSERVED,37323488023900,535600,PITCH,0.04,-0.18,-0.21,0.0,0.0,0.0,0.0,0,1500,0,1,PID_ATTITUDE
447.879728,360-480_PITCH_MOTION_NOT_OBSERVED,37323528401400,535700,PITCH,0.05,-0.18,-0.21,0.0,0.0,0.0,0.0,0,1500,0,1,PID_ATTITUDE
448.027611,360-480_PITCH_MOTION_NOT_OBSERVED,37323676284100,535800,PITCH,0.05,-0.19,-0.22,0.0,0.0,0.0,0.0,0,1500,0,1,PID_ATTITUDE
448.136536,360-480_PITCH_MOTION_NOT_OBSERVED,37323785209300,535900,PITCH,0.04,-0.18,-0.21,0.0,0.0,0.0,0.0,0,1500,0,1,PID_ATTITUDE
448.229045,360-480_PITCH_MOTION_NOT_OBSERVED,37323877717900,536000,PITCH,0.03,-0.18,-0.2,0.0,0.0,0.0,0.0,0,1500,0,1,PID_ATTITUDE
448.337252,360-480_PITCH_MOTION_NOT_OBSERVED,37323985925100,536100,PITCH,0.03,-0.17,-0.2,0.0,0.0,0.0,0.0,0,1500,0,1,PID_ATTITUDE
448.432107,360-480_PITCH_MOTION_NOT_OBSERVED,37324080780000,536200,PITCH,0.03,-0.15,-0.18,0.0,0.0,0.0,0.0,0,1500,0,1,PID_ATTITUDE
448.525429,360-480_PITCH_MOTION_NOT_OBSERVED,37324174102200,536300,PITCH,0.05,-0.15,-0.18,0.0,0.0,0.0,0.0,0,1500,0,1,PID_ATTITUDE
448.635853,360-480_PITCH_MOTION_NOT_OBSERVED,37324284526200,536400,PITCH,0.05,-0.16,-0.19,0.0,0.0,0.0,0.0,0,1500,0,1,PID_ATTITUDE
448.729225,360-480_PITCH_MOTION_NOT_OBSERVED,37324377898400,536500,PITCH,0.05,-0.16,-0.19,0.0,0.0,0.0,0.0,0,1500,0,1,PID_ATTITUDE
448.838919,360-480_PITCH_MOTION_NOT_OBSERVED,37324487592200,536600,PITCH,0.06,-0.15,-0.18,0.0,0.0,0.0,0.0,0,1500,0,1,PID_ATTITUDE
448.879438,360-480_PITCH_MOTION_NOT_OBSERVED,37324528111400,536700,PITCH,0.06,-0.15,-0.18,0.0,0.0,0.0,0.0,0,1500,0,1,PID_ATTITUDE
449.025529,360-480_PITCH_MOTION_NOT_OBSERVED,37324674202100,536800,PITCH,0.06,-0.15,-0.18,0.0,0.0,0.0,0.0,0,1500,0,1,PID_ATTITUDE
449.134891,360-480_PITCH_MOTION_NOT_OBSERVED,37324783563900,536900,PITCH,0.06,-0.13,-0.16,0.0,0.0,0.0,0.0,0,1500,0,1,PID_ATTITUDE
449.228151,360-480_PITCH_MOTION_NOT_OBSERVED,37324876823500,537000,PITCH,0.06,-0.13,-0.16,0.0,0.0,0.0,0.0,0,1500,0,1,PID_ATTITUDE
449.337827,360-480_PITCH_MOTION_NOT_OBSERVED,37324986500100,537100,PITCH,0.07,-0.13,-0.16,0.0,0.0,0.0,0.0,0,1500,0,1,PID_ATTITUDE
449.431221,360-480_PITCH_MOTION_NOT_OBSERVED,37325079894000,537200,PITCH,0.06,-0.13,-0.16,0.0,0.0,0.0,0.0,0,1500,0,1,PID_ATTITUDE
449.524728,360-480_PITCH_MOTION_NOT_OBSERVED,37325173400800,537300,PITCH,0.05,-0.13,-0.16,0.0,0.0,0.0,0.0,0,1500,0,1,PID_ATTITUDE
449.632350,360-480_PITCH_MOTION_NOT_OBSERVED,37325281023100,537400,PITCH,0.04,-0.12,-0.15,0.0,0.0,0.0,0.0,0,1500,0,1,PID_ATTITUDE
449.725005,360-480_PITCH_MOTION_NOT_OBSERVED,37325373677500,537500,PITCH,0.03,-0.13,-0.16,0.0,0.0,0.0,0.0,0,1500,0,1,PID_ATTITUDE
449.833825,360-480_PITCH_MOTION_NOT_OBSERVED,37325482498100,537600,PITCH,0.03,-0.14,-0.17,0.0,0.0,0.0,0.0,0,1500,0,1,PID_ATTITUDE
449.879466,360-480_PITCH_MOTION_NOT_OBSERVED,37325528138500,537700,PITCH,0.03,-0.13,-0.16,0.0,0.0,0.0,0.0,0,1500,0,1,PID_ATTITUDE
450.035920,360-480_PITCH_MOTION_NOT_OBSERVED,37325684592600,537800,PITCH,0.03,-0.14,-0.17,0.0,0.0,0.0,0.0,0,1500,0,1,PID_ATTITUDE
450.129094,360-480_PITCH_MOTION_NOT_OBSERVED,37325777767200,537900,PITCH,0.02,-0.14,-0.17,0.0,0.0,0.0,0.0,0,1500,0,1,PID_ATTITUDE
450.237172,360-480_PITCH_MOTION_NOT_OBSERVED,37325885845000,538000,PITCH,0.02,-0.14,-0.17,0.0,0.0,0.0,0.0,0,1500,0,1,PID_ATTITUDE
450.330418,360-480_PITCH_MOTION_NOT_OBSERVED,37325979091100,538100,PITCH,0.01,-0.15,-0.18,0.0,0.0,0.0,0.0,0,1500,0,1,PID_ATTITUDE
450.438948,360-480_PITCH_MOTION_NOT_OBSERVED,37326087621000,538200,PITCH,0.01,-0.16,-0.19,0.0,0.0,0.0,0.0,0,1500,0,1,PID_ATTITUDE
450.532928,360-480_PITCH_MOTION_NOT_OBSERVED,37326181600400,538300,PITCH,0.01,-0.18,-0.21,0.0,0.0,0.0,0.0,0,1500,0,1,PID_ATTITUDE
450.626921,360-480_PITCH_MOTION_NOT_OBSERVED,37326275594400,538400,PITCH,0.01,-0.18,-0.21,0.0,0.0,0.0,0.0,0,1500,0,1,PID_ATTITUDE
450.736546,360-480_PITCH_MOTION_NOT_OBSERVED,37326385219300,538500,PITCH,0.02,-0.18,-0.21,0.0,0.0,0.0,0.0,0,1500,0,1,PID_ATTITUDE
450.829892,360-480_PITCH_MOTION_NOT_OBSERVED,37326478564700,538600,PITCH,0.03,-0.17,-0.2,0.0,0.0,0.0,0.0,0,1500,0,1,PID_ATTITUDE
450.879331,360-480_PITCH_MOTION_NOT_OBSERVED,37326528003700,538700,PITCH,0.03,-0.17,-0.2,0.0,0.0,0.0,0.0,0,1500,0,1,PID_ATTITUDE
451.032095,360-480_PITCH_MOTION_NOT_OBSERVED,37326680767400,538800,PITCH,0.03,-0.17,-0.19,0.0,0.0,0.0,0.0,0,1500,0,1,PID_ATTITUDE
451.125643,360-480_PITCH_MOTION_NOT_OBSERVED,37326774315900,538900,PITCH,0.03,-0.16,-0.19,0.0,0.0,0.0,0.0,0,1500,0,1,PID_ATTITUDE
451.235198,360-480_PITCH_MOTION_NOT_OBSERVED,37326883870400,539000,PITCH,0.03,-0.16,-0.19,0.0,0.0,0.0,0.0,0,1500,0,1,PID_ATTITUDE
451.328101,360-480_PITCH_MOTION_NOT_OBSERVED,37326976774300,539100,PITCH,0.04,-0.17,-0.2,0.0,0.0,0.0,0.0,0,1500,0,1,PID_ATTITUDE
451.438367,360-480_PITCH_MOTION_NOT_OBSERVED,37327087040000,539200,PITCH,0.04,-0.16,-0.2,0.0,0.0,0.0,0.0,0,1500,0,1,PID_ATTITUDE
451.530747,360-480_PITCH_MOTION_NOT_OBSERVED,37327179419500,539300,PITCH,0.03,-0.18,-0.21,0.0,0.0,0.0,0.0,0,1500,0,1,PID_ATTITUDE
451.639244,360-480_PITCH_MOTION_NOT_OBSERVED,37327287917300,539400,PITCH,0.03,-0.17,-0.2,0.0,0.0,0.0,0.0,0,1500,0,1,PID_ATTITUDE
451.732451,360-480_PITCH_MOTION_NOT_OBSERVED,37327381123900,539500,PITCH,0.04,-0.17,-0.2,0.0,0.0,0.0,0.0,0,1500,0,1,PID_ATTITUDE
451.826507,360-480_PITCH_MOTION_NOT_OBSERVED,37327475180200,539600,PITCH,0.04,-0.18,-0.21,0.0,0.0,0.0,0.0,0,1500,0,1,PID_ATTITUDE
451.879125,360-480_PITCH_MOTION_NOT_OBSERVED,37327527797500,539700,PITCH,0.04,-0.18,-0.21,0.0,0.0,0.0,0.0,0,1500,0,1,PID_ATTITUDE
452.030321,360-480_PITCH_MOTION_NOT_OBSERVED,37327678993500,539800,PITCH,0.04,-0.18,-0.2,0.0,0.0,0.0,0.0,0,1500,0,1,PID_ATTITUDE
452.138652,360-480_PITCH_MOTION_NOT_OBSERVED,37327787325000,539900,PITCH,0.04,-0.18,-0.21,0.0,0.0,0.0,0.0,0,1500,0,1,PID_ATTITUDE
452.233156,360-480_PITCH_MOTION_NOT_OBSERVED,37327881829100,540000,PITCH,0.04,-0.19,-0.22,0.0,0.0,0.0,0.0,0,1500,0,1,PID_ATTITUDE
452.325504,360-480_PITCH_MOTION_NOT_OBSERVED,37327974177100,540100,PITCH,0.03,-0.19,-0.22,0.0,0.0,0.0,0.0,0,1500,0,1,PID_ATTITUDE
452.434021,360-480_PITCH_MOTION_NOT_OBSERVED,37328082694200,540200,PITCH,0.03,-0.18,-0.21,0.0,0.0,0.0,0.0,0,1500,0,1,PID_ATTITUDE
452.527687,360-480_PITCH_MOTION_NOT_OBSERVED,37328176360100,540300,PITCH,0.02,-0.17,-0.2,0.0,0.0,0.0,0.0,0,1500,0,1,PID_ATTITUDE
452.636460,360-480_PITCH_MOTION_NOT_OBSERVED,37328285133300,540400,PITCH,0.02,-0.16,-0.19,0.0,0.0,0.0,0.0,0,1500,0,1,PID_ATTITUDE
452.729124,360-480_PITCH_MOTION_NOT_OBSERVED,37328377796900,540500,PITCH,0.03,-0.16,-0.19,0.0,0.0,0.0,0.0,0,1500,0,1,PID_ATTITUDE
452.837187,360-480_PITCH_MOTION_NOT_OBSERVED,37328485860100,540600,PITCH,0.03,-0.15,-0.18,0.0,0.0,0.0,0.0,0,1500,0,1,PID_ATTITUDE
452.878977,360-480_PITCH_MOTION_NOT_OBSERVED,37328527649900,540700,PITCH,0.04,-0.15,-0.18,0.0,0.0,0.0,0.0,0,1500,0,1,PID_ATTITUDE
453.038215,360-480_PITCH_MOTION_NOT_OBSERVED,37328686888100,540800,PITCH,0.04,-0.15,-0.18,0.0,0.0,0.0,0.0,0,1500,0,1,PID_ATTITUDE
453.131420,360-480_PITCH_MOTION_NOT_OBSERVED,37328780092500,540900,PITCH,0.03,-0.15,-0.18,0.0,0.0,0.0,0.0,0,1500,0,1,PID_ATTITUDE
453.239241,360-480_PITCH_MOTION_NOT_OBSERVED,37328887914000,541000,PITCH,0.03,-0.15,-0.18,0.0,0.0,0.0,0.0,0,1500,0,1,PID_ATTITUDE
453.332164,360-480_PITCH_MOTION_NOT_OBSERVED,37328980837300,541100,PITCH,0.02,-0.15,-0.18,0.0,0.0,0.0,0.0,0,1500,0,1,PID_ATTITUDE
453.425558,360-480_PITCH_MOTION_NOT_OBSERVED,37329074230900,541200,PITCH,0.02,-0.15,-0.18,0.0,0.0,0.0,0.0,0,1500,0,1,PID_ATTITUDE
453.534743,360-480_PITCH_MOTION_NOT_OBSERVED,37329183416100,541300,PITCH,0.01,-0.15,-0.18,0.0,0.0,0.0,0.0,0,1500,0,1,PID_ATTITUDE
453.629046,360-480_PITCH_MOTION_NOT_OBSERVED,37329277718800,541400,PITCH,0.0,-0.17,-0.2,0.0,0.0,0.0,0.0,0,1500,0,1,PID_ATTITUDE
453.738250,360-480_PITCH_MOTION_NOT_OBSERVED,37329386922500,541500,PITCH,-0.01,-0.17,-0.2,0.0,0.0,0.0,0.0,0,1500,0,1,PID_ATTITUDE
453.831226,360-480_PITCH_MOTION_NOT_OBSERVED,37329479899200,541600,PITCH,-0.01,-0.17,-0.19,0.0,0.0,0.0,0.0,0,1500,0,1,PID_ATTITUDE
453.878749,360-480_PITCH_MOTION_NOT_OBSERVED,37329527422100,541700,PITCH,-0.01,-0.16,-0.19,0.0,0.0,0.0,0.0,0,1500,0,1,PID_ATTITUDE
454.035255,360-480_PITCH_MOTION_NOT_OBSERVED,37329683927700,541800,PITCH,-0.01,-0.16,-0.19,0.0,0.0,0.0,0.0,0,1500,0,1,PID_ATTITUDE
454.128359,360-480_PITCH_MOTION_NOT_OBSERVED,37329777031500,541900,PITCH,-0.01,-0.16,-0.19,0.0,0.0,0.0,0.0,0,1500,0,1,PID_ATTITUDE
454.238371,360-480_PITCH_MOTION_NOT_OBSERVED,37329887043900,542000,PITCH,0.0,-0.15,-0.19,0.0,0.0,0.0,0.0,0,1500,0,1,PID_ATTITUDE
454.331764,360-480_PITCH_MOTION_NOT_OBSERVED,37329980436700,542100,PITCH,0.0,-0.16,-0.19,0.0,0.0,0.0,0.0,0,1500,0,1,PID_ATTITUDE
454.424777,360-480_PITCH_MOTION_NOT_OBSERVED,37330073449800,542200,PITCH,-0.01,-0.16,-0.19,0.0,0.0,0.0,0.0,0,1500,0,1,PID_ATTITUDE
454.532972,360-480_PITCH_MOTION_NOT_OBSERVED,37330181645200,542300,PITCH,-0.01,-0.16,-0.19,0.0,0.0,0.0,0.0,0,1500,0,1,PID_ATTITUDE
454.625821,360-480_PITCH_MOTION_NOT_OBSERVED,37330274494200,542400,PITCH,-0.02,-0.17,-0.2,0.0,0.0,0.0,0.0,0,1500,0,1,PID_ATTITUDE
454.734976,360-480_PITCH_MOTION_NOT_OBSERVED,37330383648400,542500,PITCH,-0.01,-0.17,-0.19,0.0,0.0,0.0,0.0,0,1500,0,1,PID_ATTITUDE
454.827226,360-480_PITCH_MOTION_NOT_OBSERVED,37330475899300,542600,PITCH,0.01,-0.15,-0.18,0.0,0.0,0.0,0.0,0,1500,0,1,PID_ATTITUDE
454.878733,360-480_PITCH_MOTION_NOT_OBSERVED,37330527406300,542700,PITCH,0.01,-0.15,-0.18,0.0,0.0,0.0,0.0,0,1500,0,1,PID_ATTITUDE
455.029195,360-480_PITCH_MOTION_NOT_OBSERVED,37330677868100,542800,PITCH,0.01,-0.15,-0.19,0.0,0.0,0.0,0.0,0,1500,0,1,PID_ATTITUDE
455.138179,360-480_PITCH_MOTION_NOT_OBSERVED,37330786851600,542900,PITCH,0.01,-0.17,-0.2,0.0,0.0,0.0,0.0,0,1500,0,1,PID_ATTITUDE
455.231644,360-480_PITCH_MOTION_NOT_OBSERVED,37330880316600,543000,PITCH,0.02,-0.17,-0.2,0.0,0.0,0.0,0.0,0,1500,0,1,PID_ATTITUDE
455.325208,360-480_PITCH_MOTION_NOT_OBSERVED,37330973881300,543100,PITCH,0.03,-0.16,-0.19,0.0,0.0,0.0,0.0,0,1500,0,1,PID_ATTITUDE
455.433787,360-480_PITCH_MOTION_NOT_OBSERVED,37331082460200,543200,PITCH,0.03,-0.16,-0.19,0.0,0.0,0.0,0.0,0,1500,0,1,PID_ATTITUDE
455.527169,360-480_PITCH_MOTION_NOT_OBSERVED,37331175842300,543300,PITCH,0.04,-0.16,-0.18,0.0,0.0,0.0,0.0,0,1500,0,1,PID_ATTITUDE
455.637400,360-480_PITCH_MOTION_NOT_OBSERVED,37331286072400,543400,PITCH,0.04,-0.15,-0.18,0.0,0.0,0.0,0.0,0,1500,0,1,PID_ATTITUDE
455.731214,360-480_PITCH_MOTION_NOT_OBSERVED,37331379886700,543500,PITCH,0.04,-0.15,-0.18,0.0,0.0,0.0,0.0,0,1500,0,1,PID_ATTITUDE
455.838973,360-480_PITCH_MOTION_NOT_OBSERVED,37331487646300,543600,PITCH,0.04,-0.15,-0.18,0.0,0.0,0.0,0.0,0,1500,0,1,PID_ATTITUDE
455.878385,360-480_PITCH_MOTION_NOT_OBSERVED,37331527058400,543700,PITCH,0.03,-0.15,-0.18,0.0,0.0,0.0,0.0,0,1500,0,1,PID_ATTITUDE
456.026842,360-480_PITCH_MOTION_NOT_OBSERVED,37331675514600,543800,PITCH,0.04,-0.15,-0.18,0.0,0.0,0.0,0.0,0,1500,0,1,PID_ATTITUDE
456.135078,360-480_PITCH_MOTION_NOT_OBSERVED,37331783751100,543900,PITCH,0.03,-0.14,-0.17,0.0,0.0,0.0,0.0,0,1500,0,1,PID_ATTITUDE
456.228070,360-480_PITCH_MOTION_NOT_OBSERVED,37331876742700,544000,PITCH,0.04,-0.14,-0.17,0.0,0.0,0.0,0.0,0,1500,0,1,PID_ATTITUDE
456.337487,360-480_PITCH_MOTION_NOT_OBSERVED,37331986159500,544100,PITCH,0.04,-0.15,-0.18,0.0,0.0,0.0,0.0,0,1500,0,1,PID_ATTITUDE
456.430384,360-480_PITCH_MOTION_NOT_OBSERVED,37332079056800,544200,PITCH,0.05,-0.15,-0.18,0.0,0.0,0.0,0.0,0,1500,0,1,PID_ATTITUDE
456.524022,360-480_PITCH_MOTION_NOT_OBSERVED,37332172694700,544300,PITCH,0.05,-0.16,-0.19,0.0,0.0,0.0,0.0,0,1500,0,1,PID_ATTITUDE
456.633460,360-480_PITCH_MOTION_NOT_OBSERVED,37332282132900,544400,PITCH,0.04,-0.17,-0.2,0.0,0.0,0.0,0.0,0,1500,0,1,PID_ATTITUDE
456.728189,360-480_PITCH_MOTION_NOT_OBSERVED,37332376862300,544500,PITCH,0.03,-0.17,-0.2,0.0,0.0,0.0,0.0,0,1500,0,1,PID_ATTITUDE
456.837068,360-480_PITCH_MOTION_NOT_OBSERVED,37332485740800,544600,PITCH,0.02,-0.17,-0.21,0.0,0.0,0.0,0.0,0,1500,0,1,PID_ATTITUDE
456.878206,360-480_PITCH_MOTION_NOT_OBSERVED,37332526878600,544700,PITCH,0.02,-0.18,-0.21,0.0,0.0,0.0,0.0,0,1500,0,1,PID_ATTITUDE
457.025110,360-480_PITCH_MOTION_NOT_OBSERVED,37332673782700,544800,PITCH,0.02,-0.18,-0.21,0.0,0.0,0.0,0.0,0,1500,0,1,PID_ATTITUDE
457.135353,360-480_PITCH_MOTION_NOT_OBSERVED,37332784026000,544900,PITCH,0.02,-0.18,-0.21,0.0,0.0,0.0,0.0,0,1500,0,1,PID_ATTITUDE
457.228991,360-480_PITCH_MOTION_NOT_OBSERVED,37332877663700,545000,PITCH,0.02,-0.19,-0.22,0.0,0.0,0.0,0.0,0,1500,0,1,PID_ATTITUDE
457.338534,360-480_PITCH_MOTION_NOT_OBSERVED,37332987207000,545100,PITCH,0.02,-0.18,-0.21,0.0,0.0,0.0,0.0,0,1500,0,1,PID_ATTITUDE
457.433395,360-480_PITCH_MOTION_NOT_OBSERVED,37333082068000,545200,PITCH,0.02,-0.19,-0.22,0.0,0.0,0.0,0.0,0,1500,0,1,PID_ATTITUDE
457.526729,360-480_PITCH_MOTION_NOT_OBSERVED,37333175402300,545300,PITCH,0.02,-0.19,-0.22,0.0,0.0,0.0,0.0,0,1500,0,1,PID_ATTITUDE
457.634808,360-480_PITCH_MOTION_NOT_OBSERVED,37333283480700,545400,PITCH,0.02,-0.19,-0.22,0.0,0.0,0.0,0.0,0,1500,0,1,PID_ATTITUDE
457.727859,360-480_PITCH_MOTION_NOT_OBSERVED,37333376531900,545500,PITCH,0.02,-0.18,-0.21,0.0,0.0,0.0,0.0,0,1500,0,1,PID_ATTITUDE
457.835738,360-480_PITCH_MOTION_NOT_OBSERVED,37333484411400,545600,PITCH,0.02,-0.18,-0.21,0.0,0.0,0.0,0.0,0,1500,0,1,PID_ATTITUDE
457.878101,360-480_PITCH_MOTION_NOT_OBSERVED,37333526774200,545700,PITCH,0.01,-0.18,-0.21,0.0,0.0,0.0,0.0,0,1500,0,1,PID_ATTITUDE
458.039014,360-480_PITCH_MOTION_NOT_OBSERVED,37333687686500,545800,PITCH,0.01,-0.18,-0.21,0.0,0.0,0.0,0.0,0,1500,0,1,PID_ATTITUDE
458.132245,360-480_PITCH_MOTION_NOT_OBSERVED,37333780917900,545900,PITCH,0.01,-0.18,-0.21,0.0,0.0,0.0,0.0,0,1500,0,1,PID_ATTITUDE
458.225023,360-480_PITCH_MOTION_NOT_OBSERVED,37333873695400,546000,PITCH,0.03,-0.18,-0.21,0.0,0.0,0.0,0.0,0,1500,0,1,PID_ATTITUDE
458.334602,360-480_PITCH_MOTION_NOT_OBSERVED,37333983275300,546100,PITCH,0.02,-0.18,-0.21,0.0,0.0,0.0,0.0,0,1500,0,1,PID_ATTITUDE
458.429813,360-480_PITCH_MOTION_NOT_OBSERVED,37334078485500,546200,PITCH,0.02,-0.19,-0.22,0.0,0.0,0.0,0.0,0,1500,0,1,PID_ATTITUDE
458.538001,360-480_PITCH_MOTION_NOT_OBSERVED,37334186674000,546300,PITCH,0.03,-0.19,-0.22,0.0,0.0,0.0,0.0,0,1500,0,1,PID_ATTITUDE
458.632097,360-480_PITCH_MOTION_NOT_OBSERVED,37334280769800,546400,PITCH,0.03,-0.19,-0.22,0.0,0.0,0.0,0.0,0,1500,0,1,PID_ATTITUDE
458.727443,360-480_PITCH_MOTION_NOT_OBSERVED,37334376116200,546500,PITCH,0.04,-0.19,-0.22,0.0,0.0,0.0,0.0,0,1500,0,1,PID_ATTITUDE
458.836105,360-480_PITCH_MOTION_NOT_OBSERVED,37334484778200,546600,PITCH,0.03,-0.19,-0.22,0.0,0.0,0.0,0.0,0,1500,0,1,PID_ATTITUDE
458.877975,360-480_PITCH_MOTION_NOT_OBSERVED,37334526648100,546700,PITCH,0.02,-0.19,-0.22,0.0,0.0,0.0,0.0,0,1500,0,1,PID_ATTITUDE
459.038675,360-480_PITCH_MOTION_NOT_OBSERVED,37334687347800,546800,PITCH,0.02,-0.19,-0.22,0.0,0.0,0.0,0.0,0,1500,0,1,PID_ATTITUDE
459.132496,360-480_PITCH_MOTION_NOT_OBSERVED,37334781169100,546900,PITCH,0.04,-0.18,-0.21,0.0,0.0,0.0,0.0,0,1500,0,1,PID_ATTITUDE
459.226802,360-480_PITCH_MOTION_NOT_OBSERVED,37334875475300,547000,PITCH,0.04,-0.17,-0.2,0.0,0.0,0.0,0.0,0,1500,0,1,PID_ATTITUDE
459.336402,360-480_PITCH_MOTION_NOT_OBSERVED,37334985074600,547100,PITCH,0.04,-0.17,-0.21,0.0,0.0,0.0,0.0,0,1500,0,1,PID_ATTITUDE
459.428641,360-480_PITCH_MOTION_NOT_OBSERVED,37335077314200,547200,PITCH,0.03,-0.18,-0.21,0.0,0.0,0.0,0.0,0,1500,0,1,PID_ATTITUDE
459.538004,360-480_PITCH_MOTION_NOT_OBSERVED,37335186676800,547300,PITCH,0.05,-0.17,-0.2,0.0,0.0,0.0,0.0,0,1500,0,1,PID_ATTITUDE
459.631311,360-480_PITCH_MOTION_NOT_OBSERVED,37335279984400,547400,PITCH,0.05,-0.17,-0.2,0.0,0.0,0.0,0.0,0,1500,0,1,PID_ATTITUDE
459.725992,360-480_PITCH_MOTION_NOT_OBSERVED,37335374664500,547500,PITCH,0.05,-0.16,-0.19,0.0,0.0,0.0,0.0,0,1500,0,1,PID_ATTITUDE
459.834786,360-480_PITCH_MOTION_NOT_OBSERVED,37335483459000,547600,PITCH,0.05,-0.16,-0.19,0.0,0.0,0.0,0.0,0,1500,0,1,PID_ATTITUDE
459.877771,360-480_PITCH_MOTION_NOT_OBSERVED,37335526443500,547700,PITCH,0.05,-0.16,-0.19,0.0,0.0,0.0,0.0,0,1500,0,1,PID_ATTITUDE
460.036431,360-480_PITCH_MOTION_NOT_OBSERVED,37335685104200,547800,PITCH,0.05,-0.15,-0.17,0.0,0.0,0.0,0.0,0,1500,0,1,PID_ATTITUDE
460.128718,360-480_PITCH_MOTION_NOT_OBSERVED,37335777390800,547900,PITCH,0.04,-0.15,-0.18,0.0,0.0,0.0,0.0,0,1500,0,1,PID_ATTITUDE
460.236743,360-480_PITCH_MOTION_NOT_OBSERVED,37335885415800,548000,PITCH,0.03,-0.15,-0.19,0.0,0.0,0.0,0.0,0,1500,0,1,PID_ATTITUDE
460.330538,360-480_PITCH_MOTION_NOT_OBSERVED,37335979210700,548100,PITCH,0.04,-0.15,-0.18,0.0,0.0,0.0,0.0,0,1500,0,1,PID_ATTITUDE
460.424099,360-480_PITCH_MOTION_NOT_OBSERVED,37336072772300,548200,PITCH,0.05,-0.15,-0.18,0.0,0.0,0.0,0.0,0,1500,0,1,PID_ATTITUDE
460.533713,360-480_PITCH_MOTION_NOT_OBSERVED,37336182386400,548300,PITCH,0.05,-0.16,-0.19,0.0,0.0,0.0,0.0,0,1500,0,1,PID_ATTITUDE
460.627844,360-480_PITCH_MOTION_NOT_OBSERVED,37336276516700,548400,PITCH,0.05,-0.16,-0.19,0.0,0.0,0.0,0.0,0,1500,0,1,PID_ATTITUDE
460.736098,360-480_PITCH_MOTION_NOT_OBSERVED,37336384771300,548500,PITCH,0.04,-0.16,-0.19,0.0,0.0,0.0,0.0,0,1500,0,1,PID_ATTITUDE
460.829602,360-480_PITCH_MOTION_NOT_OBSERVED,37336478275100,548600,PITCH,0.04,-0.16,-0.19,0.0,0.0,0.0,0.0,0,1500,0,1,PID_ATTITUDE
460.877460,360-480_PITCH_MOTION_NOT_OBSERVED,37336526133000,548700,PITCH,0.04,-0.16,-0.19,0.0,0.0,0.0,0.0,0,1500,0,1,PID_ATTITUDE
461.030463,360-480_PITCH_MOTION_NOT_OBSERVED,37336679135700,548800,PITCH,0.04,-0.15,-0.18,0.0,0.0,0.0,0.0,0,1500,0,1,PID_ATTITUDE
461.122892,360-480_PITCH_MOTION_NOT_OBSERVED,37336771564900,548900,PITCH,0.03,-0.14,-0.17,0.0,0.0,0.0,0.0,0,1500,0,1,PID_ATTITUDE
461.233079,360-480_PITCH_MOTION_NOT_OBSERVED,37336881751800,549000,PITCH,0.03,-0.14,-0.17,0.0,0.0,0.0,0.0,0,1500,0,1,PID_ATTITUDE
461.325394,360-480_PITCH_MOTION_NOT_OBSERVED,37336974066700,549100,PITCH,0.04,-0.14,-0.17,0.0,0.0,0.0,0.0,0,1500,0,1,PID_ATTITUDE
461.433226,360-480_PITCH_MOTION_NOT_OBSERVED,37337081899300,549200,PITCH,0.03,-0.15,-0.17,0.0,0.0,0.0,0.0,0,1500,0,1,PID_ATTITUDE
461.525138,360-480_PITCH_MOTION_NOT_OBSERVED,37337173810800,549300,PITCH,0.04,-0.15,-0.18,0.0,0.0,0.0,0.0,0,1500,0,1,PID_ATTITUDE
461.633526,360-480_PITCH_MOTION_NOT_OBSERVED,37337282198500,549400,PITCH,0.05,-0.15,-0.18,0.0,0.0,0.0,0.0,0,1500,0,1,PID_ATTITUDE
461.727114,360-480_PITCH_MOTION_NOT_OBSERVED,37337375787200,549500,PITCH,0.05,-0.14,-0.17,0.0,0.0,0.0,0.0,0,1500,0,1,PID_ATTITUDE
461.835652,360-480_PITCH_MOTION_NOT_OBSERVED,37337484325000,549600,PITCH,0.04,-0.15,-0.18,0.0,0.0,0.0,0.0,0,1500,0,1,PID_ATTITUDE
461.877497,360-480_PITCH_MOTION_NOT_OBSERVED,37337526170200,549700,PITCH,0.05,-0.15,-0.18,0.0,0.0,0.0,0.0,0,1500,0,1,PID_ATTITUDE
462.036558,360-480_PITCH_MOTION_NOT_OBSERVED,37337685230400,549800,PITCH,0.05,-0.16,-0.19,0.0,0.0,0.0,0.0,0,1500,0,1,PID_ATTITUDE
462.131569,360-480_PITCH_MOTION_NOT_OBSERVED,37337780242200,549900,PITCH,0.04,-0.17,-0.2,0.0,0.0,0.0,0.0,0,1500,0,1,PID_ATTITUDE
462.224744,360-480_PITCH_MOTION_NOT_OBSERVED,37337873416900,550000,PITCH,0.04,-0.17,-0.2,0.0,0.0,0.0,0.0,0,1500,0,1,PID_ATTITUDE
462.332545,360-480_PITCH_MOTION_NOT_OBSERVED,37337981217800,550100,PITCH,0.03,-0.16,-0.19,0.0,0.0,0.0,0.0,0,1500,0,1,PID_ATTITUDE
462.425301,360-480_PITCH_MOTION_NOT_OBSERVED,37338073973900,550200,PITCH,0.02,-0.16,-0.19,0.0,0.0,0.0,0.0,0,1500,0,1,PID_ATTITUDE
462.535115,360-480_PITCH_MOTION_NOT_OBSERVED,37338183787500,550300,PITCH,0.01,-0.15,-0.18,0.0,0.0,0.0,0.0,0,1500,0,1,PID_ATTITUDE
462.628359,360-480_PITCH_MOTION_NOT_OBSERVED,37338277032200,550400,PITCH,0.02,-0.15,-0.18,0.0,0.0,0.0,0.0,0,1500,0,1,PID_ATTITUDE
462.735460,360-480_PITCH_MOTION_NOT_OBSERVED,37338384133300,550500,PITCH,0.02,-0.16,-0.19,0.0,0.0,0.0,0.0,0,1500,0,1,PID_ATTITUDE
462.828569,360-480_PITCH_MOTION_NOT_OBSERVED,37338477241400,550600,PITCH,0.02,-0.16,-0.19,0.0,0.0,0.0,0.0,0,1500,0,1,PID_ATTITUDE
462.877315,360-480_PITCH_MOTION_NOT_OBSERVED,37338525987400,550700,PITCH,0.03,-0.17,-0.2,0.0,0.0,0.0,0.0,0,1500,0,1,PID_ATTITUDE
463.031544,360-480_PITCH_MOTION_NOT_OBSERVED,37338680216500,550800,PITCH,0.04,-0.16,-0.19,0.0,0.0,0.0,0.0,0,1500,0,1,PID_ATTITUDE
463.124619,360-480_PITCH_MOTION_NOT_OBSERVED,37338773292000,550900,PITCH,0.04,-0.17,-0.19,0.0,0.0,0.0,0.0,0,1500,0,1,PID_ATTITUDE
463.236106,360-480_PITCH_MOTION_NOT_OBSERVED,37338884779100,551000,PITCH,0.03,-0.16,-0.19,0.0,0.0,0.0,0.0,0,1500,0,1,PID_ATTITUDE
463.328836,360-480_PITCH_MOTION_NOT_OBSERVED,37338977508700,551100,PITCH,0.04,-0.16,-0.19,0.0,0.0,0.0,0.0,0,1500,0,1,PID_ATTITUDE
463.437476,360-480_PITCH_MOTION_NOT_OBSERVED,37339086148500,551200,PITCH,0.05,-0.16,-0.19,0.0,0.0,0.0,0.0,0,1500,0,1,PID_ATTITUDE
463.529762,360-480_PITCH_MOTION_NOT_OBSERVED,37339178434500,551300,PITCH,0.04,-0.16,-0.19,0.0,0.0,0.0,0.0,0,1500,0,1,PID_ATTITUDE
463.638404,360-480_PITCH_MOTION_NOT_OBSERVED,37339287077400,551400,PITCH,0.04,-0.15,-0.18,0.0,0.0,0.0,0.0,0,1500,0,1,PID_ATTITUDE
463.732588,360-480_PITCH_MOTION_NOT_OBSERVED,37339381261100,551500,PITCH,0.04,-0.14,-0.18,0.0,0.0,0.0,0.0,0,1500,0,1,PID_ATTITUDE
463.826051,360-480_PITCH_MOTION_NOT_OBSERVED,37339474723400,551600,PITCH,0.03,-0.14,-0.17,0.0,0.0,0.0,0.0,0,1500,0,1,PID_ATTITUDE
463.877161,360-480_PITCH_MOTION_NOT_OBSERVED,37339525833500,551700,PITCH,0.03,-0.15,-0.18,0.0,0.0,0.0,0.0,0,1500,0,1,PID_ATTITUDE
464.030491,360-480_PITCH_MOTION_NOT_OBSERVED,37339679164300,551800,PITCH,0.03,-0.15,-0.18,0.0,0.0,0.0,0.0,0,1500,0,1,PID_ATTITUDE
464.122898,360-480_PITCH_MOTION_NOT_OBSERVED,37339771571000,551900,PITCH,0.04,-0.15,-0.18,0.0,0.0,0.0,0.0,0,1500,0,1,PID_ATTITUDE
464.232075,360-480_PITCH_MOTION_NOT_OBSERVED,37339880748000,552000,PITCH,0.03,-0.16,-0.19,0.0,0.0,0.0,0.0,0,1500,0,1,PID_ATTITUDE
464.326987,360-480_PITCH_MOTION_NOT_OBSERVED,37339975659900,552100,PITCH,0.03,-0.17,-0.2,0.0,0.0,0.0,0.0,0,1500,0,1,PID_ATTITUDE
464.436693,360-480_PITCH_MOTION_NOT_OBSERVED,37340085365800,552200,PITCH,0.03,-0.17,-0.2,0.0,0.0,0.0,0.0,0,1500,0,1,PID_ATTITUDE
464.531965,360-480_PITCH_MOTION_NOT_OBSERVED,37340180637900,552300,PITCH,0.04,-0.17,-0.2,0.0,0.0,0.0,0.0,0,1500,0,1,PID_ATTITUDE
464.626115,360-480_PITCH_MOTION_NOT_OBSERVED,37340274787600,552400,PITCH,0.04,-0.17,-0.2,0.0,0.0,0.0,0.0,0,1500,0,1,PID_ATTITUDE
464.735913,360-480_PITCH_MOTION_NOT_OBSERVED,37340384585600,552500,PITCH,0.04,-0.17,-0.2,0.0,0.0,0.0,0.0,0,1500,0,1,PID_ATTITUDE
464.830467,360-480_PITCH_MOTION_NOT_OBSERVED,37340479140300,552600,PITCH,0.04,-0.17,-0.2,0.0,0.0,0.0,0.0,0,1500,0,1,PID_ATTITUDE
464.877134,360-480_PITCH_MOTION_NOT_OBSERVED,37340525806400,552700,PITCH,0.04,-0.18,-0.21,0.0,0.0,0.0,0.0,0,1500,0,1,PID_ATTITUDE
465.031494,360-480_PITCH_MOTION_NOT_OBSERVED,37340680166700,552800,PITCH,0.05,-0.18,-0.21,0.0,0.0,0.0,0.0,0,1500,0,1,PID_ATTITUDE
465.123743,360-480_PITCH_MOTION_NOT_OBSERVED,37340772416200,552900,PITCH,0.06,-0.17,-0.2,0.0,0.0,0.0,0.0,0,1500,0,1,PID_ATTITUDE
465.232252,360-480_PITCH_MOTION_NOT_OBSERVED,37340880925200,553000,PITCH,0.05,-0.17,-0.2,0.0,0.0,0.0,0.0,0,1500,0,1,PID_ATTITUDE
465.325777,360-480_PITCH_MOTION_NOT_OBSERVED,37340974449400,553100,PITCH,0.06,-0.16,-0.19,0.0,0.0,0.0,0.0,0,1500,0,1,PID_ATTITUDE
465.435455,360-480_PITCH_MOTION_NOT_OBSERVED,37341084127900,553200,PITCH,0.06,-0.16,-0.19,0.0,0.0,0.0,0.0,0,1500,0,1,PID_ATTITUDE
465.527064,360-480_PITCH_MOTION_NOT_OBSERVED,37341175736600,553300,PITCH,0.05,-0.16,-0.19,0.0,0.0,0.0,0.0,0,1500,0,1,PID_ATTITUDE
465.634680,360-480_PITCH_MOTION_NOT_OBSERVED,37341283353000,553400,PITCH,0.05,-0.15,-0.18,0.0,0.0,0.0,0.0,0,1500,0,1,PID_ATTITUDE
465.728251,360-480_PITCH_MOTION_NOT_OBSERVED,37341376924400,553500,PITCH,0.04,-0.15,-0.19,0.0,0.0,0.0,0.0,0,1500,0,1,PID_ATTITUDE
465.836013,360-480_PITCH_MOTION_NOT_OBSERVED,37341484685500,553600,PITCH,0.04,-0.15,-0.18,0.0,0.0,0.0,0.0,0,1500,0,1,PID_ATTITUDE
465.876877,360-480_PITCH_MOTION_NOT_OBSERVED,37341525550100,553700,PITCH,0.04,-0.15,-0.18,0.0,0.0,0.0,0.0,0,1500,0,1,PID_ATTITUDE
466.023139,360-480_PITCH_MOTION_NOT_OBSERVED,37341671811500,553800,PITCH,0.03,-0.14,-0.17,0.0,0.0,0.0,0.0,0,1500,0,1,PID_ATTITUDE
466.131869,360-480_PITCH_MOTION_NOT_OBSERVED,37341780541800,553900,PITCH,0.02,-0.14,-0.17,0.0,0.0,0.0,0.0,0,1500,0,1,PID_ATTITUDE
466.225249,360-480_PITCH_MOTION_NOT_OBSERVED,37341873921500,554000,PITCH,0.03,-0.14,-0.17,0.0,0.0,0.0,0.0,0,1500,0,1,PID_ATTITUDE
466.332987,360-480_PITCH_MOTION_NOT_OBSERVED,37341981659700,554100,PITCH,0.03,-0.15,-0.18,0.0,0.0,0.0,0.0,0,1500,0,1,PID_ATTITUDE
466.425479,360-480_PITCH_MOTION_NOT_OBSERVED,37342074151800,554200,PITCH,0.03,-0.15,-0.18,0.0,0.0,0.0,0.0,0,1500,0,1,PID_ATTITUDE
466.531777,360-480_PITCH_MOTION_NOT_OBSERVED,37342180449900,554300,PITCH,0.03,-0.16,-0.19,0.0,0.0,0.0,0.0,0,1500,0,1,PID_ATTITUDE
466.623626,360-480_PITCH_MOTION_NOT_OBSERVED,37342272299100,554400,PITCH,0.03,-0.16,-0.18,0.0,0.0,0.0,0.0,0,1500,0,1,PID_ATTITUDE
466.733024,360-480_PITCH_MOTION_NOT_OBSERVED,37342381697400,554500,PITCH,0.02,-0.15,-0.18,0.0,0.0,0.0,0.0,0,1500,0,1,PID_ATTITUDE
466.826256,360-480_PITCH_MOTION_NOT_OBSERVED,37342474928400,554600,PITCH,0.02,-0.14,-0.17,0.0,0.0,0.0,0.0,0,1500,0,1,PID_ATTITUDE
466.876542,360-480_PITCH_MOTION_NOT_OBSERVED,37342525214900,554700,PITCH,0.02,-0.15,-0.18,0.0,0.0,0.0,0.0,0,1500,0,1,PID_ATTITUDE
467.029104,360-480_PITCH_MOTION_NOT_OBSERVED,37342677777300,554800,PITCH,0.01,-0.15,-0.18,0.0,0.0,0.0,0.0,0,1500,0,1,PID_ATTITUDE
467.136905,360-480_PITCH_MOTION_NOT_OBSERVED,37342785578000,554900,PITCH,0.02,-0.14,-0.18,0.0,0.0,0.0,0.0,0,1500,0,1,PID_ATTITUDE
467.229949,360-480_PITCH_MOTION_NOT_OBSERVED,37342878622100,555000,PITCH,0.01,-0.15,-0.18,0.0,0.0,0.0,0.0,0,1500,0,1,PID_ATTITUDE
467.323376,360-480_PITCH_MOTION_NOT_OBSERVED,37342972049300,555100,PITCH,0.02,-0.15,-0.18,0.0,0.0,0.0,0.0,0,1500,0,1,PID_ATTITUDE
467.432436,360-480_PITCH_MOTION_NOT_OBSERVED,37343081109100,555200,PITCH,0.03,-0.15,-0.18,0.0,0.0,0.0,0.0,0,1500,0,1,PID_ATTITUDE
467.526230,360-480_PITCH_MOTION_NOT_OBSERVED,37343174903100,555300,PITCH,0.03,-0.15,-0.18,0.0,0.0,0.0,0.0,0,1500,0,1,PID_ATTITUDE
467.635279,360-480_PITCH_MOTION_NOT_OBSERVED,37343283951900,555400,PITCH,0.02,-0.16,-0.2,0.0,0.0,0.0,0.0,0,1500,0,1,PID_ATTITUDE
467.728819,360-480_PITCH_MOTION_NOT_OBSERVED,37343377491700,555500,PITCH,0.02,-0.16,-0.19,0.0,0.0,0.0,0.0,0,1500,0,1,PID_ATTITUDE
467.836067,360-480_PITCH_MOTION_NOT_OBSERVED,37343484739600,555600,PITCH,0.02,-0.15,-0.18,0.0,0.0,0.0,0.0,0,1500,0,1,PID_ATTITUDE
467.876555,360-480_PITCH_MOTION_NOT_OBSERVED,37343525227700,555700,PITCH,0.02,-0.14,-0.17,0.0,0.0,0.0,0.0,0,1500,0,1,PID_ATTITUDE
468.023271,360-480_PITCH_MOTION_NOT_OBSERVED,37343671944100,555800,PITCH,0.02,-0.15,-0.18,0.0,0.0,0.0,0.0,0,1500,0,1,PID_ATTITUDE
468.133327,360-480_PITCH_MOTION_NOT_OBSERVED,37343781999900,555900,PITCH,0.02,-0.15,-0.18,0.0,0.0,0.0,0.0,0,1500,0,1,PID_ATTITUDE
468.225745,360-480_PITCH_MOTION_NOT_OBSERVED,37343874417800,556000,PITCH,0.03,-0.15,-0.18,0.0,0.0,0.0,0.0,0,1500,0,1,PID_ATTITUDE
468.333951,360-480_PITCH_MOTION_NOT_OBSERVED,37343982623500,556100,PITCH,0.03,-0.14,-0.17,0.0,0.0,0.0,0.0,0,1500,0,1,PID_ATTITUDE
468.427333,360-480_PITCH_MOTION_NOT_OBSERVED,37344076005600,556200,PITCH,0.02,-0.16,-0.19,0.0,0.0,0.0,0.0,0,1500,0,1,PID_ATTITUDE
468.534504,360-480_PITCH_MOTION_NOT_OBSERVED,37344183176500,556300,PITCH,0.01,-0.17,-0.2,0.0,0.0,0.0,0.0,0,1500,0,1,PID_ATTITUDE
468.628311,360-480_PITCH_MOTION_NOT_OBSERVED,37344276983800,556400,PITCH,0.01,-0.17,-0.2,0.0,0.0,0.0,0.0,0,1500,0,1,PID_ATTITUDE
468.722195,360-480_PITCH_MOTION_NOT_OBSERVED,37344370867700,556500,PITCH,0.01,-0.17,-0.21,0.0,0.0,0.0,0.0,0,1500,0,1,PID_ATTITUDE
468.830986,360-480_PITCH_MOTION_NOT_OBSERVED,37344479658900,556600,PITCH,0.01,-0.17,-0.2,0.0,0.0,0.0,0.0,0,1500,0,1,PID_ATTITUDE
468.876247,360-480_PITCH_MOTION_NOT_OBSERVED,37344524919800,556700,PITCH,0.02,-0.18,-0.21,0.0,0.0,0.0,0.0,0,1500,0,1,PID_ATTITUDE
469.035219,360-480_PITCH_MOTION_NOT_OBSERVED,37344683892000,556800,PITCH,0.02,-0.19,-0.22,0.0,0.0,0.0,0.0,0,1500,0,1,PID_ATTITUDE
469.128733,360-480_PITCH_MOTION_NOT_OBSERVED,37344777405900,556900,PITCH,0.02,-0.18,-0.21,0.0,0.0,0.0,0.0,0,1500,0,1,PID_ATTITUDE
469.237280,360-480_PITCH_MOTION_NOT_OBSERVED,37344885953200,557000,PITCH,0.03,-0.16,-0.19,0.0,0.0,0.0,0.0,0,1500,0,1,PID_ATTITUDE
469.330210,360-480_PITCH_MOTION_NOT_OBSERVED,37344978883300,557100,PITCH,0.04,-0.16,-0.19,0.0,0.0,0.0,0.0,0,1500,0,1,PID_ATTITUDE
469.425218,360-480_PITCH_MOTION_NOT_OBSERVED,37345073890500,557200,PITCH,0.04,-0.15,-0.18,0.0,0.0,0.0,0.0,0,1500,0,1,PID_ATTITUDE
469.535574,360-480_PITCH_MOTION_NOT_OBSERVED,37345184247000,557300,PITCH,0.04,-0.16,-0.19,0.0,0.0,0.0,0.0,0,1500,0,1,PID_ATTITUDE
469.627621,360-480_PITCH_MOTION_NOT_OBSERVED,37345276293800,557400,PITCH,0.03,-0.17,-0.2,0.0,0.0,0.0,0.0,0,1500,0,1,PID_ATTITUDE
469.736543,360-480_PITCH_MOTION_NOT_OBSERVED,37345385216400,557500,PITCH,0.03,-0.18,-0.21,0.0,0.0,0.0,0.0,0,1500,0,1,PID_ATTITUDE
469.829015,360-480_PITCH_MOTION_NOT_OBSERVED,37345477687800,557600,PITCH,0.04,-0.16,-0.19,0.0,0.0,0.0,0.0,0,1500,0,1,PID_ATTITUDE
469.876144,360-480_PITCH_MOTION_NOT_OBSERVED,37345524816800,557700,PITCH,0.04,-0.15,-0.18,0.0,0.0,0.0,0.0,0,1500,0,1,PID_ATTITUDE
470.032639,360-480_PITCH_MOTION_NOT_OBSERVED,37345681311600,557800,PITCH,0.03,-0.14,-0.17,0.0,0.0,0.0,0.0,0,1500,0,1,PID_ATTITUDE
470.124843,360-480_PITCH_MOTION_NOT_OBSERVED,37345773515500,557900,PITCH,0.03,-0.14,-0.17,0.0,0.0,0.0,0.0,0,1500,0,1,PID_ATTITUDE
470.233174,360-480_PITCH_MOTION_NOT_OBSERVED,37345881846400,558000,PITCH,0.03,-0.15,-0.18,0.0,0.0,0.0,0.0,0,1500,0,1,PID_ATTITUDE
470.326960,360-480_PITCH_MOTION_NOT_OBSERVED,37345975632700,558100,PITCH,0.04,-0.15,-0.19,0.0,0.0,0.0,0.0,0,1500,0,1,PID_ATTITUDE
470.421959,360-480_PITCH_MOTION_NOT_OBSERVED,37346070631700,558200,PITCH,0.05,-0.16,-0.19,0.0,0.0,0.0,0.0,0,1500,0,1,PID_ATTITUDE
470.531578,360-480_PITCH_MOTION_NOT_OBSERVED,37346180250500,558300,PITCH,0.05,-0.16,-0.19,0.0,0.0,0.0,0.0,0,1500,0,1,PID_ATTITUDE
470.624551,360-480_PITCH_MOTION_NOT_OBSERVED,37346273223600,558400,PITCH,0.05,-0.16,-0.18,0.0,0.0,0.0,0.0,0,1500,0,1,PID_ATTITUDE
470.734362,360-480_PITCH_MOTION_NOT_OBSERVED,37346383035200,558500,PITCH,0.04,-0.14,-0.17,0.0,0.0,0.0,0.0,0,1500,0,1,PID_ATTITUDE
470.828123,360-480_PITCH_MOTION_NOT_OBSERVED,37346476795800,558600,PITCH,0.04,-0.15,-0.18,0.0,0.0,0.0,0.0,0,1500,0,1,PID_ATTITUDE
470.876025,360-480_PITCH_MOTION_NOT_OBSERVED,37346524698100,558700,PITCH,0.05,-0.15,-0.18,0.0,0.0,0.0,0.0,0,1500,0,1,PID_ATTITUDE
471.029321,360-480_PITCH_MOTION_NOT_OBSERVED,37346677994000,558800,PITCH,0.05,-0.15,-0.18,0.0,0.0,0.0,0.0,0,1500,0,1,PID_ATTITUDE
471.122413,360-480_PITCH_MOTION_NOT_OBSERVED,37346771085800,558900,PITCH,0.05,-0.15,-0.18,0.0,0.0,0.0,0.0,0,1500,0,1,PID_ATTITUDE
471.231304,360-480_PITCH_MOTION_NOT_OBSERVED,37346879977000,559000,PITCH,0.05,-0.15,-0.18,0.0,0.0,0.0,0.0,0,1500,0,1,PID_ATTITUDE
471.324948,360-480_PITCH_MOTION_NOT_OBSERVED,37346973620400,559100,PITCH,0.05,-0.15,-0.17,0.0,0.0,0.0,0.0,0,1500,0,1,PID_ATTITUDE
471.433703,360-480_PITCH_MOTION_NOT_OBSERVED,37347082375600,559200,PITCH,0.06,-0.14,-0.17,0.0,0.0,0.0,0.0,0,1500,0,1,PID_ATTITUDE
471.526593,360-480_PITCH_MOTION_NOT_OBSERVED,37347175265700,559300,PITCH,0.05,-0.15,-0.18,0.0,0.0,0.0,0.0,0,1500,0,1,PID_ATTITUDE
471.634402,360-480_PITCH_MOTION_NOT_OBSERVED,37347283075000,559400,PITCH,0.04,-0.15,-0.18,0.0,0.0,0.0,0.0,0,1500,0,1,PID_ATTITUDE
471.726861,360-480_PITCH_MOTION_NOT_OBSERVED,37347375533900,559500,PITCH,0.05,-0.16,-0.19,0.0,0.0,0.0,0.0,0,1500,0,1,PID_ATTITUDE
471.835505,360-480_PITCH_MOTION_NOT_OBSERVED,37347484178100,559600,PITCH,0.05,-0.15,-0.18,0.0,0.0,0.0,0.0,0,1500,0,1,PID_ATTITUDE
471.875980,360-480_PITCH_MOTION_NOT_OBSERVED,37347524653100,559700,PITCH,0.05,-0.14,-0.17,0.0,0.0,0.0,0.0,0,1500,0,1,PID_ATTITUDE
472.036735,360-480_PITCH_MOTION_NOT_OBSERVED,37347685407700,559800,PITCH,0.05,-0.15,-0.18,0.0,0.0,0.0,0.0,0,1500,0,1,PID_ATTITUDE
472.131298,360-480_PITCH_MOTION_NOT_OBSERVED,37347779970500,559900,PITCH,0.05,-0.15,-0.18,0.0,0.0,0.0,0.0,0,1500,0,1,PID_ATTITUDE
472.224398,360-480_PITCH_MOTION_NOT_OBSERVED,37347873071300,560000,PITCH,0.04,-0.14,-0.17,0.0,0.0,0.0,0.0,0,1500,0,1,PID_ATTITUDE
472.333978,360-480_PITCH_MOTION_NOT_OBSERVED,37347982650800,560100,PITCH,0.02,-0.14,-0.17,0.0,0.0,0.0,0.0,0,1500,0,1,PID_ATTITUDE
472.427905,360-480_PITCH_MOTION_NOT_OBSERVED,37348076577800,560200,PITCH,0.02,-0.14,-0.17,0.0,0.0,0.0,0.0,0,1500,0,1,PID_ATTITUDE
472.522911,360-480_PITCH_MOTION_NOT_OBSERVED,37348171584300,560300,PITCH,0.02,-0.14,-0.17,0.0,0.0,0.0,0.0,0,1500,0,1,PID_ATTITUDE
472.634294,360-480_PITCH_MOTION_NOT_OBSERVED,37348282966400,560400,PITCH,0.02,-0.15,-0.18,0.0,0.0,0.0,0.0,0,1500,0,1,PID_ATTITUDE
472.727914,360-480_PITCH_MOTION_NOT_OBSERVED,37348376586700,560500,PITCH,0.02,-0.15,-0.18,0.0,0.0,0.0,0.0,0,1500,0,1,PID_ATTITUDE
472.835782,360-480_PITCH_MOTION_NOT_OBSERVED,37348484454700,560600,PITCH,0.01,-0.15,-0.18,0.0,0.0,0.0,0.0,0,1500,0,1,PID_ATTITUDE
472.875801,360-480_PITCH_MOTION_NOT_OBSERVED,37348524473700,560700,PITCH,0.01,-0.15,-0.18,0.0,0.0,0.0,0.0,0,1500,0,1,PID_ATTITUDE
473.021916,360-480_PITCH_MOTION_NOT_OBSERVED,37348670588800,560800,PITCH,0.02,-0.15,-0.18,0.0,0.0,0.0,0.0,0,1500,0,1,PID_ATTITUDE
473.130434,360-480_PITCH_MOTION_NOT_OBSERVED,37348779106600,560900,PITCH,0.02,-0.15,-0.18,0.0,0.0,0.0,0.0,0,1500,0,1,PID_ATTITUDE
473.223539,360-480_PITCH_MOTION_NOT_OBSERVED,37348872212000,561000,PITCH,0.02,-0.15,-0.18,0.0,0.0,0.0,0.0,0,1500,0,1,PID_ATTITUDE
473.331444,360-480_PITCH_MOTION_NOT_OBSERVED,37348980116900,561100,PITCH,0.03,-0.14,-0.17,0.0,0.0,0.0,0.0,0,1500,0,1,PID_ATTITUDE
473.423727,360-480_PITCH_MOTION_NOT_OBSERVED,37349072400300,561200,PITCH,0.02,-0.13,-0.15,0.0,0.0,0.0,0.0,0,1500,0,1,PID_ATTITUDE
473.532143,360-480_PITCH_MOTION_NOT_OBSERVED,37349180816300,561300,PITCH,0.02,-0.12,-0.15,0.0,0.0,0.0,0.0,0,1500,0,1,PID_ATTITUDE
473.625732,360-480_PITCH_MOTION_NOT_OBSERVED,37349274404500,561400,PITCH,0.03,-0.13,-0.16,0.0,0.0,0.0,0.0,0,1500,0,1,PID_ATTITUDE
473.733615,360-480_PITCH_MOTION_NOT_OBSERVED,37349382288200,561500,PITCH,0.02,-0.14,-0.18,0.0,0.0,0.0,0.0,0,1500,0,1,PID_ATTITUDE
473.827290,360-480_PITCH_MOTION_NOT_OBSERVED,37349475963000,561600,PITCH,0.02,-0.15,-0.18,0.0,0.0,0.0,0.0,0,1500,0,1,PID_ATTITUDE
473.875686,360-480_PITCH_MOTION_NOT_OBSERVED,37349524359300,561700,PITCH,0.02,-0.16,-0.19,0.0,0.0,0.0,0.0,0,1500,0,1,PID_ATTITUDE
474.028897,360-480_PITCH_MOTION_NOT_OBSERVED,37349677569500,561800,PITCH,0.02,-0.17,-0.2,0.0,0.0,0.0,0.0,0,1500,0,1,PID_ATTITUDE
474.137041,360-480_PITCH_MOTION_NOT_OBSERVED,37349785714000,561900,PITCH,0.02,-0.16,-0.19,0.0,0.0,0.0,0.0,0,1500,0,1,PID_ATTITUDE
474.230800,360-480_PITCH_MOTION_NOT_OBSERVED,37349879472600,562000,PITCH,0.02,-0.17,-0.2,0.0,0.0,0.0,0.0,0,1500,0,1,PID_ATTITUDE
474.324221,360-480_PITCH_MOTION_NOT_OBSERVED,37349972894200,562100,PITCH,0.01,-0.16,-0.19,0.0,0.0,0.0,0.0,0,1500,0,1,PID_ATTITUDE
474.434024,360-480_PITCH_MOTION_NOT_OBSERVED,37350082696900,562200,PITCH,0.01,-0.16,-0.19,0.0,0.0,0.0,0.0,0,1500,0,1,PID_ATTITUDE
474.528029,360-480_PITCH_MOTION_NOT_OBSERVED,37350176701700,562300,PITCH,0.01,-0.17,-0.2,0.0,0.0,0.0,0.0,0,1500,0,1,PID_ATTITUDE
474.621025,360-480_PITCH_MOTION_NOT_OBSERVED,37350269698300,562400,PITCH,0.01,-0.18,-0.21,0.0,0.0,0.0,0.0,0,1500,0,1,PID_ATTITUDE
474.729872,360-480_PITCH_MOTION_NOT_OBSERVED,37350378545200,562500,PITCH,0.02,-0.18,-0.21,0.0,0.0,0.0,0.0,0,1500,0,1,PID_ATTITUDE
474.824925,360-480_PITCH_MOTION_NOT_OBSERVED,37350473598300,562600,PITCH,0.03,-0.18,-0.21,0.0,0.0,0.0,0.0,0,1500,0,1,PID_ATTITUDE
474.875347,360-480_PITCH_MOTION_NOT_OBSERVED,37350524020200,562700,PITCH,0.04,-0.18,-0.21,0.0,0.0,0.0,0.0,0,1500,0,1,PID_ATTITUDE
475.026615,360-480_PITCH_MOTION_NOT_OBSERVED,37350675288100,562800,PITCH,0.04,-0.18,-0.21,0.0,0.0,0.0,0.0,0,1500,0,1,PID_ATTITUDE
475.135214,360-480_PITCH_MOTION_NOT_OBSERVED,37350783886900,562900,PITCH,0.04,-0.17,-0.2,0.0,0.0,0.0,0.0,0,1500,0,1,PID_ATTITUDE
475.228913,360-480_PITCH_MOTION_NOT_OBSERVED,37350877585600,563000,PITCH,0.04,-0.17,-0.2,0.0,0.0,0.0,0.0,0,1500,0,1,PID_ATTITUDE
475.321507,360-480_PITCH_MOTION_NOT_OBSERVED,37350970180200,563100,PITCH,0.06,-0.15,-0.18,0.0,0.0,0.0,0.0,0,1500,0,1,PID_ATTITUDE
475.431102,360-480_PITCH_MOTION_NOT_OBSERVED,37351079774900,563200,PITCH,0.07,-0.15,-0.18,0.0,0.0,0.0,0.0,0,1500,0,1,PID_ATTITUDE
475.524411,360-480_PITCH_MOTION_NOT_OBSERVED,37351173083800,563300,PITCH,0.06,-0.14,-0.17,0.0,0.0,0.0,0.0,0,1500,0,1,PID_ATTITUDE
475.633917,360-480_PITCH_MOTION_NOT_OBSERVED,37351282589700,563400,PITCH,0.05,-0.14,-0.17,0.0,0.0,0.0,0.0,0,1500,0,1,PID_ATTITUDE
475.727226,360-480_PITCH_MOTION_NOT_OBSERVED,37351375898900,563500,PITCH,0.05,-0.14,-0.17,0.0,0.0,0.0,0.0,0,1500,0,1,PID_ATTITUDE
475.835776,360-480_PITCH_MOTION_NOT_OBSERVED,37351484448600,563600,PITCH,0.04,-0.14,-0.17,0.0,0.0,0.0,0.0,0,1500,0,1,PID_ATTITUDE
475.875359,360-480_PITCH_MOTION_NOT_OBSERVED,37351524031400,563700,PITCH,0.04,-0.14,-0.16,0.0,0.0,0.0,0.0,0,1500,0,1,PID_ATTITUDE
476.021542,360-480_PITCH_MOTION_NOT_OBSERVED,37351670215200,563800,PITCH,0.03,-0.14,-0.17,0.0,0.0,0.0,0.0,0,1500,0,1,PID_ATTITUDE
476.130584,360-480_PITCH_MOTION_NOT_OBSERVED,37351779256500,563900,PITCH,0.02,-0.14,-0.17,0.0,0.0,0.0,0.0,0,1500,0,1,PID_ATTITUDE
476.223427,360-480_PITCH_MOTION_NOT_OBSERVED,37351872099600,564000,PITCH,0.03,-0.15,-0.18,0.0,0.0,0.0,0.0,0,1500,0,1,PID_ATTITUDE
476.332426,360-480_PITCH_MOTION_NOT_OBSERVED,37351981098700,564100,PITCH,0.01,-0.15,-0.18,0.0,0.0,0.0,0.0,0,1500,0,1,PID_ATTITUDE
476.425465,360-480_PITCH_MOTION_NOT_OBSERVED,37352074138000,564200,PITCH,0.01,-0.15,-0.17,0.0,0.0,0.0,0.0,0,1500,0,1,PID_ATTITUDE
476.533522,360-480_PITCH_MOTION_NOT_OBSERVED,37352182194700,564300,PITCH,0.02,-0.14,-0.17,0.0,0.0,0.0,0.0,0,1500,0,1,PID_ATTITUDE
476.628463,360-480_PITCH_MOTION_NOT_OBSERVED,37352277135700,564400,PITCH,0.02,-0.14,-0.17,0.0,0.0,0.0,0.0,0,1500,0,1,PID_ATTITUDE
476.721866,360-480_PITCH_MOTION_NOT_OBSERVED,37352370539400,564500,PITCH,0.02,-0.14,-0.17,0.0,0.0,0.0,0.0,0,1500,0,1,PID_ATTITUDE
476.830079,360-480_PITCH_MOTION_NOT_OBSERVED,37352478751400,564600,PITCH,0.03,-0.14,-0.17,0.0,0.0,0.0,0.0,0,1500,0,1,PID_ATTITUDE
476.875263,360-480_PITCH_MOTION_NOT_OBSERVED,37352523935800,564700,PITCH,0.03,-0.13,-0.16,0.0,0.0,0.0,0.0,0,1500,0,1,PID_ATTITUDE
477.035408,360-480_PITCH_MOTION_NOT_OBSERVED,37352684081000,564800,PITCH,0.04,-0.13,-0.16,0.0,0.0,0.0,0.0,0,1500,0,1,PID_ATTITUDE
477.128775,360-480_PITCH_MOTION_NOT_OBSERVED,37352777447600,564900,PITCH,0.02,-0.12,-0.15,0.0,0.0,0.0,0.0,0,1500,0,1,PID_ATTITUDE
477.221270,360-480_PITCH_MOTION_NOT_OBSERVED,37352869942800,565000,PITCH,0.02,-0.13,-0.17,0.0,0.0,0.0,0.0,0,1500,0,1,PID_ATTITUDE
477.328856,360-480_PITCH_MOTION_NOT_OBSERVED,37352977528500,565100,PITCH,0.03,-0.14,-0.18,0.0,0.0,0.0,0.0,0,1500,0,1,PID_ATTITUDE
477.422246,360-480_PITCH_MOTION_NOT_OBSERVED,37353070918900,565200,PITCH,0.02,-0.15,-0.18,0.0,0.0,0.0,0.0,0,1500,0,1,PID_ATTITUDE
477.532449,360-480_PITCH_MOTION_NOT_OBSERVED,37353181121700,565300,PITCH,0.03,-0.15,-0.18,0.0,0.0,0.0,0.0,0,1500,0,1,PID_ATTITUDE
477.625278,360-480_PITCH_MOTION_NOT_OBSERVED,37353273951000,565400,PITCH,0.02,-0.15,-0.18,0.0,0.0,0.0,0.0,0,1500,0,1,PID_ATTITUDE
477.735417,360-480_PITCH_MOTION_NOT_OBSERVED,37353384089700,565500,PITCH,0.01,-0.15,-0.18,0.0,0.0,0.0,0.0,0,1500,0,1,PID_ATTITUDE
477.828471,360-480_PITCH_MOTION_NOT_OBSERVED,37353477143600,565600,PITCH,0.01,-0.15,-0.18,0.0,0.0,0.0,0.0,0,1500,0,1,PID_ATTITUDE
477.875336,360-480_PITCH_MOTION_NOT_OBSERVED,37353524009200,565700,PITCH,0.03,-0.16,-0.19,0.0,0.0,0.0,0.0,0,1500,0,1,PID_ATTITUDE
478.030389,360-480_PITCH_MOTION_NOT_OBSERVED,37353679061500,565800,PITCH,0.02,-0.16,-0.19,0.0,0.0,0.0,0.0,0,1500,0,1,PID_ATTITUDE
478.123720,360-480_PITCH_MOTION_NOT_OBSERVED,37353772393000,565900,PITCH,0.03,-0.16,-0.19,0.0,0.0,0.0,0.0,0,1500,0,1,PID_ATTITUDE
478.232879,360-480_PITCH_MOTION_NOT_OBSERVED,37353881551400,566000,PITCH,0.03,-0.17,-0.2,0.0,0.0,0.0,0.0,0,1500,0,1,PID_ATTITUDE
478.325472,360-480_PITCH_MOTION_NOT_OBSERVED,37353974145400,566100,PITCH,0.04,-0.17,-0.19,0.0,0.0,0.0,0.0,0,1500,0,1,PID_ATTITUDE
478.434783,360-480_PITCH_MOTION_NOT_OBSERVED,37354083456200,566200,PITCH,0.03,-0.17,-0.2,0.0,0.0,0.0,0.0,0,1500,0,1,PID_ATTITUDE
478.528177,360-480_PITCH_MOTION_NOT_OBSERVED,37354176850200,566300,PITCH,0.03,-0.16,-0.19,0.0,0.0,0.0,0.0,0,1500,0,1,PID_ATTITUDE
478.621354,360-480_PITCH_MOTION_NOT_OBSERVED,37354270027200,566400,PITCH,0.03,-0.16,-0.19,0.0,0.0,0.0,0.0,0,1500,0,1,PID_ATTITUDE
478.730003,360-480_PITCH_MOTION_NOT_OBSERVED,37354378676300,566500,PITCH,0.03,-0.16,-0.19,0.0,0.0,0.0,0.0,0,1500,0,1,PID_ATTITUDE
478.823032,360-480_PITCH_MOTION_NOT_OBSERVED,37354471704400,566600,PITCH,0.02,-0.16,-0.19,0.0,0.0,0.0,0.0,0,1500,0,1,PID_ATTITUDE
478.874962,360-480_PITCH_MOTION_NOT_OBSERVED,37354523634500,566700,PITCH,0.02,-0.17,-0.2,0.0,0.0,0.0,0.0,0,1500,0,1,PID_ATTITUDE
479.024321,360-480_PITCH_MOTION_NOT_OBSERVED,37354672993700,566800,PITCH,0.02,-0.17,-0.2,0.0,0.0,0.0,0.0,0,1500,0,1,PID_ATTITUDE
479.131876,360-480_PITCH_MOTION_NOT_OBSERVED,37354780549100,566900,PITCH,0.02,-0.18,-0.21,0.0,0.0,0.0,0.0,0,1500,0,1,PID_ATTITUDE
479.224245,360-480_PITCH_MOTION_NOT_OBSERVED,37354872918200,567000,PITCH,0.03,-0.19,-0.22,0.0,0.0,0.0,0.0,0,1500,0,1,PID_ATTITUDE
479.332523,360-480_PITCH_MOTION_NOT_OBSERVED,37354981196100,567100,PITCH,0.02,-0.19,-0.22,0.0,0.0,0.0,0.0,0,1500,0,1,PID_ATTITUDE
479.425681,360-480_PITCH_MOTION_NOT_OBSERVED,37355074353900,567200,PITCH,0.02,-0.19,-0.22,0.0,0.0,0.0,0.0,0,1500,0,1,PID_ATTITUDE
479.534134,360-480_PITCH_MOTION_NOT_OBSERVED,37355182806600,567300,PITCH,0.03,-0.18,-0.21,0.0,0.0,0.0,0.0,0,1500,0,1,PID_ATTITUDE
479.627997,360-480_PITCH_MOTION_NOT_OBSERVED,37355276670400,567400,PITCH,0.02,-0.18,-0.21,0.0,0.0,0.0,0.0,0,1500,0,1,PID_ATTITUDE
479.721050,360-480_PITCH_MOTION_NOT_OBSERVED,37355369723000,567500,PITCH,0.02,-0.17,-0.2,0.0,0.0,0.0,0.0,0,1500,0,1,PID_ATTITUDE
479.829339,360-480_PITCH_MOTION_NOT_OBSERVED,37355478011400,567600,PITCH,0.01,-0.17,-0.2,0.0,0.0,0.0,0.0,0,1500,0,1,PID_ATTITUDE
479.874790,360-480_PITCH_MOTION_NOT_OBSERVED,37355523463000,567700,PITCH,0.01,-0.18,-0.21,0.0,0.0,0.0,0.0,0,1500,0,1,PID_ATTITUDE
480.032377,480-600_STILL,37355681050100,567800,PITCH,0.01,-0.18,-0.21,0.0,0.0,0.0,0.0,0,1500,0,1,PID_ATTITUDE
480.125922,480-600_STILL,37355774594600,567900,PITCH,0.01,-0.19,-0.22,0.0,0.0,0.0,0.0,0,1500,0,1,PID_ATTITUDE
480.234838,480-600_STILL,37355883510700,568000,PITCH,0.01,-0.19,-0.21,0.0,0.0,0.0,0.0,0,1500,0,1,PID_ATTITUDE
480.328569,480-600_STILL,37355977242200,568100,PITCH,0.01,-0.19,-0.22,0.0,0.0,0.0,0.0,0,1500,0,1,PID_ATTITUDE
480.421260,480-600_STILL,37356069932900,568200,PITCH,0.01,-0.19,-0.22,0.0,0.0,0.0,0.0,0,1500,0,1,PID_ATTITUDE
480.528810,480-600_STILL,37356177482800,568300,PITCH,0.02,-0.18,-0.21,0.0,0.0,0.0,0.0,0,1500,0,1,PID_ATTITUDE
480.622992,480-600_STILL,37356271665300,568400,PITCH,0.04,-0.18,-0.21,0.0,0.0,0.0,0.0,0,1500,0,1,PID_ATTITUDE
480.731196,480-600_STILL,37356379869200,568500,PITCH,0.04,-0.19,-0.22,0.0,0.0,0.0,0.0,0,1500,0,1,PID_ATTITUDE
480.823956,480-600_STILL,37356472629200,568600,PITCH,0.04,-0.19,-0.22,0.0,0.0,0.0,0.0,0,1500,0,1,PID_ATTITUDE
480.874485,480-600_STILL,37356523158400,568700,PITCH,0.05,-0.19,-0.22,0.0,0.0,0.0,0.0,0,1500,0,1,PID_ATTITUDE
481.024833,480-600_STILL,37356673506100,568800,PITCH,0.05,-0.18,-0.21,0.0,0.0,0.0,0.0,0,1500,0,1,PID_ATTITUDE
481.134319,480-600_STILL,37356782992000,568900,PITCH,0.05,-0.18,-0.21,0.0,0.0,0.0,0.0,0,1500,0,1,PID_ATTITUDE
481.228190,480-600_STILL,37356876863400,569000,PITCH,0.04,-0.17,-0.19,0.0,0.0,0.0,0.0,0,1500,0,1,PID_ATTITUDE
481.323008,480-600_STILL,37356971680500,569100,PITCH,0.03,-0.16,-0.18,0.0,0.0,0.0,0.0,0,1500,0,1,PID_ATTITUDE
481.431790,480-600_STILL,37357080463300,569200,PITCH,0.02,-0.15,-0.17,0.0,0.0,0.0,0.0,0,1500,0,1,PID_ATTITUDE
481.524109,480-600_STILL,37357172782100,569300,PITCH,0.03,-0.15,-0.18,0.0,0.0,0.0,0.0,0,1500,0,1,PID_ATTITUDE
481.632694,480-600_STILL,37357281366500,569400,PITCH,0.03,-0.15,-0.18,0.0,0.0,0.0,0.0,0,1500,0,1,PID_ATTITUDE
481.726636,480-600_STILL,37357375308900,569500,PITCH,0.03,-0.15,-0.18,0.0,0.0,0.0,0.0,0,1500,0,1,PID_ATTITUDE
481.834205,480-600_STILL,37357482878100,569600,PITCH,0.02,-0.16,-0.19,0.0,0.0,0.0,0.0,0,1500,0,1,PID_ATTITUDE
481.874462,480-600_STILL,37357523135000,569700,PITCH,0.02,-0.17,-0.2,0.0,0.0,0.0,0.0,0,1500,0,1,PID_ATTITUDE
482.021154,480-600_STILL,37357669827000,569800,PITCH,0.02,-0.18,-0.21,0.0,0.0,0.0,0.0,0,1500,0,1,PID_ATTITUDE
482.130883,480-600_STILL,37357779555800,569900,PITCH,0.03,-0.19,-0.22,0.0,0.0,0.0,0.0,0,1500,0,1,PID_ATTITUDE
482.222808,480-600_STILL,37357871480900,570000,PITCH,0.04,-0.2,-0.23,0.0,0.0,0.0,0.0,0,1500,0,1,PID_ATTITUDE
482.331939,480-600_STILL,37357980612100,570100,PITCH,0.03,-0.19,-0.22,0.0,0.0,0.0,0.0,0,1500,0,1,PID_ATTITUDE
482.425712,480-600_STILL,37358074384700,570200,PITCH,0.03,-0.19,-0.22,0.0,0.0,0.0,0.0,0,1500,0,1,PID_ATTITUDE
482.533593,480-600_STILL,37358182265500,570300,PITCH,0.03,-0.19,-0.22,0.0,0.0,0.0,0.0,0,1500,0,1,PID_ATTITUDE
482.627776,480-600_STILL,37358276448700,570400,PITCH,0.05,-0.19,-0.22,0.0,0.0,0.0,0.0,0,1500,0,1,PID_ATTITUDE
482.722207,480-600_STILL,37358370880000,570500,PITCH,0.05,-0.19,-0.22,0.0,0.0,0.0,0.0,0,1500,0,1,PID_ATTITUDE
482.830694,480-600_STILL,37358479366800,570600,PITCH,0.06,-0.2,-0.23,0.0,0.0,0.0,0.0,0,1500,0,1,PID_ATTITUDE
482.874400,480-600_STILL,37358523073100,570700,PITCH,0.05,-0.2,-0.22,0.0,0.0,0.0,0.0,0,1500,0,1,PID_ATTITUDE
483.034997,480-600_STILL,37358683669700,570800,PITCH,0.05,-0.19,-0.22,0.0,0.0,0.0,0.0,0,1500,0,1,PID_ATTITUDE
483.128646,480-600_STILL,37358777318400,570900,PITCH,0.04,-0.18,-0.21,0.0,0.0,0.0,0.0,0,1500,0,1,PID_ATTITUDE
483.222709,480-600_STILL,37358871382200,571000,PITCH,0.03,-0.16,-0.19,0.0,0.0,0.0,0.0,0,1500,0,1,PID_ATTITUDE
483.332907,480-600_STILL,37358981580000,571100,PITCH,0.03,-0.16,-0.19,0.0,0.0,0.0,0.0,0,1500,0,1,PID_ATTITUDE
483.426702,480-600_STILL,37359075375100,571200,PITCH,0.04,-0.15,-0.18,0.0,0.0,0.0,0.0,0,1500,0,1,PID_ATTITUDE
483.520762,480-600_STILL,37359169435300,571300,PITCH,0.03,-0.14,-0.17,0.0,0.0,0.0,0.0,0,1500,0,1,PID_ATTITUDE
483.628089,480-600_STILL,37359276762000,571400,PITCH,0.03,-0.15,-0.18,0.0,0.0,0.0,0.0,0,1500,0,1,PID_ATTITUDE
483.721220,480-600_STILL,37359369892500,571500,PITCH,0.03,-0.14,-0.17,0.0,0.0,0.0,0.0,0,1500,0,1,PID_ATTITUDE
483.830094,480-600_STILL,37359478767000,571600,PITCH,0.04,-0.14,-0.17,0.0,0.0,0.0,0.0,0,1500,0,1,PID_ATTITUDE
483.874160,480-600_STILL,37359522832700,571700,PITCH,0.05,-0.14,-0.17,0.0,0.0,0.0,0.0,0,1500,0,1,PID_ATTITUDE
484.031527,480-600_STILL,37359680200200,571800,PITCH,0.04,-0.13,-0.16,0.0,0.0,0.0,0.0,0,1500,0,1,PID_ATTITUDE
484.124100,480-600_STILL,37359772772500,571900,PITCH,0.03,-0.13,-0.16,0.0,0.0,0.0,0.0,0,1500,0,1,PID_ATTITUDE
484.230400,480-600_STILL,37359879073200,572000,PITCH,0.02,-0.13,-0.16,0.0,0.0,0.0,0.0,0,1500,0,1,PID_ATTITUDE
484.323709,480-600_STILL,37359972381600,572100,PITCH,0.02,-0.13,-0.16,0.0,0.0,0.0,0.0,0,1500,0,1,PID_ATTITUDE
484.430780,480-600_STILL,37360079453300,572200,PITCH,0.03,-0.14,-0.17,0.0,0.0,0.0,0.0,0,1500,0,1,PID_ATTITUDE
484.522869,480-600_STILL,37360171541600,572300,PITCH,0.04,-0.14,-0.17,0.0,0.0,0.0,0.0,0,1500,0,1,PID_ATTITUDE
484.631707,480-600_STILL,37360280379800,572400,PITCH,0.03,-0.14,-0.17,0.0,0.0,0.0,0.0,0,1500,0,1,PID_ATTITUDE
484.725276,480-600_STILL,37360373948500,572500,PITCH,0.03,-0.14,-0.17,0.0,0.0,0.0,0.0,0,1500,0,1,PID_ATTITUDE
484.833180,480-600_STILL,37360481853200,572600,PITCH,0.03,-0.13,-0.17,0.0,0.0,0.0,0.0,0,1500,0,1,PID_ATTITUDE
484.874008,480-600_STILL,37360522681100,572700,PITCH,0.03,-0.14,-0.17,0.0,0.0,0.0,0.0,0,1500,0,1,PID_ATTITUDE
485.021279,480-600_STILL,37360669952300,572800,PITCH,0.04,-0.14,-0.17,0.0,0.0,0.0,0.0,0,1500,0,1,PID_ATTITUDE
485.131218,480-600_STILL,37360779890900,572900,PITCH,0.04,-0.15,-0.18,0.0,0.0,0.0,0.0,0,1500,0,1,PID_ATTITUDE
485.223412,480-600_STILL,37360872084700,573000,PITCH,0.04,-0.15,-0.18,0.0,0.0,0.0,0.0,0,1500,0,1,PID_ATTITUDE
485.332151,480-600_STILL,37360980823700,573100,PITCH,0.04,-0.16,-0.19,0.0,0.0,0.0,0.0,0,1500,0,1,PID_ATTITUDE
485.425469,480-600_STILL,37361074142200,573200,PITCH,0.04,-0.16,-0.19,0.0,0.0,0.0,0.0,0,1500,0,1,PID_ATTITUDE
485.534276,480-600_STILL,37361182948900,573300,PITCH,0.04,-0.15,-0.18,0.0,0.0,0.0,0.0,0,1500,0,1,PID_ATTITUDE
485.627932,480-600_STILL,37361276604500,573400,PITCH,0.04,-0.15,-0.18,0.0,0.0,0.0,0.0,0,1500,0,1,PID_ATTITUDE
485.721261,480-600_STILL,37361369933900,573500,PITCH,0.03,-0.15,-0.18,0.0,0.0,0.0,0.0,0,1500,0,1,PID_ATTITUDE
485.830723,480-600_STILL,37361479395500,573600,PITCH,0.03,-0.15,-0.18,0.0,0.0,0.0,0.0,0,1500,0,1,PID_ATTITUDE
485.873887,480-600_STILL,37361522559800,573700,PITCH,0.04,-0.16,-0.19,0.0,0.0,0.0,0.0,0,1500,0,1,PID_ATTITUDE
486.031235,480-600_STILL,37361679907600,573800,PITCH,0.05,-0.17,-0.2,0.0,0.0,0.0,0.0,0,1500,0,1,PID_ATTITUDE
486.123138,480-600_STILL,37361771811300,573900,PITCH,0.05,-0.17,-0.2,0.0,0.0,0.0,0.0,0,1500,0,1,PID_ATTITUDE
486.233446,480-600_STILL,37361882118800,574000,PITCH,0.06,-0.17,-0.2,0.0,0.0,0.0,0.0,0,1500,0,1,PID_ATTITUDE
486.326160,480-600_STILL,37361974833100,574100,PITCH,0.05,-0.17,-0.2,0.0,0.0,0.0,0.0,0,1500,0,1,PID_ATTITUDE
486.419769,480-600_STILL,37362068441600,574200,PITCH,0.04,-0.17,-0.2,0.0,0.0,0.0,0.0,0,1500,0,1,PID_ATTITUDE
486.529515,480-600_STILL,37362178188000,574300,PITCH,0.04,-0.17,-0.2,0.0,0.0,0.0,0.0,0,1500,0,1,PID_ATTITUDE
486.623626,480-600_STILL,37362272298900,574400,PITCH,0.05,-0.17,-0.2,0.0,0.0,0.0,0.0,0,1500,0,1,PID_ATTITUDE
486.731671,480-600_STILL,37362380343600,574500,PITCH,0.06,-0.18,-0.21,0.0,0.0,0.0,0.0,0,1500,0,1,PID_ATTITUDE
486.825049,480-600_STILL,37362473721900,574600,PITCH,0.06,-0.18,-0.21,0.0,0.0,0.0,0.0,0,1500,0,1,PID_ATTITUDE
486.873794,480-600_STILL,37362522466800,574700,PITCH,0.05,-0.17,-0.2,0.0,0.0,0.0,0.0,0,1500,0,1,PID_ATTITUDE
487.027226,480-600_STILL,37362675898600,574800,PITCH,0.04,-0.17,-0.2,0.0,0.0,0.0,0.0,0,1500,0,1,PID_ATTITUDE
487.121491,480-600_STILL,37362770164300,574900,PITCH,0.04,-0.17,-0.2,0.0,0.0,0.0,0.0,0,1500,0,1,PID_ATTITUDE
487.229450,480-600_STILL,37362878123200,575000,PITCH,0.05,-0.16,-0.19,0.0,0.0,0.0,0.0,0,1500,0,1,PID_ATTITUDE
487.322319,480-600_STILL,37362970992400,575100,PITCH,0.04,-0.15,-0.18,0.0,0.0,0.0,0.0,0,1500,0,1,PID_ATTITUDE
487.431769,480-600_STILL,37363080442400,575200,PITCH,0.03,-0.16,-0.19,0.0,0.0,0.0,0.0,0,1500,0,1,PID_ATTITUDE
487.524927,480-600_STILL,37363173600400,575300,PITCH,0.03,-0.15,-0.18,0.0,0.0,0.0,0.0,0,1500,0,1,PID_ATTITUDE
487.633611,480-600_STILL,37363282284100,575400,PITCH,0.03,-0.15,-0.19,0.0,0.0,0.0,0.0,0,1500,0,1,PID_ATTITUDE
487.726079,480-600_STILL,37363374751600,575500,PITCH,0.04,-0.17,-0.2,0.0,0.0,0.0,0.0,0,1500,0,1,PID_ATTITUDE
487.819534,480-600_STILL,37363468207100,575600,PITCH,0.02,-0.18,-0.21,0.0,0.0,0.0,0.0,0,1500,0,1,PID_ATTITUDE
487.873575,480-600_STILL,37363522247600,575700,PITCH,0.02,-0.18,-0.22,0.0,0.0,0.0,0.0,0,1500,0,1,PID_ATTITUDE
488.021967,480-600_STILL,37363670640300,575800,PITCH,0.02,-0.19,-0.22,0.0,0.0,0.0,0.0,0,1500,0,1,PID_ATTITUDE
488.130799,480-600_STILL,37363779471500,575900,PITCH,0.02,-0.19,-0.22,0.0,0.0,0.0,0.0,0,1500,0,1,PID_ATTITUDE
488.224861,480-600_STILL,37363873533600,576000,PITCH,0.02,-0.19,-0.22,0.0,0.0,0.0,0.0,0,1500,0,1,PID_ATTITUDE
488.332043,480-600_STILL,37363980715400,576100,PITCH,0.01,-0.19,-0.22,0.0,0.0,0.0,0.0,0,1500,0,1,PID_ATTITUDE
488.425110,480-600_STILL,37364073782400,576200,PITCH,0.02,-0.19,-0.22,0.0,0.0,0.0,0.0,0,1500,0,1,PID_ATTITUDE
488.519068,480-600_STILL,37364167741200,576300,PITCH,0.02,-0.19,-0.22,0.0,0.0,0.0,0.0,0,1500,0,1,PID_ATTITUDE
488.628231,480-600_STILL,37364276904200,576400,PITCH,0.02,-0.19,-0.22,0.0,0.0,0.0,0.0,0,1500,0,1,PID_ATTITUDE
488.721425,480-600_STILL,37364370098200,576500,PITCH,0.02,-0.19,-0.22,0.0,0.0,0.0,0.0,0,1500,0,1,PID_ATTITUDE
488.829668,480-600_STILL,37364478340400,576600,PITCH,0.03,-0.18,-0.21,0.0,0.0,0.0,0.0,0,1500,0,1,PID_ATTITUDE
488.873418,480-600_STILL,37364522091100,576700,PITCH,0.03,-0.19,-0.22,0.0,0.0,0.0,0.0,0,1500,0,1,PID_ATTITUDE
489.034036,480-600_STILL,37364682708800,576800,PITCH,0.03,-0.19,-0.22,0.0,0.0,0.0,0.0,0,1500,0,1,PID_ATTITUDE
489.128511,480-600_STILL,37364777184300,576900,PITCH,0.02,-0.19,-0.22,0.0,0.0,0.0,0.0,0,1500,0,1,PID_ATTITUDE
489.221282,480-600_STILL,37364869955300,577000,PITCH,0.04,-0.19,-0.22,0.0,0.0,0.0,0.0,0,1500,0,1,PID_ATTITUDE
489.330490,480-600_STILL,37364979162900,577100,PITCH,0.03,-0.19,-0.22,0.0,0.0,0.0,0.0,0,1500,0,1,PID_ATTITUDE
489.424758,480-600_STILL,37365073430800,577200,PITCH,0.03,-0.2,-0.23,0.0,0.0,0.0,0.0,0,1500,0,1,PID_ATTITUDE
489.534497,480-600_STILL,37365183170300,577300,PITCH,0.04,-0.2,-0.22,0.0,0.0,0.0,0.0,0,1500,0,1,PID_ATTITUDE
489.626747,480-600_STILL,37365275419700,577400,PITCH,0.04,-0.19,-0.22,0.0,0.0,0.0,0.0,0,1500,0,1,PID_ATTITUDE
489.719533,480-600_STILL,37365368205900,577500,PITCH,0.03,-0.18,-0.21,0.0,0.0,0.0,0.0,0,1500,0,1,PID_ATTITUDE
489.828108,480-600_STILL,37365476781200,577600,PITCH,0.02,-0.18,-0.21,0.0,0.0,0.0,0.0,0,1500,0,1,PID_ATTITUDE
489.873274,480-600_STILL,37365521947200,577700,PITCH,0.02,-0.18,-0.21,0.0,0.0,0.0,0.0,0,1500,0,1,PID_ATTITUDE
490.029742,480-600_STILL,37365678415200,577800,PITCH,0.01,-0.18,-0.21,0.0,0.0,0.0,0.0,0,1500,0,1,PID_ATTITUDE
490.124381,480-600_STILL,37365773054300,577900,PITCH,0.02,-0.17,-0.2,0.0,0.0,0.0,0.0,0,1500,0,1,PID_ATTITUDE
490.233777,480-600_STILL,37365882449700,578000,PITCH,0.02,-0.16,-0.19,0.0,0.0,0.0,0.0,0,1500,0,1,PID_ATTITUDE
490.327336,480-600_STILL,37365976008600,578100,PITCH,0.02,-0.16,-0.18,0.0,0.0,0.0,0.0,0,1500,0,1,PID_ATTITUDE
490.420292,480-600_STILL,37366068964400,578200,PITCH,0.02,-0.15,-0.18,0.0,0.0,0.0,0.0,0,1500,0,1,PID_ATTITUDE
490.528275,480-600_STILL,37366176947500,578300,PITCH,0.03,-0.15,-0.18,0.0,0.0,0.0,0.0,0,1500,0,1,PID_ATTITUDE
490.621114,480-600_STILL,37366269786800,578400,PITCH,0.03,-0.15,-0.18,0.0,0.0,0.0,0.0,0,1500,0,1,PID_ATTITUDE
490.728650,480-600_STILL,37366377322600,578500,PITCH,0.04,-0.15,-0.19,0.0,0.0,0.0,0.0,0,1500,0,1,PID_ATTITUDE
490.821398,480-600_STILL,37366470070900,578600,PITCH,0.03,-0.17,-0.2,0.0,0.0,0.0,0.0,0,1500,0,1,PID_ATTITUDE
490.873174,480-600_STILL,37366521846400,578700,PITCH,0.03,-0.18,-0.21,0.0,0.0,0.0,0.0,0,1500,0,1,PID_ATTITUDE
491.024828,480-600_STILL,37366673500900,578800,PITCH,0.03,-0.19,-0.22,0.0,0.0,0.0,0.0,0,1500,0,1,PID_ATTITUDE
491.133497,480-600_STILL,37366782170100,578900,PITCH,0.03,-0.2,-0.23,0.0,0.0,0.0,0.0,0,1500,0,1,PID_ATTITUDE
491.225947,480-600_STILL,37366874619700,579000,PITCH,0.03,-0.2,-0.23,0.0,0.0,0.0,0.0,0,1500,0,1,PID_ATTITUDE
491.333528,480-600_STILL,37366982200500,579100,PITCH,0.03,-0.2,-0.23,0.0,0.0,0.0,0.0,0,1500,0,1,PID_ATTITUDE
491.424773,480-600_STILL,37367073445900,579200,PITCH,0.03,-0.19,-0.22,0.0,0.0,0.0,0.0,0,1500,0,1,PID_ATTITUDE
491.518528,480-600_STILL,37367167200400,579300,PITCH,0.04,-0.18,-0.21,0.0,0.0,0.0,0.0,0,1500,0,1,PID_ATTITUDE
491.628409,480-600_STILL,37367277082400,579400,PITCH,0.05,-0.19,-0.22,0.0,0.0,0.0,0.0,0,1500,0,1,PID_ATTITUDE
491.721481,480-600_STILL,37367370154100,579500,PITCH,0.05,-0.19,-0.22,0.0,0.0,0.0,0.0,0,1500,0,1,PID_ATTITUDE
491.829975,480-600_STILL,37367478647900,579600,PITCH,0.04,-0.2,-0.23,0.0,0.0,0.0,0.0,0,1500,0,1,PID_ATTITUDE
491.872964,480-600_STILL,37367521636400,579700,PITCH,0.05,-0.2,-0.23,0.0,0.0,0.0,0.0,0,1500,0,1,PID_ATTITUDE
492.030673,480-600_STILL,37367679345700,579800,PITCH,0.06,-0.2,-0.23,0.0,0.0,0.0,0.0,0,1500,0,1,PID_ATTITUDE
492.123313,480-600_STILL,37367771985900,579900,PITCH,0.06,-0.2,-0.23,0.0,0.0,0.0,0.0,0,1500,0,1,PID_ATTITUDE
492.230234,480-600_STILL,37367878906900,580000,PITCH,0.06,-0.2,-0.23,0.0,0.0,0.0,0.0,0,1500,0,1,PID_ATTITUDE
492.323771,480-600_STILL,37367972444000,580100,PITCH,0.06,-0.2,-0.23,0.0,0.0,0.0,0.0,0,1500,0,1,PID_ATTITUDE
492.431817,480-600_STILL,37368080490100,580200,PITCH,0.06,-0.19,-0.22,0.0,0.0,0.0,0.0,0,1500,0,1,PID_ATTITUDE
492.524322,480-600_STILL,37368172995200,580300,PITCH,0.06,-0.19,-0.22,0.0,0.0,0.0,0.0,0,1500,0,1,PID_ATTITUDE
492.632571,480-600_STILL,37368281244000,580400,PITCH,0.06,-0.19,-0.22,0.0,0.0,0.0,0.0,0,1500,0,1,PID_ATTITUDE
492.726030,480-600_STILL,37368374702800,580500,PITCH,0.04,-0.19,-0.22,0.0,0.0,0.0,0.0,0,1500,0,1,PID_ATTITUDE
492.819959,480-600_STILL,37368468631900,580600,PITCH,0.05,-0.2,-0.23,0.0,0.0,0.0,0.0,0,1500,0,1,PID_ATTITUDE
492.872768,480-600_STILL,37368521440900,580700,PITCH,0.05,-0.19,-0.22,0.0,0.0,0.0,0.0,0,1500,0,1,PID_ATTITUDE
493.022211,480-600_STILL,37368670884300,580800,PITCH,0.05,-0.18,-0.21,0.0,0.0,0.0,0.0,0,1500,0,1,PID_ATTITUDE
493.131339,480-600_STILL,37368780011600,580900,PITCH,0.05,-0.18,-0.2,0.0,0.0,0.0,0.0,0,1500,0,1,PID_ATTITUDE
493.226161,480-600_STILL,37368874833900,581000,PITCH,0.04,-0.18,-0.21,0.0,0.0,0.0,0.0,0,1500,0,1,PID_ATTITUDE
493.320364,480-600_STILL,37368969036700,581100,PITCH,0.04,-0.18,-0.21,0.0,0.0,0.0,0.0,0,1500,0,1,PID_ATTITUDE
493.428992,480-600_STILL,37369077664800,581200,PITCH,0.03,-0.18,-0.21,0.0,0.0,0.0,0.0,0,1500,0,1,PID_ATTITUDE
493.521891,480-600_STILL,37369170563700,581300,PITCH,0.02,-0.17,-0.2,0.0,0.0,0.0,0.0,0,1500,0,1,PID_ATTITUDE
493.630856,480-600_STILL,37369279529200,581400,PITCH,0.04,-0.16,-0.19,0.0,0.0,0.0,0.0,0,1500,0,1,PID_ATTITUDE
493.724091,480-600_STILL,37369372763700,581500,PITCH,0.05,-0.17,-0.2,0.0,0.0,0.0,0.0,0,1500,0,1,PID_ATTITUDE
493.832312,480-600_STILL,37369480985100,581600,PITCH,0.06,-0.18,-0.21,0.0,0.0,0.0,0.0,0,1500,0,1,PID_ATTITUDE
493.872804,480-600_STILL,37369521477300,581700,PITCH,0.06,-0.18,-0.21,0.0,0.0,0.0,0.0,0,1500,0,1,PID_ATTITUDE
494.034004,480-600_STILL,37369682676700,581800,PITCH,0.07,-0.18,-0.21,0.0,0.0,0.0,0.0,0,1500,0,1,PID_ATTITUDE
494.127514,480-600_STILL,37369776187000,581900,PITCH,0.06,-0.2,-0.23,0.0,0.0,0.0,0.0,0,1500,0,1,PID_ATTITUDE
494.221385,480-600_STILL,37369870058100,582000,PITCH,0.05,-0.19,-0.22,0.0,0.0,0.0,0.0,0,1500,0,1,PID_ATTITUDE
494.329051,480-600_STILL,37369977724400,582100,PITCH,0.05,-0.2,-0.23,0.0,0.0,0.0,0.0,0,1500,0,1,PID_ATTITUDE
494.422726,480-600_STILL,37370071398900,582200,PITCH,0.04,-0.19,-0.22,0.0,0.0,0.0,0.0,0,1500,0,1,PID_ATTITUDE
494.517649,480-600_STILL,37370166321900,582300,PITCH,0.04,-0.18,-0.21,0.0,0.0,0.0,0.0,0,1500,0,1,PID_ATTITUDE
494.626103,480-600_STILL,37370274776400,582400,PITCH,0.04,-0.19,-0.22,0.0,0.0,0.0,0.0,0,1500,0,1,PID_ATTITUDE
494.719360,480-600_STILL,37370368032700,582500,PITCH,0.05,-0.18,-0.2,0.0,0.0,0.0,0.0,0,1500,0,1,PID_ATTITUDE
494.828414,480-600_STILL,37370477087100,582600,PITCH,0.05,-0.17,-0.21,0.0,0.0,0.0,0.0,0,1500,0,1,PID_ATTITUDE
494.872608,480-600_STILL,37370521280800,582700,PITCH,0.05,-0.18,-0.21,0.0,0.0,0.0,0.0,0,1500,0,1,PID_ATTITUDE
495.031013,480-600_STILL,37370679685800,582800,PITCH,0.04,-0.19,-0.22,0.0,0.0,0.0,0.0,0,1500,0,1,PID_ATTITUDE
495.124912,480-600_STILL,37370773584600,582900,PITCH,0.02,-0.18,-0.21,0.0,0.0,0.0,0.0,0,1500,0,1,PID_ATTITUDE
495.219455,480-600_STILL,37370868127700,583000,PITCH,0.02,-0.18,-0.21,0.0,0.0,0.0,0.0,0,1500,0,1,PID_ATTITUDE
495.327920,480-600_STILL,37370976593300,583100,PITCH,0.03,-0.17,-0.2,0.0,0.0,0.0,0.0,0,1500,0,1,PID_ATTITUDE
495.421792,480-600_STILL,37371070465300,583200,PITCH,0.04,-0.17,-0.2,0.0,0.0,0.0,0.0,0,1500,0,1,PID_ATTITUDE
495.530648,480-600_STILL,37371179321100,583300,PITCH,0.04,-0.17,-0.2,0.0,0.0,0.0,0.0,0,1500,0,1,PID_ATTITUDE
495.624409,480-600_STILL,37371273081500,583400,PITCH,0.04,-0.17,-0.2,0.0,0.0,0.0,0.0,0,1500,0,1,PID_ATTITUDE
495.733138,480-600_STILL,37371381810500,583500,PITCH,0.05,-0.18,-0.21,0.0,0.0,0.0,0.0,0,1500,0,1,PID_ATTITUDE
495.827291,480-600_STILL,37371475964100,583600,PITCH,0.05,-0.18,-0.21,0.0,0.0,0.0,0.0,0,1500,0,1,PID_ATTITUDE
495.872357,480-600_STILL,37371521029700,583700,PITCH,0.05,-0.19,-0.22,0.0,0.0,0.0,0.0,0,1500,0,1,PID_ATTITUDE
496.029420,480-600_STILL,37371678092400,583800,PITCH,0.05,-0.2,-0.23,0.0,0.0,0.0,0.0,0,1500,0,1,PID_ATTITUDE
496.122787,480-600_STILL,37371771459700,583900,PITCH,0.06,-0.19,-0.22,0.0,0.0,0.0,0.0,0,1500,0,1,PID_ATTITUDE
496.230954,480-600_STILL,37371879627200,584000,PITCH,0.05,-0.17,-0.2,0.0,0.0,0.0,0.0,0,1500,0,1,PID_ATTITUDE
496.325177,480-600_STILL,37371973849600,584100,PITCH,0.05,-0.17,-0.19,0.0,0.0,0.0,0.0,0,1500,0,1,PID_ATTITUDE
496.418221,480-600_STILL,37372066893900,584200,PITCH,0.04,-0.16,-0.19,0.0,0.0,0.0,0.0,0,1500,0,1,PID_ATTITUDE
496.526627,480-600_STILL,37372175300200,584300,PITCH,0.05,-0.16,-0.19,0.0,0.0,0.0,0.0,0,1500,0,1,PID_ATTITUDE
496.619450,480-600_STILL,37372268122900,584400,PITCH,0.05,-0.16,-0.19,0.0,0.0,0.0,0.0,0,1500,0,1,PID_ATTITUDE
496.727105,480-600_STILL,37372375777700,584500,PITCH,0.05,-0.15,-0.18,0.0,0.0,0.0,0.0,0,1500,0,1,PID_ATTITUDE
496.819312,480-600_STILL,37372467985100,584600,PITCH,0.04,-0.15,-0.18,0.0,0.0,0.0,0.0,0,1500,0,1,PID_ATTITUDE
496.871881,480-600_STILL,37372520553700,584700,PITCH,0.04,-0.16,-0.19,0.0,0.0,0.0,0.0,0,1500,0,1,PID_ATTITUDE
497.021438,480-600_STILL,37372670111100,584800,PITCH,0.02,-0.14,-0.17,0.0,0.0,0.0,0.0,0,1500,0,1,PID_ATTITUDE
497.129729,480-600_STILL,37372778402300,584900,PITCH,0.03,-0.14,-0.17,0.0,0.0,0.0,0.0,0,1500,0,1,PID_ATTITUDE
497.222955,480-600_STILL,37372871628300,585000,PITCH,0.02,-0.13,-0.16,0.0,0.0,0.0,0.0,0,1500,0,1,PID_ATTITUDE
497.332911,480-600_STILL,37372981583700,585100,PITCH,0.02,-0.13,-0.16,0.0,0.0,0.0,0.0,0,1500,0,1,PID_ATTITUDE
497.425795,480-600_STILL,37373074467700,585200,PITCH,0.02,-0.14,-0.17,0.0,0.0,0.0,0.0,0,1500,0,1,PID_ATTITUDE
497.519375,480-600_STILL,37373168048200,585300,PITCH,0.03,-0.13,-0.16,0.0,0.0,0.0,0.0,0,1500,0,1,PID_ATTITUDE
497.628664,480-600_STILL,37373277336600,585400,PITCH,0.03,-0.14,-0.17,0.0,0.0,0.0,0.0,0,1500,0,1,PID_ATTITUDE
497.723808,480-600_STILL,37373372480600,585500,PITCH,0.04,-0.15,-0.19,0.0,0.0,0.0,0.0,0,1500,0,1,PID_ATTITUDE
497.831794,480-600_STILL,37373480466600,585600,PITCH,0.03,-0.16,-0.19,0.0,0.0,0.0,0.0,0,1500,0,1,PID_ATTITUDE
497.872062,480-600_STILL,37373520734700,585700,PITCH,0.03,-0.16,-0.19,0.0,0.0,0.0,0.0,0,1500,0,1,PID_ATTITUDE
498.017368,480-600_STILL,37373666041000,585800,PITCH,0.02,-0.17,-0.2,0.0,0.0,0.0,0.0,0,1500,0,1,PID_ATTITUDE
498.127470,480-600_STILL,37373776142800,585900,PITCH,0.02,-0.16,-0.19,0.0,0.0,0.0,0.0,0,1500,0,1,PID_ATTITUDE
498.221163,480-600_STILL,37373869836200,586000,PITCH,0.03,-0.15,-0.18,0.0,0.0,0.0,0.0,0,1500,0,1,PID_ATTITUDE
498.330084,480-600_STILL,37373978757100,586100,PITCH,0.03,-0.15,-0.18,0.0,0.0,0.0,0.0,0,1500,0,1,PID_ATTITUDE
498.424131,480-600_STILL,37374072803800,586200,PITCH,0.02,-0.17,-0.21,0.0,0.0,0.0,0.0,0,1500,0,1,PID_ATTITUDE
498.531018,480-600_STILL,37374179691300,586300,PITCH,0.02,-0.2,-0.23,0.0,0.0,0.0,0.0,0,1500,0,1,PID_ATTITUDE
498.623868,480-600_STILL,37374272540500,586400,PITCH,0.02,-0.19,-0.22,0.0,0.0,0.0,0.0,0,1500,0,1,PID_ATTITUDE
498.717410,480-600_STILL,37374366083200,586500,PITCH,0.02,-0.18,-0.21,0.0,0.0,0.0,0.0,0,1500,0,1,PID_ATTITUDE
498.824974,480-600_STILL,37374473646700,586600,PITCH,0.01,-0.17,-0.2,0.0,0.0,0.0,0.0,0,1500,0,1,PID_ATTITUDE
498.871828,480-600_STILL,37374520501400,586700,PITCH,0.01,-0.17,-0.21,0.0,0.0,0.0,0.0,0,1500,0,1,PID_ATTITUDE
499.027465,480-600_STILL,37374676137400,586800,PITCH,0.01,-0.18,-0.2,0.0,0.0,0.0,0.0,0,1500,0,1,PID_ATTITUDE
499.121687,480-600_STILL,37374770360100,586900,PITCH,0.0,-0.17,-0.2,0.0,0.0,0.0,0.0,0,1500,0,1,PID_ATTITUDE
499.230394,480-600_STILL,37374879066700,587000,PITCH,0.01,-0.17,-0.2,0.0,0.0,0.0,0.0,0,1500,0,1,PID_ATTITUDE
499.323990,480-600_STILL,37374972663300,587100,PITCH,0.02,-0.17,-0.2,0.0,0.0,0.0,0.0,0,1500,0,1,PID_ATTITUDE
499.417600,480-600_STILL,37375066272500,587200,PITCH,0.02,-0.17,-0.2,0.0,0.0,0.0,0.0,0,1500,0,1,PID_ATTITUDE
499.527945,480-600_STILL,37375176617600,587300,PITCH,0.02,-0.17,-0.2,0.0,0.0,0.0,0.0,0,1500,0,1,PID_ATTITUDE
499.620978,480-600_STILL,37375269651300,587400,PITCH,0.02,-0.17,-0.2,0.0,0.0,0.0,0.0,0,1500,0,1,PID_ATTITUDE
499.730660,480-600_STILL,37375379332800,587500,PITCH,0.02,-0.18,-0.21,0.0,0.0,0.0,0.0,0,1500,0,1,PID_ATTITUDE
499.824170,480-600_STILL,37375472843400,587600,PITCH,0.02,-0.18,-0.21,0.0,0.0,0.0,0.0,0,1500,0,1,PID_ATTITUDE
499.871433,480-600_STILL,37375520105900,587700,PITCH,0.03,-0.18,-0.21,0.0,0.0,0.0,0.0,0,1500,0,1,PID_ATTITUDE
500.026517,480-600_STILL,37375675189400,587800,PITCH,0.03,-0.19,-0.22,0.0,0.0,0.0,0.0,0,1500,0,1,PID_ATTITUDE
500.120354,480-600_STILL,37375769027200,587900,PITCH,0.03,-0.19,-0.22,0.0,0.0,0.0,0.0,0,1500,0,1,PID_ATTITUDE
500.229464,480-600_STILL,37375878137100,588000,PITCH,0.03,-0.18,-0.21,0.0,0.0,0.0,0.0,0,1500,0,1,PID_ATTITUDE
500.323249,480-600_STILL,37375971921900,588100,PITCH,0.02,-0.17,-0.2,0.0,0.0,0.0,0.0,0,1500,0,1,PID_ATTITUDE
500.431758,480-600_STILL,37376080430500,588200,PITCH,0.02,-0.18,-0.21,0.0,0.0,0.0,0.0,0,1500,0,1,PID_ATTITUDE
500.525866,480-600_STILL,37376174538900,588300,PITCH,0.03,-0.19,-0.22,0.0,0.0,0.0,0.0,0,1500,0,1,PID_ATTITUDE
500.619997,480-600_STILL,37376268670000,588400,PITCH,0.03,-0.18,-0.21,0.0,0.0,0.0,0.0,0,1500,0,1,PID_ATTITUDE
500.728711,480-600_STILL,37376377384200,588500,PITCH,0.04,-0.17,-0.2,0.0,0.0,0.0,0.0,0,1500,0,1,PID_ATTITUDE
500.822335,480-600_STILL,37376471007700,588600,PITCH,0.04,-0.16,-0.19,0.0,0.0,0.0,0.0,0,1500,0,1,PID_ATTITUDE
500.871460,480-600_STILL,37376520132400,588700,PITCH,0.04,-0.17,-0.19,0.0,0.0,0.0,0.0,0,1500,0,1,PID_ATTITUDE
501.023892,480-600_STILL,37376672564800,588800,PITCH,0.04,-0.16,-0.19,0.0,0.0,0.0,0.0,0,1500,0,1,PID_ATTITUDE
501.132595,480-600_STILL,37376781267500,588900,PITCH,0.05,-0.16,-0.19,0.0,0.0,0.0,0.0,0,1500,0,1,PID_ATTITUDE
501.224298,480-600_STILL,37376872970700,589000,PITCH,0.04,-0.15,-0.18,0.0,0.0,0.0,0.0,0,1500,0,1,PID_ATTITUDE
501.317326,480-600_STILL,37376965998800,589100,PITCH,0.04,-0.16,-0.19,0.0,0.0,0.0,0.0,0,1500,0,1,PID_ATTITUDE
501.426330,480-600_STILL,37377075002400,589200,PITCH,0.03,-0.16,-0.19,0.0,0.0,0.0,0.0,0,1500,0,1,PID_ATTITUDE
501.518551,480-600_STILL,37377167224300,589300,PITCH,0.04,-0.16,-0.19,0.0,0.0,0.0,0.0,0,1500,0,1,PID_ATTITUDE
501.626763,480-600_STILL,37377275435900,589400,PITCH,0.04,-0.16,-0.19,0.0,0.0,0.0,0.0,0,1500,0,1,PID_ATTITUDE
501.721483,480-600_STILL,37377370156200,589500,PITCH,0.02,-0.16,-0.19,0.0,0.0,0.0,0.0,0,1500,0,1,PID_ATTITUDE
501.830964,480-600_STILL,37377479637300,589600,PITCH,0.02,-0.15,-0.18,0.0,0.0,0.0,0.0,0,1500,0,1,PID_ATTITUDE
501.871473,480-600_STILL,37377520146000,589700,PITCH,0.02,-0.15,-0.18,0.0,0.0,0.0,0.0,0,1500,0,1,PID_ATTITUDE
502.030403,480-600_STILL,37377679075800,589800,PITCH,0.03,-0.16,-0.19,0.0,0.0,0.0,0.0,0,1500,0,1,PID_ATTITUDE
502.123727,480-600_STILL,37377772400200,589900,PITCH,0.02,-0.17,-0.2,0.0,0.0,0.0,0.0,0,1500,0,1,PID_ATTITUDE
502.231299,480-600_STILL,37377879971700,590000,PITCH,0.03,-0.16,-0.19,0.0,0.0,0.0,0.0,0,1500,0,1,PID_ATTITUDE
502.324466,480-600_STILL,37377973138500,590100,PITCH,0.04,-0.16,-0.19,0.0,0.0,0.0,0.0,0,1500,0,1,PID_ATTITUDE
502.416793,480-600_STILL,37378065466400,590200,PITCH,0.03,-0.16,-0.19,0.0,0.0,0.0,0.0,0,1500,0,1,PID_ATTITUDE
502.526294,480-600_STILL,37378174966800,590300,PITCH,0.04,-0.17,-0.2,0.0,0.0,0.0,0.0,0,1500,0,1,PID_ATTITUDE
502.621394,480-600_STILL,37378270067200,590400,PITCH,0.03,-0.16,-0.19,0.0,0.0,0.0,0.0,0,1500,0,1,PID_ATTITUDE
502.729692,480-600_STILL,37378378365300,590500,PITCH,0.03,-0.16,-0.19,0.0,0.0,0.0,0.0,0,1500,0,1,PID_ATTITUDE
502.823174,480-600_STILL,37378471847300,590600,PITCH,0.03,-0.16,-0.19,0.0,0.0,0.0,0.0,0,1500,0,1,PID_ATTITUDE
502.871282,480-600_STILL,37378519955300,590700,PITCH,0.02,-0.17,-0.2,0.0,0.0,0.0,0.0,0,1500,0,1,PID_ATTITUDE
503.025396,480-600_STILL,37378674069300,590800,PITCH,0.02,-0.17,-0.2,0.0,0.0,0.0,0.0,0,1500,0,1,PID_ATTITUDE
503.119229,480-600_STILL,37378767901500,590900,PITCH,0.02,-0.18,-0.21,0.0,0.0,0.0,0.0,0,1500,0,1,PID_ATTITUDE
503.228899,480-600_STILL,37378877571400,591000,PITCH,0.02,-0.18,-0.21,0.0,0.0,0.0,0.0,0,1500,0,1,PID_ATTITUDE
503.322331,480-600_STILL,37378971003400,591100,PITCH,0.02,-0.17,-0.2,0.0,0.0,0.0,0.0,0,1500,0,1,PID_ATTITUDE
503.430686,480-600_STILL,37379079359100,591200,PITCH,0.02,-0.17,-0.2,0.0,0.0,0.0,0.0,0,1500,0,1,PID_ATTITUDE
503.524856,480-600_STILL,37379173528900,591300,PITCH,0.01,-0.17,-0.2,0.0,0.0,0.0,0.0,0,1500,0,1,PID_ATTITUDE
503.617726,480-600_STILL,37379266398500,591400,PITCH,0.02,-0.18,-0.21,0.0,0.0,0.0,0.0,0,1500,0,1,PID_ATTITUDE
503.726820,480-600_STILL,37379375492800,591500,PITCH,0.03,-0.18,-0.21,0.0,0.0,0.0,0.0,0,1500,0,1,PID_ATTITUDE
503.819101,480-600_STILL,37379467774100,591600,PITCH,0.02,-0.18,-0.21,0.0,0.0,0.0,0.0,0,1500,0,1,PID_ATTITUDE
503.870958,480-600_STILL,37379519630800,591700,PITCH,0.02,-0.18,-0.21,0.0,0.0,0.0,0.0,0,1500,0,1,PID_ATTITUDE
504.020682,480-600_STILL,37379669354600,591800,PITCH,0.03,-0.18,-0.21,0.0,0.0,0.0,0.0,0,1500,0,1,PID_ATTITUDE
504.130495,480-600_STILL,37379779168200,591900,PITCH,0.02,-0.17,-0.2,0.0,0.0,0.0,0.0,0,1500,0,1,PID_ATTITUDE
504.222171,480-600_STILL,37379870844200,592000,PITCH,0.02,-0.17,-0.2,0.0,0.0,0.0,0.0,0,1500,0,1,PID_ATTITUDE
504.330672,480-600_STILL,37379979344600,592100,PITCH,0.01,-0.17,-0.2,0.0,0.0,0.0,0.0,0,1500,0,1,PID_ATTITUDE
504.424091,480-600_STILL,37380072763600,592200,PITCH,0.02,-0.16,-0.19,0.0,0.0,0.0,0.0,0,1500,0,1,PID_ATTITUDE
504.516546,480-600_STILL,37380165219100,592300,PITCH,0.02,-0.16,-0.19,0.0,0.0,0.0,0.0,0,1500,0,1,PID_ATTITUDE
504.625132,480-600_STILL,37380273804800,592400,PITCH,0.02,-0.16,-0.19,0.0,0.0,0.0,0.0,0,1500,0,1,PID_ATTITUDE
504.718487,480-600_STILL,37380367159800,592500,PITCH,0.02,-0.16,-0.19,0.0,0.0,0.0,0.0,0,1500,0,1,PID_ATTITUDE
504.827661,480-600_STILL,37380476333700,592600,PITCH,0.02,-0.16,-0.19,0.0,0.0,0.0,0.0,0,1500,0,1,PID_ATTITUDE
504.871020,480-600_STILL,37380519693100,592700,PITCH,0.02,-0.16,-0.19,0.0,0.0,0.0,0.0,0,1500,0,1,PID_ATTITUDE
505.029179,480-600_STILL,37380677852100,592800,PITCH,0.03,-0.15,-0.18,0.0,0.0,0.0,0.0,0,1500,0,1,PID_ATTITUDE
505.123497,480-600_STILL,37380772169700,592900,PITCH,0.02,-0.14,-0.17,0.0,0.0,0.0,0.0,0,1500,0,1,PID_ATTITUDE
505.216747,480-600_STILL,37380865420300,593000,PITCH,0.03,-0.13,-0.16,0.0,0.0,0.0,0.0,0,1500,0,1,PID_ATTITUDE
505.324219,480-600_STILL,37380972892000,593100,PITCH,0.03,-0.13,-0.16,0.0,0.0,0.0,0.0,0,1500,0,1,PID_ATTITUDE
505.418129,480-600_STILL,37381066801800,593200,PITCH,0.03,-0.13,-0.16,0.0,0.0,0.0,0.0,0,1500,0,1,PID_ATTITUDE
505.525862,480-600_STILL,37381174534800,593300,PITCH,0.03,-0.14,-0.17,0.0,0.0,0.0,0.0,0,1500,0,1,PID_ATTITUDE
505.619307,480-600_STILL,37381267980200,593400,PITCH,0.03,-0.14,-0.17,0.0,0.0,0.0,0.0,0,1500,0,1,PID_ATTITUDE
505.728410,480-600_STILL,37381377082700,593500,PITCH,0.03,-0.15,-0.19,0.0,0.0,0.0,0.0,0,1500,0,1,PID_ATTITUDE
505.821178,480-600_STILL,37381469850900,593600,PITCH,0.03,-0.16,-0.19,0.0,0.0,0.0,0.0,0,1500,0,1,PID_ATTITUDE
505.870709,480-600_STILL,37381519381900,593700,PITCH,0.04,-0.16,-0.19,0.0,0.0,0.0,0.0,0,1500,0,1,PID_ATTITUDE
506.023554,480-600_STILL,37381672226800,593800,PITCH,0.04,-0.17,-0.2,0.0,0.0,0.0,0.0,0,1500,0,1,PID_ATTITUDE
506.131399,480-600_STILL,37381780072000,593900,PITCH,0.03,-0.17,-0.2,0.0,0.0,0.0,0.0,0,1500,0,1,PID_ATTITUDE
506.225740,480-600_STILL,37381874413200,594000,PITCH,0.02,-0.17,-0.2,0.0,0.0,0.0,0.0,0,1500,0,1,PID_ATTITUDE
506.318275,480-600_STILL,37381966948100,594100,PITCH,0.02,-0.16,-0.19,0.0,0.0,0.0,0.0,0,1500,0,1,PID_ATTITUDE
506.427950,480-600_STILL,37382076622400,594200,PITCH,0.01,-0.16,-0.19,0.0,0.0,0.0,0.0,0,1500,0,1,PID_ATTITUDE
506.521988,480-600_STILL,37382170660900,594300,PITCH,0.01,-0.17,-0.2,0.0,0.0,0.0,0.0,0,1500,0,1,PID_ATTITUDE
506.631792,480-600_STILL,37382280464600,594400,PITCH,0.01,-0.17,-0.2,0.0,0.0,0.0,0.0,0,1500,0,1,PID_ATTITUDE
506.725594,480-600_STILL,37382374266600,594500,PITCH,0.02,-0.17,-0.19,0.0,0.0,0.0,0.0,0,1500,0,1,PID_ATTITUDE
506.818557,480-600_STILL,37382467230400,594600,PITCH,0.01,-0.16,-0.19,0.0,0.0,0.0,0.0,0,1500,0,1,PID_ATTITUDE
506.870552,480-600_STILL,37382519225400,594700,PITCH,0.02,-0.17,-0.21,0.0,0.0,0.0,0.0,0,1500,0,1,PID_ATTITUDE
507.020188,480-600_STILL,37382668861300,594800,PITCH,0.02,-0.17,-0.2,0.0,0.0,0.0,0.0,0,1500,0,1,PID_ATTITUDE
507.128938,480-600_STILL,37382777611200,594900,PITCH,0.04,-0.17,-0.19,0.0,0.0,0.0,0.0,0,1500,0,1,PID_ATTITUDE
507.222243,480-600_STILL,37382870916400,595000,PITCH,0.05,-0.15,-0.18,0.0,0.0,0.0,0.0,0,1500,0,1,PID_ATTITUDE
507.330347,480-600_STILL,37382979020200,595100,PITCH,0.05,-0.15,-0.18,0.0,0.0,0.0,0.0,0,1500,0,1,PID_ATTITUDE
507.424807,480-600_STILL,37383073480100,595200,PITCH,0.05,-0.14,-0.18,0.0,0.0,0.0,0.0,0,1500,0,1,PID_ATTITUDE
507.518818,480-600_STILL,37383167490400,595300,PITCH,0.04,-0.15,-0.18,0.0,0.0,0.0,0.0,0,1500,0,1,PID_ATTITUDE
507.628209,480-600_STILL,37383276881500,595400,PITCH,0.04,-0.15,-0.18,0.0,0.0,0.0,0.0,0,1500,0,1,PID_ATTITUDE
507.720486,480-600_STILL,37383369158800,595500,PITCH,0.04,-0.15,-0.18,0.0,0.0,0.0,0.0,0,1500,0,1,PID_ATTITUDE
507.828494,480-600_STILL,37383477167000,595600,PITCH,0.04,-0.15,-0.18,0.0,0.0,0.0,0.0,0,1500,0,1,PID_ATTITUDE
507.870430,480-600_STILL,37383519102700,595700,PITCH,0.04,-0.16,-0.19,0.0,0.0,0.0,0.0,0,1500,0,1,PID_ATTITUDE
508.018538,480-600_STILL,37383667210900,595800,PITCH,0.04,-0.15,-0.18,0.0,0.0,0.0,0.0,0,1500,0,1,PID_ATTITUDE
508.126096,480-600_STILL,37383774769000,595900,PITCH,0.03,-0.14,-0.17,0.0,0.0,0.0,0.0,0,1500,0,1,PID_ATTITUDE
508.219040,480-600_STILL,37383867713000,596000,PITCH,0.02,-0.13,-0.16,0.0,0.0,0.0,0.0,0,1500,0,1,PID_ATTITUDE
508.328446,480-600_STILL,37383977118500,596100,PITCH,0.02,-0.13,-0.16,0.0,0.0,0.0,0.0,0,1500,0,1,PID_ATTITUDE
508.423297,480-600_STILL,37384071970400,596200,PITCH,0.03,-0.14,-0.17,0.0,0.0,0.0,0.0,0,1500,0,1,PID_ATTITUDE
508.530880,480-600_STILL,37384179553300,596300,PITCH,0.03,-0.14,-0.17,0.0,0.0,0.0,0.0,0,1500,0,1,PID_ATTITUDE
508.624171,480-600_STILL,37384272843700,596400,PITCH,0.03,-0.14,-0.17,0.0,0.0,0.0,0.0,0,1500,0,1,PID_ATTITUDE
508.716903,480-600_STILL,37384365576100,596500,PITCH,0.03,-0.15,-0.18,0.0,0.0,0.0,0.0,0,1500,0,1,PID_ATTITUDE
508.826622,480-600_STILL,37384475294500,596600,PITCH,0.03,-0.16,-0.2,0.0,0.0,0.0,0.0,0,1500,0,1,PID_ATTITUDE
508.870265,480-600_STILL,37384518938000,596700,PITCH,0.03,-0.17,-0.19,0.0,0.0,0.0,0.0,0,1500,0,1,PID_ATTITUDE
509.030665,480-600_STILL,37384679338400,596800,PITCH,0.02,-0.16,-0.19,0.0,0.0,0.0,0.0,0,1500,0,1,PID_ATTITUDE
509.125097,480-600_STILL,37384773770100,596900,PITCH,0.03,-0.16,-0.19,0.0,0.0,0.0,0.0,0,1500,0,1,PID_ATTITUDE
509.219740,480-600_STILL,37384868413100,597000,PITCH,0.03,-0.15,-0.18,0.0,0.0,0.0,0.0,0,1500,0,1,PID_ATTITUDE
509.328408,480-600_STILL,37384977080600,597100,PITCH,0.03,-0.15,-0.18,0.0,0.0,0.0,0.0,0,1500,0,1,PID_ATTITUDE
509.422309,480-600_STILL,37385070981700,597200,PITCH,0.04,-0.14,-0.17,0.0,0.0,0.0,0.0,0,1500,0,1,PID_ATTITUDE
509.530253,480-600_STILL,37385178926200,597300,PITCH,0.04,-0.14,-0.17,0.0,0.0,0.0,0.0,0,1500,0,1,PID_ATTITUDE
509.623974,480-600_STILL,37385272647200,597400,PITCH,0.05,-0.14,-0.17,0.0,0.0,0.0,0.0,0,1500,0,1,PID_ATTITUDE
509.716610,480-600_STILL,37385365282600,597500,PITCH,0.04,-0.15,-0.17,0.0,0.0,0.0,0.0,0,1500,0,1,PID_ATTITUDE
509.825346,480-600_STILL,37385474019300,597600,PITCH,0.04,-0.14,-0.17,0.0,0.0,0.0,0.0,0,1500,0,1,PID_ATTITUDE
509.870148,480-600_STILL,37385518820900,597700,PITCH,0.03,-0.14,-0.17,0.0,0.0,0.0,0.0,0,1500,0,1,PID_ATTITUDE
510.029832,480-600_STILL,37385678504400,597800,PITCH,0.03,-0.15,-0.18,0.0,0.0,0.0,0.0,0,1500,0,1,PID_ATTITUDE
510.122412,480-600_STILL,37385771084800,597900,PITCH,0.03,-0.15,-0.18,0.0,0.0,0.0,0.0,0,1500,0,1,PID_ATTITUDE
510.230061,480-600_STILL,37385878733800,598000,PITCH,0.04,-0.16,-0.19,0.0,0.0,0.0,0.0,0,1500,0,1,PID_ATTITUDE
510.324135,480-600_STILL,37385972807500,598100,PITCH,0.05,-0.16,-0.19,0.0,0.0,0.0,0.0,0,1500,0,1,PID_ATTITUDE
510.416919,480-600_STILL,37386065591500,598200,PITCH,0.05,-0.16,-0.19,0.0,0.0,0.0,0.0,0,1500,0,1,PID_ATTITUDE
510.525503,480-600_STILL,37386174175700,598300,PITCH,0.04,-0.15,-0.18,0.0,0.0,0.0,0.0,0,1500,0,1,PID_ATTITUDE
510.618025,480-600_STILL,37386266697900,598400,PITCH,0.03,-0.15,-0.18,0.0,0.0,0.0,0.0,0,1500,0,1,PID_ATTITUDE
510.726916,480-600_STILL,37386375588500,598500,PITCH,0.03,-0.15,-0.18,0.0,0.0,0.0,0.0,0,1500,0,1,PID_ATTITUDE
510.819336,480-600_STILL,37386468008600,598600,PITCH,0.05,-0.15,-0.18,0.0,0.0,0.0,0.0,0,1500,0,1,PID_ATTITUDE
510.869951,480-600_STILL,37386518623400,598700,PITCH,0.05,-0.16,-0.19,0.0,0.0,0.0,0.0,0,1500,0,1,PID_ATTITUDE
511.020438,480-600_STILL,37386669111000,598800,PITCH,0.05,-0.16,-0.19,0.0,0.0,0.0,0.0,0,1500,0,1,PID_ATTITUDE
511.130872,480-600_STILL,37386779544400,598900,PITCH,0.05,-0.17,-0.2,0.0,0.0,0.0,0.0,0,1500,0,1,PID_ATTITUDE
511.224391,480-600_STILL,37386873064300,599000,PITCH,0.05,-0.17,-0.21,0.0,0.0,0.0,0.0,0,1500,0,1,PID_ATTITUDE
511.317546,480-600_STILL,37386966218500,599100,PITCH,0.05,-0.18,-0.21,0.0,0.0,0.0,0.0,0,1500,0,1,PID_ATTITUDE
511.427566,480-600_STILL,37387076239200,599200,PITCH,0.04,-0.17,-0.2,0.0,0.0,0.0,0.0,0,1500,0,1,PID_ATTITUDE
511.521677,480-600_STILL,37387170350200,599300,PITCH,0.03,-0.16,-0.19,0.0,0.0,0.0,0.0,0,1500,0,1,PID_ATTITUDE
511.615177,480-600_STILL,37387263849500,599400,PITCH,0.03,-0.17,-0.2,0.0,0.0,0.0,0.0,0,1500,0,1,PID_ATTITUDE
511.725051,480-600_STILL,37387373724300,599500,PITCH,0.04,-0.17,-0.2,0.0,0.0,0.0,0.0,0,1500,0,1,PID_ATTITUDE
511.817767,480-600_STILL,37387466440000,599600,PITCH,0.04,-0.17,-0.2,0.0,0.0,0.0,0.0,0,1500,0,1,PID_ATTITUDE
511.869836,480-600_STILL,37387518508500,599700,PITCH,0.04,-0.17,-0.2,0.0,0.0,0.0,0.0,0,1500,0,1,PID_ATTITUDE
512.019875,480-600_STILL,37387668548000,599800,PITCH,0.03,-0.16,-0.19,0.0,0.0,0.0,0.0,0,1500,0,1,PID_ATTITUDE
512.130346,480-600_STILL,37387779019300,599900,PITCH,0.03,-0.16,-0.19,0.0,0.0,0.0,0.0,0,1500,0,1,PID_ATTITUDE
512.222997,480-600_STILL,37387871669600,600000,PITCH,0.02,-0.16,-0.19,0.0,0.0,0.0,0.0,0,1500,0,1,PID_ATTITUDE
512.315456,480-600_STILL,37387964128600,600100,PITCH,0.02,-0.16,-0.19,0.0,0.0,0.0,0.0,0,1500,0,1,PID_ATTITUDE
512.425023,480-600_STILL,37388073696100,600200,PITCH,0.03,-0.16,-0.19,0.0,0.0,0.0,0.0,0,1500,0,1,PID_ATTITUDE
512.517885,480-600_STILL,37388166557600,600300,PITCH,0.04,-0.15,-0.18,0.0,0.0,0.0,0.0,0,1500,0,1,PID_ATTITUDE
512.627798,480-600_STILL,37388276470700,600400,PITCH,0.04,-0.17,-0.2,0.0,0.0,0.0,0.0,0,1500,0,1,PID_ATTITUDE
512.721481,480-600_STILL,37388370153700,600500,PITCH,0.03,-0.17,-0.2,0.0,0.0,0.0,0.0,0,1500,0,1,PID_ATTITUDE
512.815935,480-600_STILL,37388464608200,600600,PITCH,0.02,-0.17,-0.21,0.0,0.0,0.0,0.0,0,1500,0,1,PID_ATTITUDE
512.869721,480-600_STILL,37388518394400,600700,PITCH,0.02,-0.17,-0.21,0.0,0.0,0.0,0.0,0,1500,0,1,PID_ATTITUDE
513.018147,480-600_STILL,37388666819700,600800,PITCH,0.02,-0.17,-0.2,0.0,0.0,0.0,0.0,0,1500,0,1,PID_ATTITUDE
513.127860,480-600_STILL,37388776533300,600900,PITCH,0.02,-0.17,-0.2,0.0,0.0,0.0,0.0,0,1500,0,1,PID_ATTITUDE
513.220703,480-600_STILL,37388869376300,601000,PITCH,0.03,-0.18,-0.21,0.0,0.0,0.0,0.0,0,1500,0,1,PID_ATTITUDE
513.330142,480-600_STILL,37388978815400,601100,PITCH,0.02,-0.19,-0.22,0.0,0.0,0.0,0.0,0,1500,0,1,PID_ATTITUDE
513.423152,480-600_STILL,37389071824500,601200,PITCH,0.03,-0.17,-0.2,0.0,0.0,0.0,0.0,0,1500,0,1,PID_ATTITUDE
513.517003,480-600_STILL,37389165676000,601300,PITCH,0.04,-0.17,-0.2,0.0,0.0,0.0,0.0,0,1500,0,1,PID_ATTITUDE
513.625149,480-600_STILL,37389273821900,601400,PITCH,0.04,-0.17,-0.2,0.0,0.0,0.0,0.0,0,1500,0,1,PID_ATTITUDE
513.719444,480-600_STILL,37389368116900,601500,PITCH,0.05,-0.17,-0.2,0.0,0.0,0.0,0.0,0,1500,0,1,PID_ATTITUDE
513.827026,480-600_STILL,37389475699300,601600,PITCH,0.05,-0.17,-0.2,0.0,0.0,0.0,0.0,0,1500,0,1,PID_ATTITUDE
513.869497,480-600_STILL,37389518170100,601700,PITCH,0.05,-0.17,-0.2,0.0,0.0,0.0,0.0,0,1500,0,1,PID_ATTITUDE
514.027829,480-600_STILL,37389676501600,601800,PITCH,0.05,-0.16,-0.19,0.0,0.0,0.0,0.0,0,1500,0,1,PID_ATTITUDE
514.120138,480-600_STILL,37389768811000,601900,PITCH,0.05,-0.16,-0.19,0.0,0.0,0.0,0.0,0,1500,0,1,PID_ATTITUDE
514.228239,480-600_STILL,37389876911800,602000,PITCH,0.04,-0.17,-0.19,0.0,0.0,0.0,0.0,0,1500,0,1,PID_ATTITUDE
514.320040,480-600_STILL,37389968713000,602100,PITCH,0.03,-0.17,-0.2,0.0,0.0,0.0,0.0,0,1500,0,1,PID_ATTITUDE
514.428490,480-600_STILL,37390077162700,602200,PITCH,0.03,-0.17,-0.2,0.0,0.0,0.0,0.0,0,1500,0,1,PID_ATTITUDE
514.522412,480-600_STILL,37390171085000,602300,PITCH,0.02,-0.16,-0.19,0.0,0.0,0.0,0.0,0,1500,0,1,PID_ATTITUDE
514.616481,480-600_STILL,37390265153800,602400,PITCH,0.02,-0.16,-0.19,0.0,0.0,0.0,0.0,0,1500,0,1,PID_ATTITUDE
514.725678,480-600_STILL,37390374350800,602500,PITCH,0.03,-0.16,-0.19,0.0,0.0,0.0,0.0,0,1500,0,1,PID_ATTITUDE
514.819746,480-600_STILL,37390468419300,602600,PITCH,0.02,-0.16,-0.19,0.0,0.0,0.0,0.0,0,1500,0,1,PID_ATTITUDE
514.869183,480-600_STILL,37390517856000,602700,PITCH,0.03,-0.17,-0.2,0.0,0.0,0.0,0.0,0,1500,0,1,PID_ATTITUDE
515.021633,480-600_STILL,37390670305700,602800,PITCH,0.02,-0.17,-0.2,0.0,0.0,0.0,0.0,0,1500,0,1,PID_ATTITUDE
515.116258,480-600_STILL,37390764931200,602900,PITCH,0.01,-0.17,-0.2,0.0,0.0,0.0,0.0,0,1500,0,1,PID_ATTITUDE
515.225653,480-600_STILL,37390874326300,603000,PITCH,0.0,-0.17,-0.2,0.0,0.0,0.0,0.0,0,1500,0,1,PID_ATTITUDE
515.318768,480-600_STILL,37390967441300,603100,PITCH,0.01,-0.18,-0.21,0.0,0.0,0.0,0.0,0,1500,0,1,PID_ATTITUDE
515.429098,480-600_STILL,37391077771300,603200,PITCH,0.02,-0.17,-0.2,0.0,0.0,0.0,0.0,0,1500,0,1,PID_ATTITUDE
515.523249,480-600_STILL,37391171921500,603300,PITCH,0.02,-0.18,-0.21,0.0,0.0,0.0,0.0,0,1500,0,1,PID_ATTITUDE
515.616915,480-600_STILL,37391265587600,603400,PITCH,0.03,-0.17,-0.2,0.0,0.0,0.0,0.0,0,1500,0,1,PID_ATTITUDE
515.725934,480-600_STILL,37391374607300,603500,PITCH,0.04,-0.17,-0.2,0.0,0.0,0.0,0.0,0,1500,0,1,PID_ATTITUDE
515.820095,480-600_STILL,37391468768100,603600,PITCH,0.03,-0.16,-0.19,0.0,0.0,0.0,0.0,0,1500,0,1,PID_ATTITUDE
515.869095,480-600_STILL,37391517767700,603700,PITCH,0.03,-0.16,-0.19,0.0,0.0,0.0,0.0,0,1500,0,1,PID_ATTITUDE
516.021503,480-600_STILL,37391670175700,603800,PITCH,0.03,-0.17,-0.2,0.0,0.0,0.0,0.0,0,1500,0,1,PID_ATTITUDE
516.128448,480-600_STILL,37391777121400,603900,PITCH,0.03,-0.17,-0.19,0.0,0.0,0.0,0.0,0,1500,0,1,PID_ATTITUDE
516.222690,480-600_STILL,37391871363000,604000,PITCH,0.03,-0.16,-0.19,0.0,0.0,0.0,0.0,0,1500,0,1,PID_ATTITUDE
516.315724,480-600_STILL,37391964396500,604100,PITCH,0.02,-0.16,-0.19,0.0,0.0,0.0,0.0,0,1500,0,1,PID_ATTITUDE
516.425297,480-600_STILL,37392073969800,604200,PITCH,0.03,-0.16,-0.19,0.0,0.0,0.0,0.0,0,1500,0,1,PID_ATTITUDE
516.520026,480-600_STILL,37392168699400,604300,PITCH,0.03,-0.16,-0.19,0.0,0.0,0.0,0.0,0,1500,0,1,PID_ATTITUDE
516.629047,480-600_STILL,37392277720300,604400,PITCH,0.02,-0.17,-0.2,0.0,0.0,0.0,0.0,0,1500,0,1,PID_ATTITUDE
516.723208,480-600_STILL,37392371880900,604500,PITCH,0.03,-0.17,-0.2,0.0,0.0,0.0,0.0,0,1500,0,1,PID_ATTITUDE
516.817044,480-600_STILL,37392465717000,604600,PITCH,0.02,-0.16,-0.19,0.0,0.0,0.0,0.0,0,1500,0,1,PID_ATTITUDE
516.869066,480-600_STILL,37392517738500,604700,PITCH,0.03,-0.15,-0.18,0.0,0.0,0.0,0.0,0,1500,0,1,PID_ATTITUDE
517.020064,480-600_STILL,37392668737100,604800,PITCH,0.02,-0.15,-0.18,0.0,0.0,0.0,0.0,0,1500,0,1,PID_ATTITUDE
517.128088,480-600_STILL,37392776761400,604900,PITCH,0.03,-0.14,-0.17,0.0,0.0,0.0,0.0,0,1500,0,1,PID_ATTITUDE
517.221183,480-600_STILL,37392869856200,605000,PITCH,0.03,-0.14,-0.17,0.0,0.0,0.0,0.0,0,1500,0,1,PID_ATTITUDE
517.330231,480-600_STILL,37392978903900,605100,PITCH,0.03,-0.14,-0.17,0.0,0.0,0.0,0.0,0,1500,0,1,PID_ATTITUDE
517.424948,480-600_STILL,37393073620500,605200,PITCH,0.04,-0.16,-0.19,0.0,0.0,0.0,0.0,0,1500,0,1,PID_ATTITUDE
517.518423,480-600_STILL,37393167096200,605300,PITCH,0.05,-0.17,-0.2,0.0,0.0,0.0,0.0,0,1500,0,1,PID_ATTITUDE
517.627643,480-600_STILL,37393276315900,605400,PITCH,0.05,-0.17,-0.19,0.0,0.0,0.0,0.0,0,1500,0,1,PID_ATTITUDE
517.721048,480-600_STILL,37393369720600,605500,PITCH,0.03,-0.16,-0.19,0.0,0.0,0.0,0.0,0,1500,0,1,PID_ATTITUDE
517.829712,480-600_STILL,37393478384600,605600,PITCH,0.04,-0.15,-0.18,0.0,0.0,0.0,0.0,0,1500,0,1,PID_ATTITUDE
517.868912,480-600_STILL,37393517585300,605700,PITCH,0.04,-0.15,-0.18,0.0,0.0,0.0,0.0,0,1500,0,1,PID_ATTITUDE
518.016830,480-600_STILL,37393665502800,605800,PITCH,0.05,-0.15,-0.18,0.0,0.0,0.0,0.0,0,1500,0,1,PID_ATTITUDE
518.125983,480-600_STILL,37393774656400,605900,PITCH,0.05,-0.15,-0.18,0.0,0.0,0.0,0.0,0,1500,0,1,PID_ATTITUDE
518.220898,480-600_STILL,37393869571100,606000,PITCH,0.04,-0.16,-0.19,0.0,0.0,0.0,0.0,0,1500,0,1,PID_ATTITUDE
518.327632,480-600_STILL,37393976304400,606100,PITCH,0.03,-0.17,-0.2,0.0,0.0,0.0,0.0,0,1500,0,1,PID_ATTITUDE
518.420489,480-600_STILL,37394069161400,606200,PITCH,0.02,-0.18,-0.21,0.0,0.0,0.0,0.0,0,1500,0,1,PID_ATTITUDE
518.529542,480-600_STILL,37394178214900,606300,PITCH,0.02,-0.18,-0.21,0.0,0.0,0.0,0.0,0,1500,0,1,PID_ATTITUDE
518.622726,480-600_STILL,37394271398700,606400,PITCH,0.03,-0.19,-0.22,0.0,0.0,0.0,0.0,0,1500,0,1,PID_ATTITUDE
518.716479,480-600_STILL,37394365152300,606500,PITCH,0.03,-0.18,-0.21,0.0,0.0,0.0,0.0,0,1500,0,1,PID_ATTITUDE
518.825762,480-600_STILL,37394474435100,606600,PITCH,0.04,-0.17,-0.19,0.0,0.0,0.0,0.0,0,1500,0,1,PID_ATTITUDE
518.868772,480-600_STILL,37394517444600,606700,PITCH,0.04,-0.16,-0.19,0.0,0.0,0.0,0.0,0,1500,0,1,PID_ATTITUDE
519.027012,480-600_STILL,37394675684600,606800,PITCH,0.03,-0.16,-0.19,0.0,0.0,0.0,0.0,0,1500,0,1,PID_ATTITUDE
519.119696,480-600_STILL,37394768368500,606900,PITCH,0.04,-0.16,-0.19,0.0,0.0,0.0,0.0,0,1500,0,1,PID_ATTITUDE
519.229403,480-600_STILL,37394878076400,607000,PITCH,0.03,-0.15,-0.18,0.0,0.0,0.0,0.0,0,1500,0,1,PID_ATTITUDE
519.321974,480-600_STILL,37394970646500,607100,PITCH,0.02,-0.15,-0.18,0.0,0.0,0.0,0.0,0,1500,0,1,PID_ATTITUDE
519.416518,480-600_STILL,37395065190900,607200,PITCH,0.01,-0.16,-0.19,0.0,0.0,0.0,0.0,0,1500,0,1,PID_ATTITUDE
519.525373,480-600_STILL,37395174046200,607300,PITCH,0.02,-0.17,-0.2,0.0,0.0,0.0,0.0,0,1500,0,1,PID_ATTITUDE
519.618233,480-600_STILL,37395266905700,607400,PITCH,0.03,-0.18,-0.21,0.0,0.0,0.0,0.0,0,1500,0,1,PID_ATTITUDE
519.726393,480-600_STILL,37395375066100,607500,PITCH,0.04,-0.18,-0.21,0.0,0.0,0.0,0.0,0,1500,0,1,PID_ATTITUDE
519.820447,480-600_STILL,37395469119900,607600,PITCH,0.03,-0.18,-0.21,0.0,0.0,0.0,0.0,0,1500,0,1,PID_ATTITUDE
519.868614,480-600_STILL,37395517287100,607700,PITCH,0.04,-0.17,-0.2,0.0,0.0,0.0,0.0,0,1500,0,1,PID_ATTITUDE
520.024158,480-600_STILL,37395672830900,607800,PITCH,0.04,-0.17,-0.19,0.0,0.0,0.0,0.0,0,1500,0,1,PID_ATTITUDE
520.118402,480-600_STILL,37395767074500,607900,PITCH,0.05,-0.16,-0.19,0.0,0.0,0.0,0.0,0,1500,0,1,PID_ATTITUDE
520.227418,480-600_STILL,37395876091200,608000,PITCH,0.05,-0.16,-0.19,0.0,0.0,0.0,0.0,0,1500,0,1,PID_ATTITUDE
520.321789,480-600_STILL,37395970462000,608100,PITCH,0.05,-0.16,-0.19,0.0,0.0,0.0,0.0,0,1500,0,1,PID_ATTITUDE
520.415324,480-600_STILL,37396063996800,608200,PITCH,0.04,-0.16,-0.19,0.0,0.0,0.0,0.0,0,1500,0,1,PID_ATTITUDE
520.525403,480-600_STILL,37396174075600,608300,PITCH,0.04,-0.16,-0.19,0.0,0.0,0.0,0.0,0,1500,0,1,PID_ATTITUDE
520.616973,480-600_STILL,37396265646200,608400,PITCH,0.04,-0.16,-0.19,0.0,0.0,0.0,0.0,0,1500,0,1,PID_ATTITUDE
520.727659,480-600_STILL,37396376331700,608500,PITCH,0.04,-0.17,-0.2,0.0,0.0,0.0,0.0,0,1500,0,1,PID_ATTITUDE
520.819686,480-600_STILL,37396468358800,608600,PITCH,0.05,-0.17,-0.2,0.0,0.0,0.0,0.0,0,1500,0,1,PID_ATTITUDE
520.868390,480-600_STILL,37396517062800,608700,PITCH,0.04,-0.17,-0.2,0.0,0.0,0.0,0.0,0,1500,0,1,PID_ATTITUDE
521.022648,480-600_STILL,37396671320500,608800,PITCH,0.04,-0.17,-0.19,0.0,0.0,0.0,0.0,0,1500,0,1,PID_ATTITUDE
521.116568,480-600_STILL,37396765241200,608900,PITCH,0.03,-0.16,-0.19,0.0,0.0,0.0,0.0,0,1500,0,1,PID_ATTITUDE
521.226001,480-600_STILL,37396874673500,609000,PITCH,0.04,-0.16,-0.19,0.0,0.0,0.0,0.0,0,1500,0,1,PID_ATTITUDE
521.319047,480-600_STILL,37396967719500,609100,PITCH,0.03,-0.15,-0.18,0.0,0.0,0.0,0.0,0,1500,0,1,PID_ATTITUDE
521.429024,480-600_STILL,37397077696900,609200,PITCH,0.03,-0.15,-0.19,0.0,0.0,0.0,0.0,0,1500,0,1,PID_ATTITUDE
521.523879,480-600_STILL,37397172551500,609300,PITCH,0.03,-0.16,-0.19,0.0,0.0,0.0,0.0,0,1500,0,1,PID_ATTITUDE
521.618176,480-600_STILL,37397266848900,609400,PITCH,0.03,-0.16,-0.19,0.0,0.0,0.0,0.0,0,1500,0,1,PID_ATTITUDE
521.728112,480-600_STILL,37397376784600,609500,PITCH,0.04,-0.17,-0.2,0.0,0.0,0.0,0.0,0,1500,0,1,PID_ATTITUDE
521.822204,480-600_STILL,37397470876700,609600,PITCH,0.04,-0.16,-0.19,0.0,0.0,0.0,0.0,0,1500,0,1,PID_ATTITUDE
521.868316,480-600_STILL,37397516989200,609700,PITCH,0.04,-0.15,-0.18,0.0,0.0,0.0,0.0,0,1500,0,1,PID_ATTITUDE
522.024030,480-600_STILL,37397672702900,609800,PITCH,0.04,-0.15,-0.18,0.0,0.0,0.0,0.0,0,1500,0,1,PID_ATTITUDE
522.118053,480-600_STILL,37397766726000,609900,PITCH,0.04,-0.15,-0.18,0.0,0.0,0.0,0.0,0,1500,0,1,PID_ATTITUDE
522.227258,480-600_STILL,37397875930500,610000,PITCH,0.04,-0.16,-0.19,0.0,0.0,0.0,0.0,0,1500,0,1,PID_ATTITUDE
522.320409,480-600_STILL,37397969081500,610100,PITCH,0.04,-0.16,-0.19,0.0,0.0,0.0,0.0,0,1500,0,1,PID_ATTITUDE
522.428213,480-600_STILL,37398076886300,610200,PITCH,0.04,-0.16,-0.19,0.0,0.0,0.0,0.0,0,1500,0,1,PID_ATTITUDE
522.522910,480-600_STILL,37398171582900,610300,PITCH,0.03,-0.16,-0.19,0.0,0.0,0.0,0.0,0,1500,0,1,PID_ATTITUDE
522.616626,480-600_STILL,37398265299300,610400,PITCH,0.04,-0.14,-0.17,0.0,0.0,0.0,0.0,0,1500,0,1,PID_ATTITUDE
522.726979,480-600_STILL,37398375651500,610500,PITCH,0.04,-0.14,-0.17,0.0,0.0,0.0,0.0,0,1500,0,1,PID_ATTITUDE
522.819993,480-600_STILL,37398468665800,610600,PITCH,0.04,-0.13,-0.16,0.0,0.0,0.0,0.0,0,1500,0,1,PID_ATTITUDE
522.867980,480-600_STILL,37398516653300,610700,PITCH,0.04,-0.13,-0.16,0.0,0.0,0.0,0.0,0,1500,0,1,PID_ATTITUDE
523.021380,480-600_STILL,37398670053100,610800,PITCH,0.05,-0.13,-0.16,0.0,0.0,0.0,0.0,0,1500,0,1,PID_ATTITUDE
523.115833,480-600_STILL,37398764505700,610900,PITCH,0.05,-0.13,-0.16,0.0,0.0,0.0,0.0,0,1500,0,1,PID_ATTITUDE
523.224624,480-600_STILL,37398873296400,611000,PITCH,0.05,-0.13,-0.16,0.0,0.0,0.0,0.0,0,1500,0,1,PID_ATTITUDE
523.318027,480-600_STILL,37398966700100,611100,PITCH,0.03,-0.13,-0.16,0.0,0.0,0.0,0.0,0,1500,0,1,PID_ATTITUDE
523.426111,480-600_STILL,37399074784100,611200,PITCH,0.02,-0.13,-0.16,0.0,0.0,0.0,0.0,0,1500,0,1,PID_ATTITUDE
523.518269,480-600_STILL,37399166941700,611300,PITCH,0.01,-0.15,-0.18,0.0,0.0,0.0,0.0,0,1500,0,1,PID_ATTITUDE
523.627952,480-600_STILL,37399276625200,611400,PITCH,0.0,-0.16,-0.19,0.0,0.0,0.0,0.0,0,1500,0,1,PID_ATTITUDE
523.720599,480-600_STILL,37399369272100,611500,PITCH,0.0,-0.16,-0.19,0.0,0.0,0.0,0.0,0,1500,0,1,PID_ATTITUDE
523.828913,480-600_STILL,37399477585600,611600,PITCH,0.02,-0.16,-0.19,0.0,0.0,0.0,0.0,0,1500,0,1,PID_ATTITUDE
523.868010,480-600_STILL,37399516683400,611700,PITCH,0.01,-0.16,-0.19,0.0,0.0,0.0,0.0,0,1500,0,1,PID_ATTITUDE
524.015613,480-600_STILL,37399664286200,611800,PITCH,0.0,-0.16,-0.19,0.0,0.0,0.0,0.0,0,1500,0,1,PID_ATTITUDE
524.125241,480-600_STILL,37399773914200,611900,PITCH,0.0,-0.15,-0.18,0.0,0.0,0.0,0.0,0,1500,0,1,PID_ATTITUDE
524.218833,480-600_STILL,37399867505700,612000,PITCH,0.01,-0.16,-0.19,0.0,0.0,0.0,0.0,0,1500,0,1,PID_ATTITUDE
524.327634,480-600_STILL,37399976306700,612100,PITCH,0.02,-0.17,-0.2,0.0,0.0,0.0,0.0,0,1500,0,1,PID_ATTITUDE
524.420321,480-600_STILL,37400068994300,612200,PITCH,0.02,-0.17,-0.2,0.0,0.0,0.0,0.0,0,1500,0,1,PID_ATTITUDE
524.515005,480-600_STILL,37400163677600,612300,PITCH,0.02,-0.18,-0.21,0.0,0.0,0.0,0.0,0,1500,0,1,PID_ATTITUDE
524.622566,480-600_STILL,37400271239400,612400,PITCH,0.03,-0.18,-0.22,0.0,0.0,0.0,0.0,0,1500,0,1,PID_ATTITUDE
524.717984,480-600_STILL,37400366656500,612500,PITCH,0.03,-0.18,-0.21,0.0,0.0,0.0,0.0,0,1500,0,1,PID_ATTITUDE
524.826955,480-600_STILL,37400475627500,612600,PITCH,0.02,-0.18,-0.21,0.0,0.0,0.0,0.0,0,1500,0,1,PID_ATTITUDE
524.867853,480-600_STILL,37400516526200,612700,PITCH,0.01,-0.19,-0.22,0.0,0.0,0.0,0.0,0,1500,0,1,PID_ATTITUDE
525.015152,480-600_STILL,37400663824500,612800,PITCH,0.02,-0.19,-0.22,0.0,0.0,0.0,0.0,0,1500,0,1,PID_ATTITUDE
525.124413,480-600_STILL,37400773086200,612900,PITCH,0.02,-0.19,-0.22,0.0,0.0,0.0,0.0,0,1500,0,1,PID_ATTITUDE
525.217426,480-600_STILL,37400866098600,613000,PITCH,0.03,-0.19,-0.22,0.0,0.0,0.0,0.0,0,1500,0,1,PID_ATTITUDE
525.325786,480-600_STILL,37400974458900,613100,PITCH,0.03,-0.18,-0.21,0.0,0.0,0.0,0.0,0,1500,0,1,PID_ATTITUDE
525.419953,480-600_STILL,37401068626200,613200,PITCH,0.03,-0.17,-0.2,0.0,0.0,0.0,0.0,0,1500,0,1,PID_ATTITUDE
525.528474,480-600_STILL,37401177146600,613300,PITCH,0.04,-0.17,-0.2,0.0,0.0,0.0,0.0,0,1500,0,1,PID_ATTITUDE
525.621736,480-600_STILL,37401270409400,613400,PITCH,0.04,-0.17,-0.2,0.0,0.0,0.0,0.0,0,1500,0,1,PID_ATTITUDE
525.715021,480-600_STILL,37401363693900,613500,PITCH,0.03,-0.18,-0.21,0.0,0.0,0.0,0.0,0,1500,0,1,PID_ATTITUDE
525.825093,480-600_STILL,37401473766200,613600,PITCH,0.03,-0.19,-0.22,0.0,0.0,0.0,0.0,0,1500,0,1,PID_ATTITUDE
525.867701,480-600_STILL,37401516373900,613700,PITCH,0.03,-0.19,-0.22,0.0,0.0,0.0,0.0,0,1500,0,1,PID_ATTITUDE
526.028671,480-600_STILL,37401677344100,613800,PITCH,0.02,-0.18,-0.21,0.0,0.0,0.0,0.0,0,1500,0,1,PID_ATTITUDE
526.122742,480-600_STILL,37401771415200,613900,PITCH,0.01,-0.18,-0.21,0.0,0.0,0.0,0.0,0,1500,0,1,PID_ATTITUDE
526.229359,480-600_STILL,37401878032000,614000,PITCH,0.01,-0.17,-0.2,0.0,0.0,0.0,0.0,0,1500,0,1,PID_ATTITUDE
526.323317,480-600_STILL,37401971989600,614100,PITCH,0.01,-0.17,-0.2,0.0,0.0,0.0,0.0,0,1500,0,1,PID_ATTITUDE
526.417587,480-600_STILL,37402066260300,614200,PITCH,0.0,-0.17,-0.2,0.0,0.0,0.0,0.0,0,1500,0,1,PID_ATTITUDE
526.512800,480-600_STILL,37402161472900,614300,PITCH,0.0,-0.18,-0.21,0.0,0.0,0.0,0.0,0,1500,0,1,PID_ATTITUDE
526.621453,480-600_STILL,37402270125900,614400,PITCH,0.01,-0.17,-0.2,0.0,0.0,0.0,0.0,0,1500,0,1,PID_ATTITUDE
526.713773,480-600_STILL,37402362445800,614500,PITCH,0.01,-0.18,-0.21,0.0,0.0,0.0,0.0,0,1500,0,1,PID_ATTITUDE
526.822271,480-600_STILL,37402470944100,614600,PITCH,0.0,-0.18,-0.21,0.0,0.0,0.0,0.0,0,1500,0,1,PID_ATTITUDE
526.867555,480-600_STILL,37402516228300,614700,PITCH,0.0,-0.18,-0.21,0.0,0.0,0.0,0.0,0,1500,0,1,PID_ATTITUDE
527.025058,480-600_STILL,37402673731200,614800,PITCH,0.01,-0.19,-0.22,0.0,0.0,0.0,0.0,0,1500,0,1,PID_ATTITUDE
527.119583,480-600_STILL,37402768255800,614900,PITCH,0.01,-0.2,-0.23,0.0,0.0,0.0,0.0,0,1500,0,1,PID_ATTITUDE
527.228417,480-600_STILL,37402877089600,615000,PITCH,0.02,-0.2,-0.23,0.0,0.0,0.0,0.0,0,1500,0,1,PID_ATTITUDE
527.320947,480-600_STILL,37402969619500,615100,PITCH,0.02,-0.21,-0.24,0.0,0.0,0.0,0.0,0,1500,0,1,PID_ATTITUDE
527.413184,480-600_STILL,37403061857200,615200,PITCH,0.01,-0.21,-0.24,0.0,0.0,0.0,0.0,0,1500,0,1,PID_ATTITUDE
527.522088,480-600_STILL,37403170761200,615300,PITCH,0.01,-0.21,-0.24,0.0,0.0,0.0,0.0,0,1500,0,1,PID_ATTITUDE
527.616980,480-600_STILL,37403265653400,615400,PITCH,0.02,-0.2,-0.23,0.0,0.0,0.0,0.0,0,1500,0,1,PID_ATTITUDE
527.726236,480-600_STILL,37403374909100,615500,PITCH,0.02,-0.2,-0.23,0.0,0.0,0.0,0.0,0,1500,0,1,PID_ATTITUDE
527.819406,480-600_STILL,37403468079200,615600,PITCH,0.03,-0.2,-0.23,0.0,0.0,0.0,0.0,0,1500,0,1,PID_ATTITUDE
527.867261,480-600_STILL,37403515934200,615700,PITCH,0.03,-0.2,-0.23,0.0,0.0,0.0,0.0,0,1500,0,1,PID_ATTITUDE
528.019218,480-600_STILL,37403667890800,615800,PITCH,0.04,-0.2,-0.23,0.0,0.0,0.0,0.0,0,1500,0,1,PID_ATTITUDE
528.127582,480-600_STILL,37403776254600,615900,PITCH,0.03,-0.19,-0.21,0.0,0.0,0.0,0.0,0,1500,0,1,PID_ATTITUDE
528.221279,480-600_STILL,37403869951600,616000,PITCH,0.03,-0.18,-0.21,0.0,0.0,0.0,0.0,0,1500,0,1,PID_ATTITUDE
528.315397,480-600_STILL,37403964069400,616100,PITCH,0.02,-0.19,-0.22,0.0,0.0,0.0,0.0,0,1500,0,1,PID_ATTITUDE
528.424056,480-600_STILL,37404072728900,616200,PITCH,0.02,-0.19,-0.22,0.0,0.0,0.0,0.0,0,1500,0,1,PID_ATTITUDE
528.518765,480-600_STILL,37404167438300,616300,PITCH,0.02,-0.19,-0.23,0.0,0.0,0.0,0.0,0,1500,0,1,PID_ATTITUDE
528.626982,480-600_STILL,37404275655100,616400,PITCH,0.02,-0.2,-0.23,0.0,0.0,0.0,0.0,0,1500,0,1,PID_ATTITUDE
528.719266,480-600_STILL,37404367939000,616500,PITCH,0.02,-0.2,-0.23,0.0,0.0,0.0,0.0,0,1500,0,1,PID_ATTITUDE
528.813629,480-600_STILL,37404462301600,616600,PITCH,0.03,-0.19,-0.23,0.0,0.0,0.0,0.0,0,1500,0,1,PID_ATTITUDE
528.867306,480-600_STILL,37404515978600,616700,PITCH,0.03,-0.2,-0.23,0.0,0.0,0.0,0.0,0,1500,0,1,PID_ATTITUDE
529.015717,480-600_STILL,37404664390200,616800,PITCH,0.03,-0.19,-0.21,0.0,0.0,0.0,0.0,0,1500,0,1,PID_ATTITUDE
529.124378,480-600_STILL,37404773050800,616900,PITCH,0.03,-0.18,-0.21,0.0,0.0,0.0,0.0,0,1500,0,1,PID_ATTITUDE
529.218394,480-600_STILL,37404867067200,617000,PITCH,0.02,-0.17,-0.2,0.0,0.0,0.0,0.0,0,1500,0,1,PID_ATTITUDE
529.326425,480-600_STILL,37404975098100,617100,PITCH,0.02,-0.17,-0.2,0.0,0.0,0.0,0.0,0,1500,0,1,PID_ATTITUDE
529.419889,480-600_STILL,37405068561600,617200,PITCH,0.02,-0.17,-0.19,0.0,0.0,0.0,0.0,0,1500,0,1,PID_ATTITUDE
529.514280,480-600_STILL,37405162952600,617300,PITCH,0.01,-0.16,-0.19,0.0,0.0,0.0,0.0,0,1500,0,1,PID_ATTITUDE
529.622663,480-600_STILL,37405271335900,617400,PITCH,0.01,-0.15,-0.18,0.0,0.0,0.0,0.0,0,1500,0,1,PID_ATTITUDE
529.716274,480-600_STILL,37405364946800,617500,PITCH,0.01,-0.15,-0.18,0.0,0.0,0.0,0.0,0,1500,0,1,PID_ATTITUDE
529.823774,480-600_STILL,37405472446900,617600,PITCH,0.01,-0.16,-0.19,0.0,0.0,0.0,0.0,0,1500,0,1,PID_ATTITUDE
529.867124,480-600_STILL,37405515797000,617700,PITCH,0.02,-0.15,-0.18,0.0,0.0,0.0,0.0,0,1500,0,1,PID_ATTITUDE
530.024079,480-600_STILL,37405672752300,617800,PITCH,0.03,-0.15,-0.18,0.0,0.0,0.0,0.0,0,1500,0,1,PID_ATTITUDE
530.117113,480-600_STILL,37405765786400,617900,PITCH,0.02,-0.15,-0.19,0.0,0.0,0.0,0.0,0,1500,0,1,PID_ATTITUDE
530.226121,480-600_STILL,37405874794200,618000,PITCH,0.02,-0.17,-0.2,0.0,0.0,0.0,0.0,0,1500,0,1,PID_ATTITUDE
530.319185,480-600_STILL,37405967857600,618100,PITCH,0.03,-0.17,-0.2,0.0,0.0,0.0,0.0,0,1500,0,1,PID_ATTITUDE
530.427703,480-600_STILL,37406076375700,618200,PITCH,0.02,-0.18,-0.21,0.0,0.0,0.0,0.0,0,1500,0,1,PID_ATTITUDE
530.521784,480-600_STILL,37406170456700,618300,PITCH,0.02,-0.19,-0.22,0.0,0.0,0.0,0.0,0,1500,0,1,PID_ATTITUDE
530.615728,480-600_STILL,37406264400400,618400,PITCH,0.01,-0.19,-0.22,0.0,0.0,0.0,0.0,0,1500,0,1,PID_ATTITUDE
530.724230,480-600_STILL,37406372903200,618500,PITCH,0.02,-0.2,-0.23,0.0,0.0,0.0,0.0,0,1500,0,1,PID_ATTITUDE
530.817161,480-600_STILL,37406465833600,618600,PITCH,0.02,-0.2,-0.22,0.0,0.0,0.0,0.0,0,1500,0,1,PID_ATTITUDE
530.867004,480-600_STILL,37406515676800,618700,PITCH,0.03,-0.19,-0.22,0.0,0.0,0.0,0.0,0,1500,0,1,PID_ATTITUDE
531.018202,480-600_STILL,37406666875300,618800,PITCH,0.04,-0.18,-0.21,0.0,0.0,0.0,0.0,0,1500,0,1,PID_ATTITUDE
531.127400,480-600_STILL,37406776072900,618900,PITCH,0.04,-0.19,-0.22,0.0,0.0,0.0,0.0,0,1500,0,1,PID_ATTITUDE
531.221258,480-600_STILL,37406869930700,619000,PITCH,0.03,-0.18,-0.21,0.0,0.0,0.0,0.0,0,1500,0,1,PID_ATTITUDE
531.315772,480-600_STILL,37406964444500,619100,PITCH,0.03,-0.17,-0.2,0.0,0.0,0.0,0.0,0,1500,0,1,PID_ATTITUDE
531.424635,480-600_STILL,37407073308300,619200,PITCH,0.04,-0.18,-0.21,0.0,0.0,0.0,0.0,0,1500,0,1,PID_ATTITUDE
531.517327,480-600_STILL,37407165999500,619300,PITCH,0.04,-0.19,-0.22,0.0,0.0,0.0,0.0,0,1500,0,1,PID_ATTITUDE
531.625330,480-600_STILL,37407274002600,619400,PITCH,0.04,-0.19,-0.22,0.0,0.0,0.0,0.0,0,1500,0,1,PID_ATTITUDE
531.716577,480-600_STILL,37407365249700,619500,PITCH,0.06,-0.18,-0.21,0.0,0.0,0.0,0.0,0,1500,0,1,PID_ATTITUDE
531.824893,480-600_STILL,37407473566000,619600,PITCH,0.06,-0.18,-0.21,0.0,0.0,0.0,0.0,0,1500,0,1,PID_ATTITUDE
531.866648,480-600_STILL,37407515321100,619700,PITCH,0.06,-0.18,-0.21,0.0,0.0,0.0,0.0,0,1500,0,1,PID_ATTITUDE
532.026502,480-600_STILL,37407675174900,619800,PITCH,0.06,-0.18,-0.21,0.0,0.0,0.0,0.0,0,1500,0,1,PID_ATTITUDE
532.119876,480-600_STILL,37407768548500,619900,PITCH,0.07,-0.18,-0.21,0.0,0.0,0.0,0.0,0,1500,0,1,PID_ATTITUDE
532.213606,480-600_STILL,37407862279000,620000,PITCH,0.06,-0.17,-0.2,0.0,0.0,0.0,0.0,0,1500,0,1,PID_ATTITUDE
532.321169,480-600_STILL,37407969842200,620100,PITCH,0.06,-0.17,-0.2,0.0,0.0,0.0,0.0,0,1500,0,1,PID_ATTITUDE
532.414294,480-600_STILL,37408062966800,620200,PITCH,0.05,-0.16,-0.19,0.0,0.0,0.0,0.0,0,1500,0,1,PID_ATTITUDE
532.524462,480-600_STILL,37408173135000,620300,PITCH,0.05,-0.16,-0.19,0.0,0.0,0.0,0.0,0,1500,0,1,PID_ATTITUDE
532.618973,480-600_STILL,37408267645800,620400,PITCH,0.06,-0.16,-0.19,0.0,0.0,0.0,0.0,0,1500,0,1,PID_ATTITUDE
532.713182,480-600_STILL,37408361854500,620500,PITCH,0.05,-0.16,-0.19,0.0,0.0,0.0,0.0,0,1500,0,1,PID_ATTITUDE
532.822690,480-600_STILL,37408471362800,620600,PITCH,0.03,-0.18,-0.21,0.0,0.0,0.0,0.0,0,1500,0,1,PID_ATTITUDE
532.866561,480-600_STILL,37408515234100,620700,PITCH,0.03,-0.19,-0.22,0.0,0.0,0.0,0.0,0,1500,0,1,PID_ATTITUDE
533.026436,480-600_STILL,37408675108600,620800,PITCH,0.03,-0.2,-0.23,0.0,0.0,0.0,0.0,0,1500,0,1,PID_ATTITUDE
533.119541,480-600_STILL,37408768214000,620900,PITCH,0.04,-0.21,-0.24,0.0,0.0,0.0,0.0,0,1500,0,1,PID_ATTITUDE
533.227511,480-600_STILL,37408876184000,621000,PITCH,0.04,-0.2,-0.23,0.0,0.0,0.0,0.0,0,1500,0,1,PID_ATTITUDE
533.320529,480-600_STILL,37408969201700,621100,PITCH,0.05,-0.2,-0.23,0.0,0.0,0.0,0.0,0,1500,0,1,PID_ATTITUDE
533.414503,480-600_STILL,37409063176200,621200,PITCH,0.06,-0.19,-0.21,0.0,0.0,0.0,0.0,0,1500,0,1,PID_ATTITUDE
533.523709,480-600_STILL,37409172382100,621300,PITCH,0.07,-0.18,-0.21,0.0,0.0,0.0,0.0,0,1500,0,1,PID_ATTITUDE
533.616798,480-600_STILL,37409265470500,621400,PITCH,0.07,-0.16,-0.19,0.0,0.0,0.0,0.0,0,1500,0,1,PID_ATTITUDE
533.725423,480-600_STILL,37409374096100,621500,PITCH,0.08,-0.16,-0.18,0.0,0.0,0.0,0.0,0,1500,0,1,PID_ATTITUDE
533.818870,480-600_STILL,37409467542600,621600,PITCH,0.07,-0.15,-0.18,0.0,0.0,0.0,0.0,0,1500,0,1,PID_ATTITUDE
533.866361,480-600_STILL,37409515034300,621700,PITCH,0.07,-0.15,-0.18,0.0,0.0,0.0,0.0,0,1500,0,1,PID_ATTITUDE
534.020835,480-600_STILL,37409669508000,621800,PITCH,0.06,-0.15,-0.17,0.0,0.0,0.0,0.0,0,1500,0,1,PID_ATTITUDE
534.114034,480-600_STILL,37409762706400,621900,PITCH,0.05,-0.14,-0.17,0.0,0.0,0.0,0.0,0,1500,0,1,PID_ATTITUDE
534.222647,480-600_STILL,37409871320400,622000,PITCH,0.06,-0.15,-0.18,0.0,0.0,0.0,0.0,0,1500,0,1,PID_ATTITUDE
534.315897,480-600_STILL,37409964570200,622100,PITCH,0.06,-0.15,-0.18,0.0,0.0,0.0,0.0,0,1500,0,1,PID_ATTITUDE
534.423015,480-600_STILL,37410071687700,622200,PITCH,0.05,-0.16,-0.19,0.0,0.0,0.0,0.0,0,1500,0,1,PID_ATTITUDE
534.516903,480-600_STILL,37410165575600,622300,PITCH,0.05,-0.16,-0.19,0.0,0.0,0.0,0.0,0,1500,0,1,PID_ATTITUDE
534.626072,480-600_STILL,37410274745300,622400,PITCH,0.05,-0.17,-0.2,0.0,0.0,0.0,0.0,0,1500,0,1,PID_ATTITUDE
534.720371,480-600_STILL,37410369043900,622500,PITCH,0.06,-0.17,-0.2,0.0,0.0,0.0,0.0,0,1500,0,1,PID_ATTITUDE
534.811912,480-600_STILL,37410460584800,622600,PITCH,0.05,-0.17,-0.2,0.0,0.0,0.0,0.0,0,1500,0,1,PID_ATTITUDE
534.866373,480-600_STILL,37410515045700,622700,PITCH,0.04,-0.18,-0.21,0.0,0.0,0.0,0.0,0,1500,0,1,PID_ATTITUDE
535.013682,480-600_STILL,37410662355100,622800,PITCH,0.04,-0.17,-0.2,0.0,0.0,0.0,0.0,0,1500,0,1,PID_ATTITUDE
535.121819,480-600_STILL,37410770492200,622900,PITCH,0.04,-0.18,-0.21,0.0,0.0,0.0,0.0,0,1500,0,1,PID_ATTITUDE
535.215548,480-600_STILL,37410864221200,623000,PITCH,0.04,-0.17,-0.2,0.0,0.0,0.0,0.0,0,1500,0,1,PID_ATTITUDE
535.323793,480-600_STILL,37410972466200,623100,PITCH,0.04,-0.17,-0.2,0.0,0.0,0.0,0.0,0,1500,0,1,PID_ATTITUDE
535.418729,480-600_STILL,37411067401400,623200,PITCH,0.04,-0.17,-0.2,0.0,0.0,0.0,0.0,0,1500,0,1,PID_ATTITUDE
535.526610,480-600_STILL,37411175282700,623300,PITCH,0.04,-0.17,-0.2,0.0,0.0,0.0,0.0,0,1500,0,1,PID_ATTITUDE
535.618637,480-600_STILL,37411267309600,623400,PITCH,0.03,-0.17,-0.2,0.0,0.0,0.0,0.0,0,1500,0,1,PID_ATTITUDE
535.726089,480-600_STILL,37411374762100,623500,PITCH,0.02,-0.18,-0.2,0.0,0.0,0.0,0.0,0,1500,0,1,PID_ATTITUDE
535.821390,480-600_STILL,37411470062400,623600,PITCH,0.02,-0.17,-0.2,0.0,0.0,0.0,0.0,0,1500,0,1,PID_ATTITUDE
535.866227,480-600_STILL,37411514900300,623700,PITCH,0.02,-0.16,-0.19,0.0,0.0,0.0,0.0,0,1500,0,1,PID_ATTITUDE
536.024262,480-600_STILL,37411672934500,623800,PITCH,0.03,-0.14,-0.17,0.0,0.0,0.0,0.0,0,1500,0,1,PID_ATTITUDE
536.117098,480-600_STILL,37411765770800,623900,PITCH,0.03,-0.14,-0.17,0.0,0.0,0.0,0.0,0,1500,0,1,PID_ATTITUDE
536.226170,480-600_STILL,37411874842900,624000,PITCH,0.03,-0.15,-0.18,0.0,0.0,0.0,0.0,0,1500,0,1,PID_ATTITUDE
536.319007,480-600_STILL,37411967680100,624100,PITCH,0.03,-0.16,-0.19,0.0,0.0,0.0,0.0,0,1500,0,1,PID_ATTITUDE
536.412245,480-600_STILL,37412060917700,624200,PITCH,0.04,-0.16,-0.19,0.0,0.0,0.0,0.0,0,1500,0,1,PID_ATTITUDE
536.521431,480-600_STILL,37412170104300,624300,PITCH,0.04,-0.17,-0.2,0.0,0.0,0.0,0.0,0,1500,0,1,PID_ATTITUDE
536.615677,480-600_STILL,37412264350000,624400,PITCH,0.04,-0.17,-0.2,0.0,0.0,0.0,0.0,0,1500,0,1,PID_ATTITUDE
536.724498,480-600_STILL,37412373171000,624500,PITCH,0.03,-0.18,-0.2,0.0,0.0,0.0,0.0,0,1500,0,1,PID_ATTITUDE
536.817250,480-600_STILL,37412465922900,624600,PITCH,0.02,-0.17,-0.2,0.0,0.0,0.0,0.0,0,1500,0,1,PID_ATTITUDE
536.865948,480-600_STILL,37412514620900,624700,PITCH,0.02,-0.19,-0.22,0.0,0.0,0.0,0.0,0,1500,0,1,PID_ATTITUDE
537.020438,480-600_STILL,37412669110800,624800,PITCH,0.02,-0.19,-0.22,0.0,0.0,0.0,0.0,0,1500,0,1,PID_ATTITUDE
537.114335,480-600_STILL,37412763007800,624900,PITCH,0.01,-0.18,-0.21,0.0,0.0,0.0,0.0,0,1500,0,1,PID_ATTITUDE
537.222502,480-600_STILL,37412871174600,625000,PITCH,0.02,-0.17,-0.2,0.0,0.0,0.0,0.0,0,1500,0,1,PID_ATTITUDE
537.315173,480-600_STILL,37412963846200,625100,PITCH,0.03,-0.17,-0.2,0.0,0.0,0.0,0.0,0,1500,0,1,PID_ATTITUDE
537.423170,480-600_STILL,37413071843400,625200,PITCH,0.04,-0.19,-0.22,0.0,0.0,0.0,0.0,0,1500,0,1,PID_ATTITUDE
537.515896,480-600_STILL,37413164568900,625300,PITCH,0.03,-0.19,-0.22,0.0,0.0,0.0,0.0,0,1500,0,1,PID_ATTITUDE
537.625268,480-600_STILL,37413273941100,625400,PITCH,0.03,-0.19,-0.22,0.0,0.0,0.0,0.0,0,1500,0,1,PID_ATTITUDE
537.720903,480-600_STILL,37413369575800,625500,PITCH,0.03,-0.18,-0.21,0.0,0.0,0.0,0.0,0,1500,0,1,PID_ATTITUDE
537.814067,480-600_STILL,37413462740000,625600,PITCH,0.03,-0.18,-0.21,0.0,0.0,0.0,0.0,0,1500,0,1,PID_ATTITUDE
537.865883,480-600_STILL,37413514555900,625700,PITCH,0.02,-0.19,-0.22,0.0,0.0,0.0,0.0,0,1500,0,1,PID_ATTITUDE
538.017721,480-600_STILL,37413666394100,625800,PITCH,0.01,-0.18,-0.21,0.0,0.0,0.0,0.0,0,1500,0,1,PID_ATTITUDE
538.127044,480-600_STILL,37413775716800,625900,PITCH,0.03,-0.19,-0.22,0.0,0.0,0.0,0.0,0,1500,0,1,PID_ATTITUDE
538.219406,480-600_STILL,37413868078500,626000,PITCH,0.03,-0.2,-0.23,0.0,0.0,0.0,0.0,0,1500,0,1,PID_ATTITUDE
538.312460,480-600_STILL,37413961132800,626100,PITCH,0.03,-0.2,-0.23,0.0,0.0,0.0,0.0,0,1500,0,1,PID_ATTITUDE
538.421267,480-600_STILL,37414069940300,626200,PITCH,0.03,-0.2,-0.23,0.0,0.0,0.0,0.0,0,1500,0,1,PID_ATTITUDE
538.514746,480-600_STILL,37414163418700,626300,PITCH,0.03,-0.2,-0.23,0.0,0.0,0.0,0.0,0,1500,0,1,PID_ATTITUDE
538.625163,480-600_STILL,37414273835500,626400,PITCH,0.03,-0.19,-0.22,0.0,0.0,0.0,0.0,0,1500,0,1,PID_ATTITUDE
538.717268,480-600_STILL,37414365941300,626500,PITCH,0.04,-0.19,-0.22,0.0,0.0,0.0,0.0,0,1500,0,1,PID_ATTITUDE
538.826517,480-600_STILL,37414475189700,626600,PITCH,0.04,-0.17,-0.2,0.0,0.0,0.0,0.0,0,1500,0,1,PID_ATTITUDE
538.865765,480-600_STILL,37414514438100,626700,PITCH,0.04,-0.18,-0.21,0.0,0.0,0.0,0.0,0,1500,0,1,PID_ATTITUDE
539.012392,480-600_STILL,37414661065100,626800,PITCH,0.04,-0.18,-0.21,0.0,0.0,0.0,0.0,0,1500,0,1,PID_ATTITUDE
539.121414,480-600_STILL,37414770087200,626900,PITCH,0.03,-0.18,-0.21,0.0,0.0,0.0,0.0,0,1500,0,1,PID_ATTITUDE
539.215057,480-600_STILL,37414863730300,627000,PITCH,0.04,-0.18,-0.21,0.0,0.0,0.0,0.0,0,1500,0,1,PID_ATTITUDE
539.324369,480-600_STILL,37414973042400,627100,PITCH,0.04,-0.19,-0.22,0.0,0.0,0.0,0.0,0,1500,0,1,PID_ATTITUDE
539.416944,480-600_STILL,37415065616800,627200,PITCH,0.04,-0.18,-0.21,0.0,0.0,0.0,0.0,0,1500,0,1,PID_ATTITUDE
539.511299,480-600_STILL,37415159972300,627300,PITCH,0.05,-0.18,-0.21,0.0,0.0,0.0,0.0,0,1500,0,1,PID_ATTITUDE
539.619797,480-600_STILL,37415268470300,627400,PITCH,0.05,-0.18,-0.21,0.0,0.0,0.0,0.0,0,1500,0,1,PID_ATTITUDE
539.712699,480-600_STILL,37415361371700,627500,PITCH,0.05,-0.18,-0.21,0.0,0.0,0.0,0.0,0,1500,0,1,PID_ATTITUDE
539.820744,480-600_STILL,37415469417100,627600,PITCH,0.05,-0.18,-0.21,0.0,0.0,0.0,0.0,0,1500,0,1,PID_ATTITUDE
539.865710,480-600_STILL,37415514382800,627700,PITCH,0.06,-0.17,-0.2,0.0,0.0,0.0,0.0,0,1500,0,1,PID_ATTITUDE
540.022322,480-600_STILL,37415670994700,627800,PITCH,0.05,-0.16,-0.2,0.0,0.0,0.0,0.0,0,1500,0,1,PID_ATTITUDE
540.116541,480-600_STILL,37415765214200,627900,PITCH,0.05,-0.17,-0.2,0.0,0.0,0.0,0.0,0,1500,0,1,PID_ATTITUDE
540.226048,480-600_STILL,37415874720500,628000,PITCH,0.06,-0.18,-0.21,0.0,0.0,0.0,0.0,0,1500,0,1,PID_ATTITUDE
540.321064,480-600_STILL,37415969736900,628100,PITCH,0.06,-0.17,-0.2,0.0,0.0,0.0,0.0,0,1500,0,1,PID_ATTITUDE
540.413347,480-600_STILL,37416062020400,628200,PITCH,0.05,-0.18,-0.21,0.0,0.0,0.0,0.0,0,1500,0,1,PID_ATTITUDE
540.522676,480-600_STILL,37416171349000,628300,PITCH,0.05,-0.18,-0.21,0.0,0.0,0.0,0.0,0,1500,0,1,PID_ATTITUDE
540.617171,480-600_STILL,37416265844000,628400,PITCH,0.05,-0.18,-0.21,0.0,0.0,0.0,0.0,0,1500,0,1,PID_ATTITUDE
540.724480,480-600_STILL,37416373152500,628500,PITCH,0.04,-0.18,-0.21,0.0,0.0,0.0,0.0,0,1500,0,1,PID_ATTITUDE
540.818960,480-600_STILL,37416467632600,628600,PITCH,0.04,-0.17,-0.2,0.0,0.0,0.0,0.0,0,1500,0,1,PID_ATTITUDE
540.865302,480-600_STILL,37416513975000,628700,PITCH,0.04,-0.17,-0.2,0.0,0.0,0.0,0.0,0,1500,0,1,PID_ATTITUDE
541.020329,480-600_STILL,37416669001600,628800,PITCH,0.03,-0.17,-0.2,0.0,0.0,0.0,0.0,0,1500,0,1,PID_ATTITUDE
541.114082,480-600_STILL,37416762754900,628900,PITCH,0.03,-0.16,-0.19,0.0,0.0,0.0,0.0,0,1500,0,1,PID_ATTITUDE
541.224306,480-600_STILL,37416872978600,629000,PITCH,0.03,-0.16,-0.19,0.0,0.0,0.0,0.0,0,1500,0,1,PID_ATTITUDE
541.316623,480-600_STILL,37416965295600,629100,PITCH,0.03,-0.15,-0.18,0.0,0.0,0.0,0.0,0,1500,0,1,PID_ATTITUDE
541.424380,480-600_STILL,37417073052900,629200,PITCH,0.04,-0.16,-0.19,0.0,0.0,0.0,0.0,0,1500,0,1,PID_ATTITUDE
541.517072,480-600_STILL,37417165744400,629300,PITCH,0.04,-0.16,-0.19,0.0,0.0,0.0,0.0,0,1500,0,1,PID_ATTITUDE
541.625500,480-600_STILL,37417274172800,629400,PITCH,0.04,-0.16,-0.19,0.0,0.0,0.0,0.0,0,1500,0,1,PID_ATTITUDE
541.718148,480-600_STILL,37417366820700,629500,PITCH,0.06,-0.16,-0.19,0.0,0.0,0.0,0.0,0,1500,0,1,PID_ATTITUDE
541.811398,480-600_STILL,37417460071000,629600,PITCH,0.05,-0.16,-0.2,0.0,0.0,0.0,0.0,0,1500,0,1,PID_ATTITUDE
541.865352,480-600_STILL,37417514024900,629700,PITCH,0.05,-0.18,-0.21,0.0,0.0,0.0,0.0,0,1500,0,1,PID_ATTITUDE
542.013292,480-600_STILL,37417661965000,629800,PITCH,0.05,-0.18,-0.21,0.0,0.0,0.0,0.0,0,1500,0,1,PID_ATTITUDE
542.123430,480-600_STILL,37417772103100,629900,PITCH,0.07,-0.18,-0.21,0.0,0.0,0.0,0.0,0,1500,0,1,PID_ATTITUDE
542.218240,480-600_STILL,37417866913200,630000,PITCH,0.07,-0.18,-0.21,0.0,0.0,0.0,0.0,0,1500,0,1,PID_ATTITUDE
542.311555,480-600_STILL,37417960227700,630100,PITCH,0.06,-0.19,-0.22,0.0,0.0,0.0,0.0,0,1500,0,1,PID_ATTITUDE
542.421017,480-600_STILL,37418069689800,630200,PITCH,0.06,-0.18,-0.21,0.0,0.0,0.0,0.0,0,1500,0,1,PID_ATTITUDE
542.514576,480-600_STILL,37418163248900,630300,PITCH,0.04,-0.18,-0.21,0.0,0.0,0.0,0.0,0,1500,0,1,PID_ATTITUDE
542.624739,480-600_STILL,37418273412300,630400,PITCH,0.04,-0.19,-0.22,0.0,0.0,0.0,0.0,0,1500,0,1,PID_ATTITUDE
542.719362,480-600_STILL,37418368034600,630500,PITCH,0.05,-0.19,-0.22,0.0,0.0,0.0,0.0,0,1500,0,1,PID_ATTITUDE
542.812260,480-600_STILL,37418460932700,630600,PITCH,0.06,-0.19,-0.22,0.0,0.0,0.0,0.0,0,1500,0,1,PID_ATTITUDE
542.865170,480-600_STILL,37418513843100,630700,PITCH,0.05,-0.18,-0.21,0.0,0.0,0.0,0.0,0,1500,0,1,PID_ATTITUDE
543.012796,480-600_STILL,37418661469100,630800,PITCH,0.05,-0.17,-0.2,0.0,0.0,0.0,0.0,0,1500,0,1,PID_ATTITUDE
543.121193,480-600_STILL,37418769865600,630900,PITCH,0.04,-0.17,-0.2,0.0,0.0,0.0,0.0,0,1500,0,1,PID_ATTITUDE
543.215570,480-600_STILL,37418864242600,631000,PITCH,0.05,-0.18,-0.21,0.0,0.0,0.0,0.0,0,1500,0,1,PID_ATTITUDE
543.325386,480-600_STILL,37418974058500,631100,PITCH,0.06,-0.18,-0.21,0.0,0.0,0.0,0.0,0,1500,0,1,PID_ATTITUDE
543.419711,480-600_STILL,37419068383600,631200,PITCH,0.05,-0.18,-0.21,0.0,0.0,0.0,0.0,0,1500,0,1,PID_ATTITUDE
543.514002,480-600_STILL,37419162674500,631300,PITCH,0.04,-0.17,-0.2,0.0,0.0,0.0,0.0,0,1500,0,1,PID_ATTITUDE
543.621170,480-600_STILL,37419269843300,631400,PITCH,0.03,-0.17,-0.2,0.0,0.0,0.0,0.0,0,1500,0,1,PID_ATTITUDE
543.714475,480-600_STILL,37419363147700,631500,PITCH,0.03,-0.18,-0.21,0.0,0.0,0.0,0.0,0,1500,0,1,PID_ATTITUDE
543.824457,480-600_STILL,37419473129800,631600,PITCH,0.03,-0.18,-0.2,0.0,0.0,0.0,0.0,0,1500,0,1,PID_ATTITUDE
543.865050,480-600_STILL,37419513723200,631700,PITCH,0.02,-0.17,-0.2,0.0,0.0,0.0,0.0,0,1500,0,1,PID_ATTITUDE
544.010510,480-600_STILL,37419659182600,631800,PITCH,0.03,-0.17,-0.2,0.0,0.0,0.0,0.0,0,1500,0,1,PID_ATTITUDE
544.119822,480-600_STILL,37419768495300,631900,PITCH,0.04,-0.16,-0.19,0.0,0.0,0.0,0.0,0,1500,0,1,PID_ATTITUDE
544.213151,480-600_STILL,37419861824400,632000,PITCH,0.05,-0.16,-0.19,0.0,0.0,0.0,0.0,0,1500,0,1,PID_ATTITUDE
544.321809,480-600_STILL,37419970481900,632100,PITCH,0.04,-0.17,-0.2,0.0,0.0,0.0,0.0,0,1500,0,1,PID_ATTITUDE
544.415285,480-600_STILL,37420063958400,632200,PITCH,0.04,-0.18,-0.21,0.0,0.0,0.0,0.0,0,1500,0,1,PID_ATTITUDE
544.523455,480-600_STILL,37420172128100,632300,PITCH,0.05,-0.18,-0.21,0.0,0.0,0.0,0.0,0,1500,0,1,PID_ATTITUDE
544.617394,480-600_STILL,37420266067100,632400,PITCH,0.05,-0.18,-0.21,0.0,0.0,0.0,0.0,0,1500,0,1,PID_ATTITUDE
544.725623,480-600_STILL,37420374296000,632500,PITCH,0.05,-0.17,-0.2,0.0,0.0,0.0,0.0,0,1500,0,1,PID_ATTITUDE
544.819117,480-600_STILL,37420467790300,632600,PITCH,0.06,-0.17,-0.2,0.0,0.0,0.0,0.0,0,1500,0,1,PID_ATTITUDE
544.864939,480-600_STILL,37420513612200,632700,PITCH,0.06,-0.16,-0.19,0.0,0.0,0.0,0.0,0,1500,0,1,PID_ATTITUDE
545.021568,480-600_STILL,37420670240800,632800,PITCH,0.07,-0.16,-0.19,0.0,0.0,0.0,0.0,0,1500,0,1,PID_ATTITUDE
545.117353,480-600_STILL,37420766025900,632900,PITCH,0.07,-0.16,-0.19,0.0,0.0,0.0,0.0,0,1500,0,1,PID_ATTITUDE
545.225450,480-600_STILL,37420874122600,633000,PITCH,0.07,-0.16,-0.2,0.0,0.0,0.0,0.0,0,1500,0,1,PID_ATTITUDE
545.318472,480-600_STILL,37420967144900,633100,PITCH,0.06,-0.16,-0.19,0.0,0.0,0.0,0.0,0,1500,0,1,PID_ATTITUDE
545.411235,480-600_STILL,37421059907700,633200,PITCH,0.06,-0.15,-0.18,0.0,0.0,0.0,0.0,0,1500,0,1,PID_ATTITUDE
545.518773,480-600_STILL,37421167446300,633300,PITCH,0.06,-0.16,-0.19,0.0,0.0,0.0,0.0,0,1500,0,1,PID_ATTITUDE
545.612101,480-600_STILL,37421260774200,633400,PITCH,0.06,-0.16,-0.19,0.0,0.0,0.0,0.0,0,1500,0,1,PID_ATTITUDE
545.721089,480-600_STILL,37421369762300,633500,PITCH,0.07,-0.17,-0.2,0.0,0.0,0.0,0.0,0,1500,0,1,PID_ATTITUDE
545.814413,480-600_STILL,37421463085700,633600,PITCH,0.07,-0.18,-0.21,0.0,0.0,0.0,0.0,0,1500,0,1,PID_ATTITUDE
545.864748,480-600_STILL,37421513421300,633700,PITCH,0.08,-0.17,-0.2,0.0,0.0,0.0,0.0,0,1500,0,1,PID_ATTITUDE
546.015888,480-600_STILL,37421664561300,633800,PITCH,0.07,-0.17,-0.2,0.0,0.0,0.0,0.0,0,1500,0,1,PID_ATTITUDE
546.124736,480-600_STILL,37421773408700,633900,PITCH,0.07,-0.16,-0.19,0.0,0.0,0.0,0.0,0,1500,0,1,PID_ATTITUDE
546.219023,480-600_STILL,37421867695800,634000,PITCH,0.08,-0.15,-0.18,0.0,0.0,0.0,0.0,0,1500,0,1,PID_ATTITUDE
546.312840,480-600_STILL,37421961512500,634100,PITCH,0.07,-0.16,-0.19,0.0,0.0,0.0,0.0,0,1500,0,1,PID_ATTITUDE
546.421742,480-600_STILL,37422070415000,634200,PITCH,0.07,-0.17,-0.2,0.0,0.0,0.0,0.0,0,1500,0,1,PID_ATTITUDE
546.514514,480-600_STILL,37422163186600,634300,PITCH,0.06,-0.17,-0.2,0.0,0.0,0.0,0.0,0,1500,0,1,PID_ATTITUDE
546.623833,480-600_STILL,37422272505500,634400,PITCH,0.06,-0.16,-0.19,0.0,0.0,0.0,0.0,0,1500,0,1,PID_ATTITUDE
546.716146,480-600_STILL,37422364819200,634500,PITCH,0.06,-0.17,-0.2,0.0,0.0,0.0,0.0,0,1500,0,1,PID_ATTITUDE
546.810856,480-600_STILL,37422459529400,634600,PITCH,0.07,-0.16,-0.19,0.0,0.0,0.0,0.0,0,1500,0,1,PID_ATTITUDE
546.864573,480-600_STILL,37422513246200,634700,PITCH,0.07,-0.16,-0.19,0.0,0.0,0.0,0.0,0,1500,0,1,PID_ATTITUDE
547.011337,480-600_STILL,37422660009800,634800,PITCH,0.06,-0.17,-0.2,0.0,0.0,0.0,0.0,0,1500,0,1,PID_ATTITUDE
547.121930,480-600_STILL,37422770603300,634900,PITCH,0.06,-0.17,-0.2,0.0,0.0,0.0,0.0,0,1500,0,1,PID_ATTITUDE
547.215127,480-600_STILL,37422863799600,635000,PITCH,0.06,-0.17,-0.2,0.0,0.0,0.0,0.0,0,1500,0,1,PID_ATTITUDE
547.325608,480-600_STILL,37422974281300,635100,PITCH,0.06,-0.17,-0.2,0.0,0.0,0.0,0.0,0,1500,0,1,PID_ATTITUDE
547.419195,480-600_STILL,37423067868200,635200,PITCH,0.06,-0.17,-0.2,0.0,0.0,0.0,0.0,0,1500,0,1,PID_ATTITUDE
547.513002,480-600_STILL,37423161675200,635300,PITCH,0.07,-0.17,-0.2,0.0,0.0,0.0,0.0,0,1500,0,1,PID_ATTITUDE
547.621674,480-600_STILL,37423270346400,635400,PITCH,0.08,-0.17,-0.2,0.0,0.0,0.0,0.0,0,1500,0,1,PID_ATTITUDE
547.714747,480-600_STILL,37423363420300,635500,PITCH,0.07,-0.17,-0.2,0.0,0.0,0.0,0.0,0,1500,0,1,PID_ATTITUDE
547.823477,480-600_STILL,37423472149500,635600,PITCH,0.06,-0.18,-0.21,0.0,0.0,0.0,0.0,0,1500,0,1,PID_ATTITUDE
547.864261,480-600_STILL,37423512934400,635700,PITCH,0.07,-0.18,-0.21,0.0,0.0,0.0,0.0,0,1500,0,1,PID_ATTITUDE
548.024610,480-600_STILL,37423673282600,635800,PITCH,0.06,-0.18,-0.21,0.0,0.0,0.0,0.0,0,1500,0,1,PID_ATTITUDE
548.119126,480-600_STILL,37423767798600,635900,PITCH,0.05,-0.18,-0.21,0.0,0.0,0.0,0.0,0,1500,0,1,PID_ATTITUDE
548.211260,480-600_STILL,37423859932500,636000,PITCH,0.06,-0.18,-0.21,0.0,0.0,0.0,0.0,0,1500,0,1,PID_ATTITUDE
548.319600,480-600_STILL,37423968273000,636100,PITCH,0.05,-0.18,-0.21,0.0,0.0,0.0,0.0,0,1500,0,1,PID_ATTITUDE
548.413791,480-600_STILL,37424062463500,636200,PITCH,0.04,-0.19,-0.21,0.0,0.0,0.0,0.0,0,1500,0,1,PID_ATTITUDE
548.523069,480-600_STILL,37424171742300,636300,PITCH,0.04,-0.18,-0.21,0.0,0.0,0.0,0.0,0,1500,0,1,PID_ATTITUDE
548.617092,480-600_STILL,37424265764700,636400,PITCH,0.04,-0.18,-0.21,0.0,0.0,0.0,0.0,0,1500,0,1,PID_ATTITUDE
548.725276,480-600_STILL,37424373948900,636500,PITCH,0.04,-0.17,-0.2,0.0,0.0,0.0,0.0,0,1500,0,1,PID_ATTITUDE
548.817844,480-600_STILL,37424466517000,636600,PITCH,0.04,-0.16,-0.19,0.0,0.0,0.0,0.0,0,1500,0,1,PID_ATTITUDE
548.864107,480-600_STILL,37424512779400,636700,PITCH,0.04,-0.16,-0.18,0.0,0.0,0.0,0.0,0,1500,0,1,PID_ATTITUDE
549.021368,480-600_STILL,37424670041200,636800,PITCH,0.03,-0.16,-0.19,0.0,0.0,0.0,0.0,0,1500,0,1,PID_ATTITUDE
549.114809,480-600_STILL,37424763482000,636900,PITCH,0.03,-0.16,-0.19,0.0,0.0,0.0,0.0,0,1500,0,1,PID_ATTITUDE
549.223888,480-600_STILL,37424872561000,637000,PITCH,0.02,-0.16,-0.19,0.0,0.0,0.0,0.0,0,1500,0,1,PID_ATTITUDE
549.317216,480-600_STILL,37424965889100,637100,PITCH,0.03,-0.17,-0.2,0.0,0.0,0.0,0.0,0,1500,0,1,PID_ATTITUDE
549.409635,480-600_STILL,37425058307700,637200,PITCH,0.03,-0.17,-0.2,0.0,0.0,0.0,0.0,0,1500,0,1,PID_ATTITUDE
549.520513,480-600_STILL,37425169186000,637300,PITCH,0.03,-0.17,-0.2,0.0,0.0,0.0,0.0,0,1500,0,1,PID_ATTITUDE
549.613265,480-600_STILL,37425261937600,637400,PITCH,0.02,-0.17,-0.2,0.0,0.0,0.0,0.0,0,1500,0,1,PID_ATTITUDE
549.721620,480-600_STILL,37425370292700,637500,PITCH,0.02,-0.17,-0.2,0.0,0.0,0.0,0.0,0,1500,0,1,PID_ATTITUDE
549.814460,480-600_STILL,37425463133100,637600,PITCH,0.02,-0.17,-0.2,0.0,0.0,0.0,0.0,0,1500,0,1,PID_ATTITUDE
549.863807,480-600_STILL,37425512480200,637700,PITCH,0.01,-0.17,-0.19,0.0,0.0,0.0,0.0,0,1500,0,1,PID_ATTITUDE
550.014806,480-600_STILL,37425663478500,637800,PITCH,0.02,-0.17,-0.2,0.0,0.0,0.0,0.0,0,1500,0,1,PID_ATTITUDE
550.123926,480-600_STILL,37425772598600,637900,PITCH,0.03,-0.17,-0.2,0.0,0.0,0.0,0.0,0,1500,0,1,PID_ATTITUDE
550.217087,480-600_STILL,37425865759800,638000,PITCH,0.02,-0.17,-0.2,0.0,0.0,0.0,0.0,0,1500,0,1,PID_ATTITUDE
550.311058,480-600_STILL,37425959730500,638100,PITCH,0.02,-0.17,-0.21,0.0,0.0,0.0,0.0,0,1500,0,1,PID_ATTITUDE
550.419768,480-600_STILL,37426068440800,638200,PITCH,0.03,-0.18,-0.2,0.0,0.0,0.0,0.0,0,1500,0,1,PID_ATTITUDE
550.513883,480-600_STILL,37426162555500,638300,PITCH,0.04,-0.16,-0.19,0.0,0.0,0.0,0.0,0,1500,0,1,PID_ATTITUDE
550.623043,480-600_STILL,37426271716000,638400,PITCH,0.04,-0.15,-0.18,0.0,0.0,0.0,0.0,0,1500,0,1,PID_ATTITUDE
550.715555,480-600_STILL,37426364227700,638500,PITCH,0.04,-0.15,-0.18,0.0,0.0,0.0,0.0,0,1500,0,1,PID_ATTITUDE
550.824748,480-600_STILL,37426473420600,638600,PITCH,0.03,-0.15,-0.18,0.0,0.0,0.0,0.0,0,1500,0,1,PID_ATTITUDE
550.863796,480-600_STILL,37426512468700,638700,PITCH,0.04,-0.16,-0.19,0.0,0.0,0.0,0.0,0,1500,0,1,PID_ATTITUDE
551.012302,480-600_STILL,37426660975300,638800,PITCH,0.04,-0.16,-0.19,0.0,0.0,0.0,0.0,0,1500,0,1,PID_ATTITUDE
551.122766,480-600_STILL,37426771438400,638900,PITCH,0.03,-0.16,-0.19,0.0,0.0,0.0,0.0,0,1500,0,1,PID_ATTITUDE
551.213848,480-600_STILL,37426862521200,639000,PITCH,0.04,-0.17,-0.19,0.0,0.0,0.0,0.0,0,1500,0,1,PID_ATTITUDE
551.323522,480-600_STILL,37426972194700,639100,PITCH,0.04,-0.16,-0.19,0.0,0.0,0.0,0.0,0,1500,0,1,PID_ATTITUDE
551.416979,480-600_STILL,37427065651800,639200,PITCH,0.04,-0.16,-0.19,0.0,0.0,0.0,0.0,0,1500,0,1,PID_ATTITUDE
551.511076,480-600_STILL,37427159749300,639300,PITCH,0.03,-0.16,-0.19,0.0,0.0,0.0,0.0,0,1500,0,1,PID_ATTITUDE
551.620607,480-600_STILL,37427269279600,639400,PITCH,0.04,-0.16,-0.19,0.0,0.0,0.0,0.0,0,1500,0,1,PID_ATTITUDE
551.713552,480-600_STILL,37427362225300,639500,PITCH,0.06,-0.15,-0.18,0.0,0.0,0.0,0.0,0,1500,0,1,PID_ATTITUDE
551.822948,480-600_STILL,37427471620900,639600,PITCH,0.06,-0.16,-0.19,0.0,0.0,0.0,0.0,0,1500,0,1,PID_ATTITUDE
551.863644,480-600_STILL,37427512316900,639700,PITCH,0.06,-0.15,-0.18,0.0,0.0,0.0,0.0,0,1500,0,1,PID_ATTITUDE
552.010198,480-600_STILL,37427658870800,639800,PITCH,0.05,-0.15,-0.18,0.0,0.0,0.0,0.0,0,1500,0,1,PID_ATTITUDE
552.118314,480-600_STILL,37427766986500,639900,PITCH,0.06,-0.15,-0.18,0.0,0.0,0.0,0.0,0,1500,0,1,PID_ATTITUDE
552.211699,480-600_STILL,37427860371900,640000,PITCH,0.07,-0.16,-0.18,0.0,0.0,0.0,0.0,0,1500,0,1,PID_ATTITUDE
552.321780,480-600_STILL,37427970452800,640100,PITCH,0.08,-0.16,-0.19,0.0,0.0,0.0,0.0,0,1500,0,1,PID_ATTITUDE
552.415377,480-600_STILL,37428064050300,640200,PITCH,0.07,-0.16,-0.19,0.0,0.0,0.0,0.0,0,1500,0,1,PID_ATTITUDE
552.524303,480-600_STILL,37428172975600,640300,PITCH,0.06,-0.16,-0.19,0.0,0.0,0.0,0.0,0,1500,0,1,PID_ATTITUDE
552.618399,480-600_STILL,37428267071900,640400,PITCH,0.05,-0.16,-0.19,0.0,0.0,0.0,0.0,0,1500,0,1,PID_ATTITUDE
552.711688,480-600_STILL,37428360361200,640500,PITCH,0.05,-0.17,-0.2,0.0,0.0,0.0,0.0,0,1500,0,1,PID_ATTITUDE
552.821055,480-600_STILL,37428469728200,640600,PITCH,0.06,-0.16,-0.19,0.0,0.0,0.0,0.0,0,1500,0,1,PID_ATTITUDE
552.863679,480-600_STILL,37428512352000,640700,PITCH,0.05,-0.17,-0.2,0.0,0.0,0.0,0.0,0,1500,0,1,PID_ATTITUDE
553.022372,480-600_STILL,37428671044900,640800,PITCH,0.04,-0.17,-0.2,0.0,0.0,0.0,0.0,0,1500,0,1,PID_ATTITUDE
553.114850,480-600_STILL,37428763523100,640900,PITCH,0.06,-0.16,-0.19,0.0,0.0,0.0,0.0,0,1500,0,1,PID_ATTITUDE
553.223995,480-600_STILL,37428872667600,641000,PITCH,0.06,-0.16,-0.19,0.0,0.0,0.0,0.0,0,1500,0,1,PID_ATTITUDE
553.317462,480-600_STILL,37428966134600,641100,PITCH,0.05,-0.16,-0.19,0.0,0.0,0.0,0.0,0,1500,0,1,PID_ATTITUDE
553.411007,480-600_STILL,37429059679700,641200,PITCH,0.04,-0.18,-0.21,0.0,0.0,0.0,0.0,0,1500,0,1,PID_ATTITUDE
553.519823,480-600_STILL,37429168495800,641300,PITCH,0.04,-0.19,-0.22,0.0,0.0,0.0,0.0,0,1500,0,1,PID_ATTITUDE
553.614330,480-600_STILL,37429263002400,641400,PITCH,0.04,-0.18,-0.21,0.0,0.0,0.0,0.0,0,1500,0,1,PID_ATTITUDE
553.722136,480-600_STILL,37429370809200,641500,PITCH,0.04,-0.18,-0.21,0.0,0.0,0.0,0.0,0,1500,0,1,PID_ATTITUDE
553.815486,480-600_STILL,37429464158600,641600,PITCH,0.03,-0.19,-0.21,0.0,0.0,0.0,0.0,0,1500,0,1,PID_ATTITUDE
553.863420,480-600_STILL,37429512092900,641700,PITCH,0.03,-0.18,-0.21,0.0,0.0,0.0,0.0,0,1500,0,1,PID_ATTITUDE
554.017253,480-600_STILL,37429665926000,641800,PITCH,0.02,-0.18,-0.21,0.0,0.0,0.0,0.0,0,1500,0,1,PID_ATTITUDE
554.110460,480-600_STILL,37429759132500,641900,PITCH,0.03,-0.17,-0.2,0.0,0.0,0.0,0.0,0,1500,0,1,PID_ATTITUDE
554.220068,480-600_STILL,37429868740400,642000,PITCH,0.02,-0.17,-0.2,0.0,0.0,0.0,0.0,0,1500,0,1,PID_ATTITUDE
554.313396,480-600_STILL,37429962069100,642100,PITCH,0.02,-0.16,-0.19,0.0,0.0,0.0,0.0,0,1500,0,1,PID_ATTITUDE
554.420493,480-600_STILL,37430069165800,642200,PITCH,0.02,-0.16,-0.19,0.0,0.0,0.0,0.0,0,1500,0,1,PID_ATTITUDE
554.512867,480-600_STILL,37430161540000,642300,PITCH,0.02,-0.17,-0.2,0.0,0.0,0.0,0.0,0,1500,0,1,PID_ATTITUDE
554.621987,480-600_STILL,37430270659900,642400,PITCH,0.02,-0.18,-0.21,0.0,0.0,0.0,0.0,0,1500,0,1,PID_ATTITUDE
554.714819,480-600_STILL,37430363491600,642500,PITCH,0.03,-0.18,-0.21,0.0,0.0,0.0,0.0,0,1500,0,1,PID_ATTITUDE
554.823106,480-600_STILL,37430471778800,642600,PITCH,0.03,-0.19,-0.22,0.0,0.0,0.0,0.0,0,1500,0,1,PID_ATTITUDE
554.863398,480-600_STILL,37430512070600,642700,PITCH,0.03,-0.17,-0.2,0.0,0.0,0.0,0.0,0,1500,0,1,PID_ATTITUDE
555.024203,480-600_STILL,37430672875600,642800,PITCH,0.03,-0.17,-0.2,0.0,0.0,0.0,0.0,0,1500,0,1,PID_ATTITUDE
555.117305,480-600_STILL,37430765977500,642900,PITCH,0.02,-0.17,-0.2,0.0,0.0,0.0,0.0,0,1500,0,1,PID_ATTITUDE
555.210082,480-600_STILL,37430858754800,643000,PITCH,0.02,-0.17,-0.2,0.0,0.0,0.0,0.0,0,1500,0,1,PID_ATTITUDE
555.319675,480-600_STILL,37430968348300,643100,PITCH,0.03,-0.17,-0.2,0.0,0.0,0.0,0.0,0,1500,0,1,PID_ATTITUDE
555.411821,480-600_STILL,37431060493500,643200,PITCH,0.03,-0.17,-0.2,0.0,0.0,0.0,0.0,0,1500,0,1,PID_ATTITUDE
555.521608,480-600_STILL,37431170281200,643300,PITCH,0.02,-0.17,-0.2,0.0,0.0,0.0,0.0,0,1500,0,1,PID_ATTITUDE
555.615264,480-600_STILL,37431263936900,643400,PITCH,0.02,-0.17,-0.21,0.0,0.0,0.0,0.0,0,1500,0,1,PID_ATTITUDE
555.723636,480-600_STILL,37431372308500,643500,PITCH,0.02,-0.18,-0.21,0.0,0.0,0.0,0.0,0,1500,0,1,PID_ATTITUDE
555.818054,480-600_STILL,37431466726700,643600,PITCH,0.03,-0.17,-0.2,0.0,0.0,0.0,0.0,0,1500,0,1,PID_ATTITUDE
555.863104,480-600_STILL,37431511777200,643700,PITCH,0.04,-0.18,-0.21,0.0,0.0,0.0,0.0,0,1500,0,1,PID_ATTITUDE
556.019712,480-600_STILL,37431668384800,643800,PITCH,0.04,-0.19,-0.22,0.0,0.0,0.0,0.0,0,1500,0,1,PID_ATTITUDE
556.113393,480-600_STILL,37431762066300,643900,PITCH,0.03,-0.19,-0.22,0.0,0.0,0.0,0.0,0,1500,0,1,PID_ATTITUDE
556.223098,480-600_STILL,37431871771200,644000,PITCH,0.03,-0.2,-0.23,0.0,0.0,0.0,0.0,0,1500,0,1,PID_ATTITUDE
556.317470,480-600_STILL,37431966142400,644100,PITCH,0.04,-0.19,-0.22,0.0,0.0,0.0,0.0,0,1500,0,1,PID_ATTITUDE
556.410812,480-600_STILL,37432059485300,644200,PITCH,0.04,-0.18,-0.21,0.0,0.0,0.0,0.0,0,1500,0,1,PID_ATTITUDE
556.520351,480-600_STILL,37432169023800,644300,PITCH,0.03,-0.17,-0.2,0.0,0.0,0.0,0.0,0,1500,0,1,PID_ATTITUDE
556.615081,480-600_STILL,37432263753700,644400,PITCH,0.02,-0.18,-0.21,0.0,0.0,0.0,0.0,0,1500,0,1,PID_ATTITUDE
556.709036,480-600_STILL,37432357708900,644500,PITCH,0.0,-0.17,-0.2,0.0,0.0,0.0,0.0,0,1500,0,1,PID_ATTITUDE
556.816711,480-600_STILL,37432465383600,644600,PITCH,0.01,-0.16,-0.19,0.0,0.0,0.0,0.0,0,1500,0,1,PID_ATTITUDE
556.862918,480-600_STILL,37432511591100,644700,PITCH,0.02,-0.16,-0.19,0.0,0.0,0.0,0.0,0,1500,0,1,PID_ATTITUDE
557.017088,480-600_STILL,37432665760700,644800,PITCH,0.03,-0.16,-0.19,0.0,0.0,0.0,0.0,0,1500,0,1,PID_ATTITUDE
557.110530,480-600_STILL,37432759203300,644900,PITCH,0.03,-0.15,-0.18,0.0,0.0,0.0,0.0,0,1500,0,1,PID_ATTITUDE
557.219914,480-600_STILL,37432868586500,645000,PITCH,0.02,-0.13,-0.16,0.0,0.0,0.0,0.0,0,1500,0,1,PID_ATTITUDE
557.313719,480-600_STILL,37432962391700,645100,PITCH,0.03,-0.13,-0.16,0.0,0.0,0.0,0.0,0,1500,0,1,PID_ATTITUDE
557.422558,480-600_STILL,37433071230500,645200,PITCH,0.02,-0.14,-0.18,0.0,0.0,0.0,0.0,0,1500,0,1,PID_ATTITUDE
557.515628,480-600_STILL,37433164301300,645300,PITCH,0.02,-0.15,-0.18,0.0,0.0,0.0,0.0,0,1500,0,1,PID_ATTITUDE
557.622919,480-600_STILL,37433271591600,645400,PITCH,0.02,-0.15,-0.18,0.0,0.0,0.0,0.0,0,1500,0,1,PID_ATTITUDE
557.715348,480-600_STILL,37433364020500,645500,PITCH,0.02,-0.15,-0.17,0.0,0.0,0.0,0.0,0,1500,0,1,PID_ATTITUDE
557.821888,480-600_STILL,37433470561200,645600,PITCH,0.02,-0.14,-0.17,0.0,0.0,0.0,0.0,0,1500,0,1,PID_ATTITUDE
557.862742,480-600_STILL,37433511414800,645700,PITCH,0.02,-0.14,-0.17,0.0,0.0,0.0,0.0,0,1500,0,1,PID_ATTITUDE
558.008735,480-600_STILL,37433657408100,645800,PITCH,0.02,-0.14,-0.17,0.0,0.0,0.0,0.0,0,1500,0,1,PID_ATTITUDE
558.117188,480-600_STILL,37433765860600,645900,PITCH,0.02,-0.14,-0.18,0.0,0.0,0.0,0.0,0,1500,0,1,PID_ATTITUDE
558.209718,480-600_STILL,37433858391300,646000,PITCH,0.03,-0.15,-0.18,0.0,0.0,0.0,0.0,0,1500,0,1,PID_ATTITUDE
558.316323,480-600_STILL,37433964995500,646100,PITCH,0.04,-0.16,-0.18,0.0,0.0,0.0,0.0,0,1500,0,1,PID_ATTITUDE
558.410558,480-600_STILL,37434059230500,646200,PITCH,0.05,-0.15,-0.18,0.0,0.0,0.0,0.0,0,1500,0,1,PID_ATTITUDE
558.522061,480-600_STILL,37434170734300,646300,PITCH,0.05,-0.16,-0.19,0.0,0.0,0.0,0.0,0,1500,0,1,PID_ATTITUDE
558.614351,480-600_STILL,37434263023500,646400,PITCH,0.05,-0.15,-0.18,0.0,0.0,0.0,0.0,0,1500,0,1,PID_ATTITUDE
558.722387,480-600_STILL,37434371059900,646500,PITCH,0.05,-0.16,-0.19,0.0,0.0,0.0,0.0,0,1500,0,1,PID_ATTITUDE
558.815934,480-600_STILL,37434464607000,646600,PITCH,0.04,-0.15,-0.18,0.0,0.0,0.0,0.0,0,1500,0,1,PID_ATTITUDE
558.862647,480-600_STILL,37434511320100,646700,PITCH,0.04,-0.15,-0.18,0.0,0.0,0.0,0.0,0,1500,0,1,PID_ATTITUDE
559.018234,480-600_STILL,37434666907300,646800,PITCH,0.05,-0.15,-0.18,0.0,0.0,0.0,0.0,0,1500,0,1,PID_ATTITUDE
559.111266,480-600_STILL,37434759938500,646900,PITCH,0.04,-0.15,-0.18,0.0,0.0,0.0,0.0,0,1500,0,1,PID_ATTITUDE
559.220483,480-600_STILL,37434869155400,647000,PITCH,0.02,-0.15,-0.18,0.0,0.0,0.0,0.0,0,1500,0,1,PID_ATTITUDE
559.313502,480-600_STILL,37434962174900,647100,PITCH,0.03,-0.16,-0.19,0.0,0.0,0.0,0.0,0,1500,0,1,PID_ATTITUDE
559.421712,480-600_STILL,37435070385300,647200,PITCH,0.03,-0.17,-0.2,0.0,0.0,0.0,0.0,0,1500,0,1,PID_ATTITUDE
559.514666,480-600_STILL,37435163338500,647300,PITCH,0.02,-0.16,-0.19,0.0,0.0,0.0,0.0,0,1500,0,1,PID_ATTITUDE
559.608829,480-600_STILL,37435257501900,647400,PITCH,0.02,-0.16,-0.19,0.0,0.0,0.0,0.0,0,1500,0,1,PID_ATTITUDE
559.717721,480-600_STILL,37435366394100,647500,PITCH,0.02,-0.16,-0.2,0.0,0.0,0.0,0.0,0,1500,0,1,PID_ATTITUDE
559.809877,480-600_STILL,37435458550100,647600,PITCH,0.02,-0.16,-0.19,0.0,0.0,0.0,0.0,0,1500,0,1,PID_ATTITUDE
559.862446,480-600_STILL,37435511118900,647700,PITCH,0.02,-0.16,-0.19,0.0,0.0,0.0,0.0,0,1500,0,1,PID_ATTITUDE
560.009619,480-600_STILL,37435658291700,647800,PITCH,0.03,-0.17,-0.2,0.0,0.0,0.0,0.0,0,1500,0,1,PID_ATTITUDE
560.120087,480-600_STILL,37435768760100,647900,PITCH,0.03,-0.17,-0.2,0.0,0.0,0.0,0.0,0,1500,0,1,PID_ATTITUDE
560.213065,480-600_STILL,37435861738000,648000,PITCH,0.03,-0.16,-0.19,0.0,0.0,0.0,0.0,0,1500,0,1,PID_ATTITUDE
560.322836,480-600_STILL,37435971509100,648100,PITCH,0.04,-0.16,-0.19,0.0,0.0,0.0,0.0,0,1500,0,1,PID_ATTITUDE
560.416343,480-600_STILL,37436065015800,648200,PITCH,0.04,-0.15,-0.18,0.0,0.0,0.0,0.0,0,1500,0,1,PID_ATTITUDE
560.509021,480-600_STILL,37436157694000,648300,PITCH,0.04,-0.15,-0.18,0.0,0.0,0.0,0.0,0,1500,0,1,PID_ATTITUDE
560.617479,480-600_STILL,37436266151500,648400,PITCH,0.05,-0.16,-0.19,0.0,0.0,0.0,0.0,0,1500,0,1,PID_ATTITUDE
560.710653,480-600_STILL,37436359325600,648500,PITCH,0.05,-0.14,-0.17,0.0,0.0,0.0,0.0,0,1500,0,1,PID_ATTITUDE
560.819579,480-600_STILL,37436468251500,648600,PITCH,0.05,-0.15,-0.18,0.0,0.0,0.0,0.0,0,1500,0,1,PID_ATTITUDE
560.862290,480-600_STILL,37436510962900,648700,PITCH,0.05,-0.15,-0.18,0.0,0.0,0.0,0.0,0,1500,0,1,PID_ATTITUDE
561.022963,480-600_STILL,37436671636100,648800,PITCH,0.05,-0.15,-0.18,0.0,0.0,0.0,0.0,0,1500,0,1,PID_ATTITUDE
561.116045,480-600_STILL,37436764717700,648900,PITCH,0.06,-0.15,-0.19,0.0,0.0,0.0,0.0,0,1500,0,1,PID_ATTITUDE
561.210127,480-600_STILL,37436858799700,649000,PITCH,0.06,-0.16,-0.19,0.0,0.0,0.0,0.0,0,1500,0,1,PID_ATTITUDE
561.318670,480-600_STILL,37436967343200,649100,PITCH,0.05,-0.16,-0.19,0.0,0.0,0.0,0.0,0,1500,0,1,PID_ATTITUDE
561.412070,480-600_STILL,37437060742800,649200,PITCH,0.04,-0.17,-0.2,0.0,0.0,0.0,0.0,0,1500,0,1,PID_ATTITUDE
561.520770,480-600_STILL,37437169443100,649300,PITCH,0.04,-0.17,-0.2,0.0,0.0,0.0,0.0,0,1500,0,1,PID_ATTITUDE
561.612544,480-600_STILL,37437261217300,649400,PITCH,0.05,-0.18,-0.21,0.0,0.0,0.0,0.0,0,1500,0,1,PID_ATTITUDE
561.721401,480-600_STILL,37437370073700,649500,PITCH,0.05,-0.18,-0.21,0.0,0.0,0.0,0.0,0,1500,0,1,PID_ATTITUDE
561.812795,480-600_STILL,37437461468000,649600,PITCH,0.05,-0.18,-0.21,0.0,0.0,0.0,0.0,0,1500,0,1,PID_ATTITUDE
561.862143,480-600_STILL,37437510816200,649700,PITCH,0.05,-0.18,-0.21,0.0,0.0,0.0,0.0,0,1500,0,1,PID_ATTITUDE
562.011598,480-600_STILL,37437660270500,649800,PITCH,0.03,-0.19,-0.22,0.0,0.0,0.0,0.0,0,1500,0,1,PID_ATTITUDE
562.118312,480-600_STILL,37437766985000,649900,PITCH,0.03,-0.19,-0.22,0.0,0.0,0.0,0.0,0,1500,0,1,PID_ATTITUDE
562.212063,480-600_STILL,37437860735700,650000,PITCH,0.02,-0.2,-0.23,0.0,0.0,0.0,0.0,0,1500,0,1,PID_ATTITUDE
562.321267,480-600_STILL,37437969939500,650100,PITCH,0.02,-0.2,-0.23,0.0,0.0,0.0,0.0,0,1500,0,1,PID_ATTITUDE
562.414545,480-600_STILL,37438063217900,650200,PITCH,0.03,-0.19,-0.22,0.0,0.0,0.0,0.0,0,1500,0,1,PID_ATTITUDE
562.522865,480-600_STILL,37438171537900,650300,PITCH,0.03,-0.19,-0.22,0.0,0.0,0.0,0.0,0,1500,0,1,PID_ATTITUDE
562.616172,480-600_STILL,37438264844600,650400,PITCH,0.03,-0.2,-0.23,0.0,0.0,0.0,0.0,0,1500,0,1,PID_ATTITUDE
562.709733,480-600_STILL,37438358406200,650500,PITCH,0.03,-0.18,-0.21,0.0,0.0,0.0,0.0,0,1500,0,1,PID_ATTITUDE
562.819504,480-600_STILL,37438468177000,650600,PITCH,0.03,-0.17,-0.2,0.0,0.0,0.0,0.0,0,1500,0,1,PID_ATTITUDE
562.862015,480-600_STILL,37438510687600,650700,PITCH,0.02,-0.17,-0.2,0.0,0.0,0.0,0.0,0,1500,0,1,PID_ATTITUDE
563.020862,480-600_STILL,37438669534500,650800,PITCH,0.01,-0.16,-0.19,0.0,0.0,0.0,0.0,0,1500,0,1,PID_ATTITUDE
563.114576,480-600_STILL,37438763248900,650900,PITCH,0.02,-0.17,-0.2,0.0,0.0,0.0,0.0,0,1500,0,1,PID_ATTITUDE
563.222709,480-600_STILL,37438871381700,651000,PITCH,0.02,-0.17,-0.2,0.0,0.0,0.0,0.0,0,1500,0,1,PID_ATTITUDE
563.316583,480-600_STILL,37438965256400,651100,PITCH,0.02,-0.17,-0.2,0.0,0.0,0.0,0.0,0,1500,0,1,PID_ATTITUDE
563.409474,480-600_STILL,37439058147200,651200,PITCH,0.01,-0.17,-0.2,0.0,0.0,0.0,0.0,0,1500,0,1,PID_ATTITUDE
563.518491,480-600_STILL,37439167164300,651300,PITCH,0.01,-0.16,-0.19,0.0,0.0,0.0,0.0,0,1500,0,1,PID_ATTITUDE
563.612343,480-600_STILL,37439261015900,651400,PITCH,0.02,-0.16,-0.19,0.0,0.0,0.0,0.0,0,1500,0,1,PID_ATTITUDE
563.721894,480-600_STILL,37439370566800,651500,PITCH,0.03,-0.17,-0.19,0.0,0.0,0.0,0.0,0,1500,0,1,PID_ATTITUDE
563.815589,480-600_STILL,37439464261900,651600,PITCH,0.02,-0.17,-0.2,0.0,0.0,0.0,0.0,0,1500,0,1,PID_ATTITUDE
563.861993,480-600_STILL,37439510665900,651700,PITCH,0.02,-0.16,-0.19,0.0,0.0,0.0,0.0,0,1500,0,1,PID_ATTITUDE
564.018497,480-600_STILL,37439667170000,651800,PITCH,0.02,-0.16,-0.19,0.0,0.0,0.0,0.0,0,1500,0,1,PID_ATTITUDE
564.112488,480-600_STILL,37439761160600,651900,PITCH,0.03,-0.16,-0.18,0.0,0.0,0.0,0.0,0,1500,0,1,PID_ATTITUDE
564.221193,480-600_STILL,37439869865500,652000,PITCH,0.03,-0.15,-0.17,0.0,0.0,0.0,0.0,0,1500,0,1,PID_ATTITUDE
564.314521,480-600_STILL,37439963193500,652100,PITCH,0.02,-0.15,-0.18,0.0,0.0,0.0,0.0,0,1500,0,1,PID_ATTITUDE
564.408307,480-600_STILL,37440056979800,652200,PITCH,0.02,-0.14,-0.18,0.0,0.0,0.0,0.0,0,1500,0,1,PID_ATTITUDE
564.518465,480-600_STILL,37440167138300,652300,PITCH,0.02,-0.15,-0.18,0.0,0.0,0.0,0.0,0,1500,0,1,PID_ATTITUDE
564.612050,480-600_STILL,37440260722500,652400,PITCH,0.03,-0.15,-0.19,0.0,0.0,0.0,0.0,0,1500,0,1,PID_ATTITUDE
564.720597,480-600_STILL,37440369270300,652500,PITCH,0.03,-0.16,-0.19,0.0,0.0,0.0,0.0,0,1500,0,1,PID_ATTITUDE
564.812414,480-600_STILL,37440461087200,652600,PITCH,0.03,-0.16,-0.19,0.0,0.0,0.0,0.0,0,1500,0,1,PID_ATTITUDE
564.861617,480-600_STILL,37440510289500,652700,PITCH,0.03,-0.15,-0.18,0.0,0.0,0.0,0.0,0,1500,0,1,PID_ATTITUDE
565.014503,480-600_STILL,37440663175500,652800,PITCH,0.03,-0.15,-0.18,0.0,0.0,0.0,0.0,0,1500,0,1,PID_ATTITUDE
565.108650,480-600_STILL,37440757323300,652900,PITCH,0.04,-0.17,-0.2,0.0,0.0,0.0,0.0,0,1500,0,1,PID_ATTITUDE
565.217137,480-600_STILL,37440865810000,653000,PITCH,0.03,-0.17,-0.2,0.0,0.0,0.0,0.0,0,1500,0,1,PID_ATTITUDE
565.310253,480-600_STILL,37440958925600,653100,PITCH,0.02,-0.17,-0.2,0.0,0.0,0.0,0.0,0,1500,0,1,PID_ATTITUDE
565.419402,480-600_STILL,37441068074700,653200,PITCH,0.03,-0.17,-0.2,0.0,0.0,0.0,0.0,0,1500,0,1,PID_ATTITUDE
565.512588,480-600_STILL,37441161261100,653300,PITCH,0.04,-0.17,-0.2,0.0,0.0,0.0,0.0,0,1500,0,1,PID_ATTITUDE
565.621444,480-600_STILL,37441270116500,653400,PITCH,0.04,-0.16,-0.19,0.0,0.0,0.0,0.0,0,1500,0,1,PID_ATTITUDE
565.713955,480-600_STILL,37441362628200,653500,PITCH,0.04,-0.16,-0.19,0.0,0.0,0.0,0.0,0,1500,0,1,PID_ATTITUDE
565.808314,480-600_STILL,37441456986900,653600,PITCH,0.03,-0.17,-0.2,0.0,0.0,0.0,0.0,0,1500,0,1,PID_ATTITUDE
565.861590,480-600_STILL,37441510263200,653700,PITCH,0.02,-0.18,-0.21,0.0,0.0,0.0,0.0,0,1500,0,1,PID_ATTITUDE
566.010425,480-600_STILL,37441659098200,653800,PITCH,0.02,-0.18,-0.21,0.0,0.0,0.0,0.0,0,1500,0,1,PID_ATTITUDE
566.119306,480-600_STILL,37441767978900,653900,PITCH,0.02,-0.17,-0.2,0.0,0.0,0.0,0.0,0,1500,0,1,PID_ATTITUDE
566.211277,480-600_STILL,37441859949500,654000,PITCH,0.02,-0.17,-0.2,0.0,0.0,0.0,0.0,0,1500,0,1,PID_ATTITUDE
566.319943,480-600_STILL,37441968616000,654100,PITCH,0.02,-0.18,-0.21,0.0,0.0,0.0,0.0,0,1500,0,1,PID_ATTITUDE
566.414449,480-600_STILL,37442063122200,654200,PITCH,0.02,-0.18,-0.21,0.0,0.0,0.0,0.0,0,1500,0,1,PID_ATTITUDE
566.508701,480-600_STILL,37442157374200,654300,PITCH,0.02,-0.17,-0.2,0.0,0.0,0.0,0.0,0,1500,0,1,PID_ATTITUDE
566.617883,480-600_STILL,37442266555800,654400,PITCH,0.02,-0.19,-0.22,0.0,0.0,0.0,0.0,0,1500,0,1,PID_ATTITUDE
566.710778,480-600_STILL,37442359451000,654500,PITCH,0.02,-0.2,-0.23,0.0,0.0,0.0,0.0,0,1500,0,1,PID_ATTITUDE
566.820025,480-600_STILL,37442468697800,654600,PITCH,0.02,-0.19,-0.22,0.0,0.0,0.0,0.0,0,1500,0,1,PID_ATTITUDE
566.861484,480-600_STILL,37442510156600,654700,PITCH,0.02,-0.19,-0.22,0.0,0.0,0.0,0.0,0,1500,0,1,PID_ATTITUDE
567.021546,480-600_STILL,37442670219300,654800,PITCH,0.03,-0.18,-0.21,0.0,0.0,0.0,0.0,0,1500,0,1,PID_ATTITUDE
567.114116,480-600_STILL,37442762788800,654900,PITCH,0.03,-0.19,-0.22,0.0,0.0,0.0,0.0,0,1500,0,1,PID_ATTITUDE
567.207186,480-600_STILL,37442855858600,655000,PITCH,0.03,-0.19,-0.22,0.0,0.0,0.0,0.0,0,1500,0,1,PID_ATTITUDE
567.314881,480-600_STILL,37442963554100,655100,PITCH,0.04,-0.19,-0.21,0.0,0.0,0.0,0.0,0,1500,0,1,PID_ATTITUDE
567.422499,480-600_STILL,37443071172200,655200,PITCH,0.04,-0.18,-0.21,0.0,0.0,0.0,0.0,0,1500,0,1,PID_ATTITUDE
567.514813,480-600_STILL,37443163485900,655300,PITCH,0.04,-0.18,-0.21,0.0,0.0,0.0,0.0,0,1500,0,1,PID_ATTITUDE
567.608772,480-600_STILL,37443257444700,655400,PITCH,0.03,-0.18,-0.21,0.0,0.0,0.0,0.0,0,1500,0,1,PID_ATTITUDE
567.719116,480-600_STILL,37443367788500,655500,PITCH,0.04,-0.19,-0.22,0.0,0.0,0.0,0.0,0,1500,0,1,PID_ATTITUDE
567.812501,480-600_STILL,37443461173500,655600,PITCH,0.04,-0.18,-0.2,0.0,0.0,0.0,0.0,0,1500,0,1,PID_ATTITUDE
567.861112,480-600_STILL,37443509784500,655700,PITCH,0.03,-0.17,-0.19,0.0,0.0,0.0,0.0,0,1500,0,1,PID_ATTITUDE
568.015651,480-600_STILL,37443664324100,655800,PITCH,0.03,-0.17,-0.2,0.0,0.0,0.0,0.0,0,1500,0,1,PID_ATTITUDE
568.108388,480-600_STILL,37443757061100,655900,PITCH,0.03,-0.17,-0.2,0.0,0.0,0.0,0.0,0,1500,0,1,PID_ATTITUDE
568.215998,480-600_STILL,37443864670700,656000,PITCH,0.02,-0.17,-0.2,0.0,0.0,0.0,0.0,0,1500,0,1,PID_ATTITUDE
568.309366,480-600_STILL,37443958038500,656100,PITCH,0.03,-0.18,-0.21,0.0,0.0,0.0,0.0,0,1500,0,1,PID_ATTITUDE
568.417430,480-600_STILL,37444066102400,656200,PITCH,0.04,-0.17,-0.2,0.0,0.0,0.0,0.0,0,1500,0,1,PID_ATTITUDE
568.510967,480-600_STILL,37444159639500,656300,PITCH,0.02,-0.18,-0.21,0.0,0.0,0.0,0.0,0,1500,0,1,PID_ATTITUDE
568.620530,480-600_STILL,37444269203200,656400,PITCH,0.03,-0.17,-0.2,0.0,0.0,0.0,0.0,0,1500,0,1,PID_ATTITUDE
568.712547,480-600_STILL,37444361220100,656500,PITCH,0.03,-0.18,-0.21,0.0,0.0,0.0,0.0,0,1500,0,1,PID_ATTITUDE
568.822167,480-600_STILL,37444470839800,656600,PITCH,0.04,-0.18,-0.21,0.0,0.0,0.0,0.0,0,1500,0,1,PID_ATTITUDE
568.861124,480-600_STILL,37444509797000,656700,PITCH,0.04,-0.17,-0.2,0.0,0.0,0.0,0.0,0,1500,0,1,PID_ATTITUDE
569.007989,480-600_STILL,37444656661600,656800,PITCH,0.03,-0.18,-0.21,0.0,0.0,0.0,0.0,0,1500,0,1,PID_ATTITUDE
569.118425,480-600_STILL,37444767098200,656900,PITCH,0.03,-0.17,-0.2,0.0,0.0,0.0,0.0,0,1500,0,1,PID_ATTITUDE
569.211711,480-600_STILL,37444860383800,657000,PITCH,0.04,-0.17,-0.2,0.0,0.0,0.0,0.0,0,1500,0,1,PID_ATTITUDE
569.319276,480-600_STILL,37444967949000,657100,PITCH,0.04,-0.18,-0.21,0.0,0.0,0.0,0.0,0,1500,0,1,PID_ATTITUDE
569.413719,480-600_STILL,37445062392400,657200,PITCH,0.05,-0.18,-0.21,0.0,0.0,0.0,0.0,0,1500,0,1,PID_ATTITUDE
569.522544,480-600_STILL,37445171216800,657300,PITCH,0.05,-0.16,-0.19,0.0,0.0,0.0,0.0,0,1500,0,1,PID_ATTITUDE
569.616597,480-600_STILL,37445265270100,657400,PITCH,0.05,-0.16,-0.19,0.0,0.0,0.0,0.0,0,1500,0,1,PID_ATTITUDE
569.711056,480-600_STILL,37445359729000,657500,PITCH,0.05,-0.16,-0.19,0.0,0.0,0.0,0.0,0,1500,0,1,PID_ATTITUDE
569.819452,480-600_STILL,37445468125100,657600,PITCH,0.04,-0.16,-0.19,0.0,0.0,0.0,0.0,0,1500,0,1,PID_ATTITUDE
569.861121,480-600_STILL,37445509794100,657700,PITCH,0.05,-0.17,-0.2,0.0,0.0,0.0,0.0,0,1500,0,1,PID_ATTITUDE
570.020732,480-600_STILL,37445669404400,657800,PITCH,0.05,-0.17,-0.2,0.0,0.0,0.0,0.0,0,1500,0,1,PID_ATTITUDE
570.113791,480-600_STILL,37445762464200,657900,PITCH,0.05,-0.16,-0.19,0.0,0.0,0.0,0.0,0,1500,0,1,PID_ATTITUDE
570.207276,480-600_STILL,37445855949000,658000,PITCH,0.05,-0.17,-0.2,0.0,0.0,0.0,0.0,0,1500,0,1,PID_ATTITUDE
570.315614,480-600_STILL,37445964286900,658100,PITCH,0.05,-0.16,-0.19,0.0,0.0,0.0,0.0,0,1500,0,1,PID_ATTITUDE
570.409602,480-600_STILL,37446058274900,658200,PITCH,0.05,-0.17,-0.2,0.0,0.0,0.0,0.0,0,1500,0,1,PID_ATTITUDE
570.518879,480-600_STILL,37446167551900,658300,PITCH,0.05,-0.18,-0.21,0.0,0.0,0.0,0.0,0,1500,0,1,PID_ATTITUDE
570.612766,480-600_STILL,37446261438400,658400,PITCH,0.04,-0.17,-0.2,0.0,0.0,0.0,0.0,0,1500,0,1,PID_ATTITUDE
570.706127,480-600_STILL,37446354799700,658500,PITCH,0.04,-0.16,-0.19,0.0,0.0,0.0,0.0,0,1500,0,1,PID_ATTITUDE
570.815067,480-600_STILL,37446463739900,658600,PITCH,0.04,-0.15,-0.18,0.0,0.0,0.0,0.0,0,1500,0,1,PID_ATTITUDE
570.860911,480-600_STILL,37446509584000,658700,PITCH,0.04,-0.15,-0.18,0.0,0.0,0.0,0.0,0,1500,0,1,PID_ATTITUDE
571.016719,480-600_STILL,37446665391800,658800,PITCH,0.04,-0.15,-0.18,0.0,0.0,0.0,0.0,0,1500,0,1,PID_ATTITUDE
571.110866,480-600_STILL,37446759538500,658900,PITCH,0.04,-0.15,-0.18,0.0,0.0,0.0,0.0,0,1500,0,1,PID_ATTITUDE
571.219601,480-600_STILL,37446868273600,659000,PITCH,0.04,-0.16,-0.19,0.0,0.0,0.0,0.0,0,1500,0,1,PID_ATTITUDE
571.311980,480-600_STILL,37446960653200,659100,PITCH,0.04,-0.15,-0.18,0.0,0.0,0.0,0.0,0,1500,0,1,PID_ATTITUDE
571.421305,480-600_STILL,37447069978300,659200,PITCH,0.05,-0.15,-0.17,0.0,0.0,0.0,0.0,0,1500,0,1,PID_ATTITUDE
571.514643,480-600_STILL,37447163316100,659300,PITCH,0.05,-0.15,-0.18,0.0,0.0,0.0,0.0,0,1500,0,1,PID_ATTITUDE
571.609002,480-600_STILL,37447257675100,659400,PITCH,0.06,-0.15,-0.19,0.0,0.0,0.0,0.0,0,1500,0,1,PID_ATTITUDE
571.718832,480-600_STILL,37447367504800,659500,PITCH,0.06,-0.16,-0.19,0.0,0.0,0.0,0.0,0,1500,0,1,PID_ATTITUDE
571.811380,480-600_STILL,37447460052800,659600,PITCH,0.06,-0.15,-0.18,0.0,0.0,0.0,0.0,0,1500,0,1,PID_ATTITUDE
571.860698,480-600_STILL,37447509371300,659700,PITCH,0.07,-0.15,-0.18,0.0,0.0,0.0,0.0,0,1500,0,1,PID_ATTITUDE
572.013352,480-600_STILL,37447662024600,659800,PITCH,0.07,-0.14,-0.17,0.0,0.0,0.0,0.0,0,1500,0,1,PID_ATTITUDE
572.108190,480-600_STILL,37447756863000,659900,PITCH,0.06,-0.14,-0.17,0.0,0.0,0.0,0.0,0,1500,0,1,PID_ATTITUDE
572.216954,480-600_STILL,37447865626400,660000,PITCH,0.06,-0.15,-0.18,0.0,0.0,0.0,0.0,0,1500,0,1,PID_ATTITUDE
572.309670,480-600_STILL,37447958343200,660100,PITCH,0.05,-0.14,-0.17,0.0,0.0,0.0,0.0,0,1500,0,1,PID_ATTITUDE
572.419386,480-600_STILL,37448068059400,660200,PITCH,0.04,-0.14,-0.17,0.0,0.0,0.0,0.0,0,1500,0,1,PID_ATTITUDE
572.514689,480-600_STILL,37448163362000,660300,PITCH,0.04,-0.14,-0.17,0.0,0.0,0.0,0.0,0,1500,0,1,PID_ATTITUDE
572.607820,480-600_STILL,37448256492600,660400,PITCH,0.04,-0.14,-0.17,0.0,0.0,0.0,0.0,0,1500,0,1,PID_ATTITUDE
572.717527,480-600_STILL,37448366200000,660500,PITCH,0.03,-0.14,-0.17,0.0,0.0,0.0,0.0,0,1500,0,1,PID_ATTITUDE
572.810660,480-600_STILL,37448459333200,660600,PITCH,0.03,-0.15,-0.18,0.0,0.0,0.0,0.0,0,1500,0,1,PID_ATTITUDE
572.860335,480-600_STILL,37448509007900,660700,PITCH,0.03,-0.16,-0.19,0.0,0.0,0.0,0.0,0,1500,0,1,PID_ATTITUDE
573.013782,480-600_STILL,37448662454500,660800,PITCH,0.03,-0.16,-0.19,0.0,0.0,0.0,0.0,0,1500,0,1,PID_ATTITUDE
573.106577,480-600_STILL,37448755249900,660900,PITCH,0.03,-0.16,-0.19,0.0,0.0,0.0,0.0,0,1500,0,1,PID_ATTITUDE
573.214688,480-600_STILL,37448863361200,661000,PITCH,0.04,-0.16,-0.19,0.0,0.0,0.0,0.0,0,1500,0,1,PID_ATTITUDE
573.308569,480-600_STILL,37448957242400,661100,PITCH,0.03,-0.15,-0.18,0.0,0.0,0.0,0.0,0,1500,0,1,PID_ATTITUDE
573.417539,480-600_STILL,37449066211900,661200,PITCH,0.03,-0.15,-0.18,0.0,0.0,0.0,0.0,0,1500,0,1,PID_ATTITUDE
573.510853,480-600_STILL,37449159526300,661300,PITCH,0.02,-0.16,-0.19,0.0,0.0,0.0,0.0,0,1500,0,1,PID_ATTITUDE
573.619755,480-600_STILL,37449268427600,661400,PITCH,0.03,-0.15,-0.18,0.0,0.0,0.0,0.0,0,1500,0,1,PID_ATTITUDE
573.712160,480-600_STILL,37449360832600,661500,PITCH,0.03,-0.15,-0.18,0.0,0.0,0.0,0.0,0,1500,0,1,PID_ATTITUDE
573.820091,480-600_STILL,37449468764100,661600,PITCH,0.04,-0.15,-0.18,0.0,0.0,0.0,0.0,0,1500,0,1,PID_ATTITUDE
573.860353,480-600_STILL,37449509025700,661700,PITCH,0.04,-0.16,-0.19,0.0,0.0,0.0,0.0,0,1500,0,1,PID_ATTITUDE
574.007117,480-600_STILL,37449655790000,661800,PITCH,0.03,-0.16,-0.18,0.0,0.0,0.0,0.0,0,1500,0,1,PID_ATTITUDE
574.117061,480-600_STILL,37449765734200,661900,PITCH,0.03,-0.14,-0.17,0.0,0.0,0.0,0.0,0,1500,0,1,PID_ATTITUDE
574.210547,480-600_STILL,37449859219800,662000,PITCH,0.02,-0.14,-0.17,0.0,0.0,0.0,0.0,0,1500,0,1,PID_ATTITUDE
574.319322,480-600_STILL,37449967995400,662100,PITCH,0.02,-0.14,-0.18,0.0,0.0,0.0,0.0,0,1500,0,1,PID_ATTITUDE
574.413081,480-600_STILL,37450061753700,662200,PITCH,0.03,-0.15,-0.18,0.0,0.0,0.0,0.0,0,1500,0,1,PID_ATTITUDE
574.521261,480-600_STILL,37450169934100,662300,PITCH,0.03,-0.15,-0.18,0.0,0.0,0.0,0.0,0,1500,0,1,PID_ATTITUDE
574.614381,480-600_STILL,37450263054300,662400,PITCH,0.04,-0.15,-0.18,0.0,0.0,0.0,0.0,0,1500,0,1,PID_ATTITUDE
574.707173,480-600_STILL,37450355845700,662500,PITCH,0.04,-0.14,-0.17,0.0,0.0,0.0,0.0,0,1500,0,1,PID_ATTITUDE
574.816729,480-600_STILL,37450465402400,662600,PITCH,0.04,-0.15,-0.18,0.0,0.0,0.0,0.0,0,1500,0,1,PID_ATTITUDE
574.860296,480-600_STILL,37450508968500,662700,PITCH,0.04,-0.16,-0.19,0.0,0.0,0.0,0.0,0,1500,0,1,PID_ATTITUDE
575.020872,480-600_STILL,37450669545000,662800,PITCH,0.04,-0.18,-0.21,0.0,0.0,0.0,0.0,0,1500,0,1,PID_ATTITUDE
575.114612,480-600_STILL,37450763285000,662900,PITCH,0.03,-0.17,-0.2,0.0,0.0,0.0,0.0,0,1500,0,1,PID_ATTITUDE
575.207778,480-600_STILL,37450856451000,663000,PITCH,0.03,-0.18,-0.21,0.0,0.0,0.0,0.0,0,1500,0,1,PID_ATTITUDE
575.317017,480-600_STILL,37450965689600,663100,PITCH,0.04,-0.17,-0.2,0.0,0.0,0.0,0.0,0,1500,0,1,PID_ATTITUDE
575.410085,480-600_STILL,37451058758000,663200,PITCH,0.04,-0.17,-0.2,0.0,0.0,0.0,0.0,0,1500,0,1,PID_ATTITUDE
575.520380,480-600_STILL,37451169052700,663300,PITCH,0.04,-0.17,-0.2,0.0,0.0,0.0,0.0,0,1500,0,1,PID_ATTITUDE
575.613165,480-600_STILL,37451261838100,663400,PITCH,0.05,-0.16,-0.19,0.0,0.0,0.0,0.0,0,1500,0,1,PID_ATTITUDE
575.706495,480-600_STILL,37451355167800,663500,PITCH,0.05,-0.15,-0.18,0.0,0.0,0.0,0.0,0,1500,0,1,PID_ATTITUDE
575.814589,480-600_STILL,37451463262000,663600,PITCH,0.05,-0.15,-0.18,0.0,0.0,0.0,0.0,0,1500,0,1,PID_ATTITUDE
575.860152,480-600_STILL,37451508824600,663700,PITCH,0.05,-0.15,-0.18,0.0,0.0,0.0,0.0,0,1500,0,1,PID_ATTITUDE
576.015872,480-600_STILL,37451664544600,663800,PITCH,0.04,-0.16,-0.19,0.0,0.0,0.0,0.0,0,1500,0,1,PID_ATTITUDE
576.110046,480-600_STILL,37451758718700,663900,PITCH,0.03,-0.16,-0.19,0.0,0.0,0.0,0.0,0,1500,0,1,PID_ATTITUDE
576.219046,480-600_STILL,37451867719200,664000,PITCH,0.04,-0.16,-0.19,0.0,0.0,0.0,0.0,0,1500,0,1,PID_ATTITUDE
576.311794,480-600_STILL,37451960466400,664100,PITCH,0.04,-0.16,-0.2,0.0,0.0,0.0,0.0,0,1500,0,1,PID_ATTITUDE
576.420541,480-600_STILL,37452069213400,664200,PITCH,0.03,-0.17,-0.2,0.0,0.0,0.0,0.0,0,1500,0,1,PID_ATTITUDE
576.515332,480-600_STILL,37452164004400,664300,PITCH,0.03,-0.17,-0.2,0.0,0.0,0.0,0.0,0,1500,0,1,PID_ATTITUDE
576.607863,480-600_STILL,37452256535700,664400,PITCH,0.04,-0.17,-0.2,0.0,0.0,0.0,0.0,0,1500,0,1,PID_ATTITUDE
576.715565,480-600_STILL,37452364237500,664500,PITCH,0.05,-0.18,-0.21,0.0,0.0,0.0,0.0,0,1500,0,1,PID_ATTITUDE
576.809350,480-600_STILL,37452458022600,664600,PITCH,0.04,-0.18,-0.21,0.0,0.0,0.0,0.0,0,1500,0,1,PID_ATTITUDE
576.859740,480-600_STILL,37452508412700,664700,PITCH,0.04,-0.18,-0.21,0.0,0.0,0.0,0.0,0,1500,0,1,PID_ATTITUDE
577.009933,480-600_STILL,37452658606300,664800,PITCH,0.04,-0.18,-0.21,0.0,0.0,0.0,0.0,0,1500,0,1,PID_ATTITUDE
577.120115,480-600_STILL,37452768787900,664900,PITCH,0.05,-0.17,-0.2,0.0,0.0,0.0,0.0,0,1500,0,1,PID_ATTITUDE
577.213110,480-600_STILL,37452861783400,665000,PITCH,0.04,-0.16,-0.19,0.0,0.0,0.0,0.0,0,1500,0,1,PID_ATTITUDE
577.306826,480-600_STILL,37452955498500,665100,PITCH,0.04,-0.15,-0.18,0.0,0.0,0.0,0.0,0,1500,0,1,PID_ATTITUDE
577.416144,480-600_STILL,37453064817400,665200,PITCH,0.04,-0.15,-0.18,0.0,0.0,0.0,0.0,0,1500,0,1,PID_ATTITUDE
577.509455,480-600_STILL,37453158128000,665300,PITCH,0.05,-0.16,-0.19,0.0,0.0,0.0,0.0,0,1500,0,1,PID_ATTITUDE
577.618807,480-600_STILL,37453267479900,665400,PITCH,0.05,-0.17,-0.2,0.0,0.0,0.0,0.0,0,1500,0,1,PID_ATTITUDE
577.711147,480-600_STILL,37453359819400,665500,PITCH,0.05,-0.16,-0.19,0.0,0.0,0.0,0.0,0,1500,0,1,PID_ATTITUDE
577.820590,480-600_STILL,37453469262800,665600,PITCH,0.05,-0.16,-0.19,0.0,0.0,0.0,0.0,0,1500,0,1,PID_ATTITUDE
577.859753,480-600_STILL,37453508425700,665700,PITCH,0.04,-0.15,-0.18,0.0,0.0,0.0,0.0,0,1500,0,1,PID_ATTITUDE
578.005984,480-600_STILL,37453654656900,665800,PITCH,0.04,-0.15,-0.18,0.0,0.0,0.0,0.0,0,1500,0,1,PID_ATTITUDE
578.115892,480-600_STILL,37453764564700,665900,PITCH,0.04,-0.16,-0.19,0.0,0.0,0.0,0.0,0,1500,0,1,PID_ATTITUDE
578.209242,480-600_STILL,37453857914800,666000,PITCH,0.03,-0.17,-0.2,0.0,0.0,0.0,0.0,0,1500,0,1,PID_ATTITUDE
578.318898,480-600_STILL,37453967570600,666100,PITCH,0.03,-0.18,-0.21,0.0,0.0,0.0,0.0,0,1500,0,1,PID_ATTITUDE
578.413134,480-600_STILL,37454061806600,666200,PITCH,0.03,-0.19,-0.22,0.0,0.0,0.0,0.0,0,1500,0,1,PID_ATTITUDE
578.506770,480-600_STILL,37454155442700,666300,PITCH,0.03,-0.2,-0.23,0.0,0.0,0.0,0.0,0,1500,0,1,PID_ATTITUDE
578.615716,480-600_STILL,37454264388700,666400,PITCH,0.04,-0.19,-0.22,0.0,0.0,0.0,0.0,0,1500,0,1,PID_ATTITUDE
578.709667,480-600_STILL,37454358339500,666500,PITCH,0.04,-0.18,-0.21,0.0,0.0,0.0,0.0,0,1500,0,1,PID_ATTITUDE
578.819440,480-600_STILL,37454468113200,666600,PITCH,0.05,-0.18,-0.22,0.0,0.0,0.0,0.0,0,1500,0,1,PID_ATTITUDE
578.859667,480-600_STILL,37454508340100,666700,PITCH,0.06,-0.18,-0.21,0.0,0.0,0.0,0.0,0,1500,0,1,PID_ATTITUDE
579.008290,480-600_STILL,37454656962400,666800,PITCH,0.06,-0.18,-0.21,0.0,0.0,0.0,0.0,0,1500,0,1,PID_ATTITUDE
579.117164,480-600_STILL,37454765836900,666900,PITCH,0.06,-0.18,-0.21,0.0,0.0,0.0,0.0,0,1500,0,1,PID_ATTITUDE
579.209255,480-600_STILL,37454857927500,667000,PITCH,0.07,-0.18,-0.21,0.0,0.0,0.0,0.0,0,1500,0,1,PID_ATTITUDE
579.319482,480-600_STILL,37454968154500,667100,PITCH,0.07,-0.18,-0.21,0.0,0.0,0.0,0.0,0,1500,0,1,PID_ATTITUDE
579.413256,480-600_STILL,37455061929100,667200,PITCH,0.08,-0.18,-0.21,0.0,0.0,0.0,0.0,0,1500,0,1,PID_ATTITUDE
579.507469,480-600_STILL,37455156141700,667300,PITCH,0.07,-0.17,-0.2,0.0,0.0,0.0,0.0,0,1500,0,1,PID_ATTITUDE
579.615207,480-600_STILL,37455263879900,667400,PITCH,0.06,-0.17,-0.2,0.0,0.0,0.0,0.0,0,1500,0,1,PID_ATTITUDE
579.708111,480-600_STILL,37455356783500,667500,PITCH,0.06,-0.16,-0.19,0.0,0.0,0.0,0.0,0,1500,0,1,PID_ATTITUDE
579.817887,480-600_STILL,37455466559600,667600,PITCH,0.06,-0.15,-0.18,0.0,0.0,0.0,0.0,0,1500,0,1,PID_ATTITUDE
579.859538,480-600_STILL,37455508210500,667700,PITCH,0.06,-0.15,-0.18,0.0,0.0,0.0,0.0,0,1500,0,1,PID_ATTITUDE
580.005861,480-600_STILL,37455654533800,667800,PITCH,0.06,-0.16,-0.19,0.0,0.0,0.0,0.0,0,1500,0,1,PID_ATTITUDE
580.114195,480-600_STILL,37455762867800,667900,PITCH,0.05,-0.17,-0.2,0.0,0.0,0.0,0.0,0,1500,0,1,PID_ATTITUDE
580.207819,480-600_STILL,37455856491800,668000,PITCH,0.06,-0.17,-0.2,0.0,0.0,0.0,0.0,0,1500,0,1,PID_ATTITUDE
580.318215,480-600_STILL,37455966888300,668100,PITCH,0.05,-0.17,-0.2,0.0,0.0,0.0,0.0,0,1500,0,1,PID_ATTITUDE
580.412000,480-600_STILL,37456060673400,668200,PITCH,0.05,-0.17,-0.2,0.0,0.0,0.0,0.0,0,1500,0,1,PID_ATTITUDE
580.505391,480-600_STILL,37456154063600,668300,PITCH,0.05,-0.18,-0.21,0.0,0.0,0.0,0.0,0,1500,0,1,PID_ATTITUDE
580.614813,480-600_STILL,37456263485700,668400,PITCH,0.05,-0.17,-0.2,0.0,0.0,0.0,0.0,0,1500,0,1,PID_ATTITUDE
580.708498,480-600_STILL,37456357170700,668500,PITCH,0.05,-0.17,-0.2,0.0,0.0,0.0,0.0,0,1500,0,1,PID_ATTITUDE
580.819129,480-600_STILL,37456467802100,668600,PITCH,0.04,-0.18,-0.21,0.0,0.0,0.0,0.0,0,1500,0,1,PID_ATTITUDE
580.859356,480-600_STILL,37456508028900,668700,PITCH,0.04,-0.18,-0.21,0.0,0.0,0.0,0.0,0,1500,0,1,PID_ATTITUDE
581.006036,480-600_STILL,37456654708500,668800,PITCH,0.04,-0.17,-0.2,0.0,0.0,0.0,0.0,0,1500,0,1,PID_ATTITUDE
581.114827,480-600_STILL,37456763499400,668900,PITCH,0.04,-0.17,-0.2,0.0,0.0,0.0,0.0,0,1500,0,1,PID_ATTITUDE
581.208300,480-600_STILL,37456856973300,669000,PITCH,0.05,-0.17,-0.21,0.0,0.0,0.0,0.0,0,1500,0,1,PID_ATTITUDE
581.318321,480-600_STILL,37456966993900,669100,PITCH,0.07,-0.16,-0.19,0.0,0.0,0.0,0.0,0,1500,0,1,PID_ATTITUDE
581.410456,480-600_STILL,37457059129000,669200,PITCH,0.06,-0.15,-0.17,0.0,0.0,0.0,0.0,0,1500,0,1,PID_ATTITUDE
581.504909,480-600_STILL,37457153582200,669300,PITCH,0.05,-0.14,-0.18,0.0,0.0,0.0,0.0,0,1500,0,1,PID_ATTITUDE
581.615660,480-600_STILL,37457264333200,669400,PITCH,0.03,-0.15,-0.18,0.0,0.0,0.0,0.0,0,1500,0,1,PID_ATTITUDE
581.708119,480-600_STILL,37457356792300,669500,PITCH,0.02,-0.16,-0.19,0.0,0.0,0.0,0.0,0,1500,0,1,PID_ATTITUDE
581.816983,480-600_STILL,37457465655900,669600,PITCH,0.02,-0.16,-0.19,0.0,0.0,0.0,0.0,0,1500,0,1,PID_ATTITUDE
581.859163,480-600_STILL,37457507835500,669700,PITCH,0.02,-0.16,-0.2,0.0,0.0,0.0,0.0,0,1500,0,1,PID_ATTITUDE
582.019581,480-600_STILL,37457668254200,669800,PITCH,0.03,-0.17,-0.2,0.0,0.0,0.0,0.0,0,1500,0,1,PID_ATTITUDE
582.113325,480-600_STILL,37457761998000,669900,PITCH,0.03,-0.17,-0.2,0.0,0.0,0.0,0.0,0,1500,0,1,PID_ATTITUDE
582.207041,480-600_STILL,37457855714400,670000,PITCH,0.02,-0.17,-0.2,0.0,0.0,0.0,0.0,0,1500,0,1,PID_ATTITUDE
582.315933,480-600_STILL,37457964605500,670100,PITCH,0.02,-0.16,-0.19,0.0,0.0,0.0,0.0,0,1500,0,1,PID_ATTITUDE
582.410041,480-600_STILL,37458058713400,670200,PITCH,0.01,-0.16,-0.19,0.0,0.0,0.0,0.0,0,1500,0,1,PID_ATTITUDE
582.504937,480-600_STILL,37458153610300,670300,PITCH,0.02,-0.15,-0.18,0.0,0.0,0.0,0.0,0,1500,0,1,PID_ATTITUDE
582.614431,480-600_STILL,37458263104000,670400,PITCH,0.03,-0.14,-0.17,0.0,0.0,0.0,0.0,0,1500,0,1,PID_ATTITUDE
582.707378,480-600_STILL,37458356051000,670500,PITCH,0.04,-0.14,-0.17,0.0,0.0,0.0,0.0,0,1500,0,1,PID_ATTITUDE
582.816208,480-600_STILL,37458464881000,670600,PITCH,0.04,-0.15,-0.18,0.0,0.0,0.0,0.0,0,1500,0,1,PID_ATTITUDE
582.859027,480-600_STILL,37458507699700,670700,PITCH,0.04,-0.15,-0.18,0.0,0.0,0.0,0.0,0,1500,0,1,PID_ATTITUDE
583.019308,480-600_STILL,37458667980600,670800,PITCH,0.04,-0.15,-0.18,0.0,0.0,0.0,0.0,0,1500,0,1,PID_ATTITUDE
583.112102,480-600_STILL,37458760775400,670900,PITCH,0.05,-0.15,-0.18,0.0,0.0,0.0,0.0,0,1500,0,1,PID_ATTITUDE
583.205741,480-600_STILL,37458854413900,671000,PITCH,0.05,-0.16,-0.19,0.0,0.0,0.0,0.0,0,1500,0,1,PID_ATTITUDE
583.315526,480-600_STILL,37458964198700,671100,PITCH,0.05,-0.14,-0.18,0.0,0.0,0.0,0.0,0,1500,0,1,PID_ATTITUDE
583.409835,480-600_STILL,37459058508100,671200,PITCH,0.05,-0.14,-0.17,0.0,0.0,0.0,0.0,0,1500,0,1,PID_ATTITUDE
583.517812,480-600_STILL,37459166484700,671300,PITCH,0.05,-0.15,-0.18,0.0,0.0,0.0,0.0,0,1500,0,1,PID_ATTITUDE
583.613056,480-600_STILL,37459261729200,671400,PITCH,0.04,-0.16,-0.19,0.0,0.0,0.0,0.0,0,1500,0,1,PID_ATTITUDE
583.705751,480-600_STILL,37459354423700,671500,PITCH,0.05,-0.17,-0.2,0.0,0.0,0.0,0.0,0,1500,0,1,PID_ATTITUDE
583.813902,480-600_STILL,37459462574800,671600,PITCH,0.04,-0.16,-0.19,0.0,0.0,0.0,0.0,0,1500,0,1,PID_ATTITUDE
583.858866,480-600_STILL,37459507538700,671700,PITCH,0.03,-0.16,-0.2,0.0,0.0,0.0,0.0,0,1500,0,1,PID_ATTITUDE
584.017153,480-600_STILL,37459665825500,671800,PITCH,0.04,-0.17,-0.2,0.0,0.0,0.0,0.0,0,1500,0,1,PID_ATTITUDE
584.111354,480-600_STILL,37459760026900,671900,PITCH,0.04,-0.16,-0.19,0.0,0.0,0.0,0.0,0,1500,0,1,PID_ATTITUDE
584.204758,480-600_STILL,37459853431200,672000,PITCH,0.03,-0.16,-0.19,0.0,0.0,0.0,0.0,0,1500,0,1,PID_ATTITUDE
584.314086,480-600_STILL,37459962758600,672100,PITCH,0.03,-0.16,-0.19,0.0,0.0,0.0,0.0,0,1500,0,1,PID_ATTITUDE
584.407727,480-600_STILL,37460056399600,672200,PITCH,0.03,-0.15,-0.18,0.0,0.0,0.0,0.0,0,1500,0,1,PID_ATTITUDE
584.516192,480-600_STILL,37460164865200,672300,PITCH,0.03,-0.15,-0.18,0.0,0.0,0.0,0.0,0,1500,0,1,PID_ATTITUDE
584.607501,480-600_STILL,37460256174200,672400,PITCH,0.03,-0.16,-0.19,0.0,0.0,0.0,0.0,0,1500,0,1,PID_ATTITUDE
584.717359,480-600_STILL,37460366032300,672500,PITCH,0.02,-0.17,-0.2,0.0,0.0,0.0,0.0,0,1500,0,1,PID_ATTITUDE
584.811063,480-600_STILL,37460459735600,672600,PITCH,0.02,-0.16,-0.19,0.0,0.0,0.0,0.0,0,1500,0,1,PID_ATTITUDE
584.858626,480-600_STILL,37460507298700,672700,PITCH,0.02,-0.15,-0.18,0.0,0.0,0.0,0.0,0,1500,0,1,PID_ATTITUDE
585.013233,480-600_STILL,37460661906100,672800,PITCH,0.02,-0.16,-0.19,0.0,0.0,0.0,0.0,0,1500,0,1,PID_ATTITUDE
585.107478,480-600_STILL,37460756150900,672900,PITCH,0.01,-0.16,-0.19,0.0,0.0,0.0,0.0,0,1500,0,1,PID_ATTITUDE
585.216838,480-600_STILL,37460865511300,673000,PITCH,0.01,-0.17,-0.2,0.0,0.0,0.0,0.0,0,1500,0,1,PID_ATTITUDE
585.309875,480-600_STILL,37460958547600,673100,PITCH,0.02,-0.18,-0.21,0.0,0.0,0.0,0.0,0,1500,0,1,PID_ATTITUDE
585.418501,480-600_STILL,37461067173800,673200,PITCH,0.03,-0.18,-0.2,0.0,0.0,0.0,0.0,0,1500,0,1,PID_ATTITUDE
585.510940,480-600_STILL,37461159612800,673300,PITCH,0.03,-0.17,-0.2,0.0,0.0,0.0,0.0,0,1500,0,1,PID_ATTITUDE
585.619593,480-600_STILL,37461268265600,673400,PITCH,0.03,-0.18,-0.21,0.0,0.0,0.0,0.0,0,1500,0,1,PID_ATTITUDE
585.712569,480-600_STILL,37461361242000,673500,PITCH,0.02,-0.19,-0.22,0.0,0.0,0.0,0.0,0,1500,0,1,PID_ATTITUDE
585.806816,480-600_STILL,37461455488800,673600,PITCH,0.02,-0.18,-0.21,0.0,0.0,0.0,0.0,0,1500,0,1,PID_ATTITUDE
585.858576,480-600_STILL,37461507249300,673700,PITCH,0.02,-0.19,-0.22,0.0,0.0,0.0,0.0,0,1500,0,1,PID_ATTITUDE
586.010646,480-600_STILL,37461659319000,673800,PITCH,0.03,-0.19,-0.23,0.0,0.0,0.0,0.0,0,1500,0,1,PID_ATTITUDE
586.119353,480-600_STILL,37461768025800,673900,PITCH,0.03,-0.2,-0.23,0.0,0.0,0.0,0.0,0,1500,0,1,PID_ATTITUDE
586.212941,480-600_STILL,37461861614200,674000,PITCH,0.04,-0.2,-0.23,0.0,0.0,0.0,0.0,0,1500,0,1,PID_ATTITUDE
586.306593,480-600_STILL,37461955265800,674100,PITCH,0.04,-0.2,-0.23,0.0,0.0,0.0,0.0,0,1500,0,1,PID_ATTITUDE
586.415849,480-600_STILL,37462064522000,674200,PITCH,0.04,-0.19,-0.22,0.0,0.0,0.0,0.0,0,1500,0,1,PID_ATTITUDE
586.508823,480-600_STILL,37462157495800,674300,PITCH,0.04,-0.19,-0.22,0.0,0.0,0.0,0.0,0,1500,0,1,PID_ATTITUDE
586.618153,480-600_STILL,37462266826100,674400,PITCH,0.04,-0.2,-0.23,0.0,0.0,0.0,0.0,0,1500,0,1,PID_ATTITUDE
586.710360,480-600_STILL,37462359033100,674500,PITCH,0.04,-0.19,-0.22,0.0,0.0,0.0,0.0,0,1500,0,1,PID_ATTITUDE
586.804069,480-600_STILL,37462452742000,674600,PITCH,0.04,-0.19,-0.22,0.0,0.0,0.0,0.0,0,1500,0,1,PID_ATTITUDE
586.858415,480-600_STILL,37462507087500,674700,PITCH,0.04,-0.18,-0.21,0.0,0.0,0.0,0.0,0,1500,0,1,PID_ATTITUDE
587.007617,480-600_STILL,37462656290300,674800,PITCH,0.03,-0.18,-0.21,0.0,0.0,0.0,0.0,0,1500,0,1,PID_ATTITUDE
587.116320,480-600_STILL,37462764992600,674900,PITCH,0.02,-0.18,-0.21,0.0,0.0,0.0,0.0,0,1500,0,1,PID_ATTITUDE
587.209084,480-600_STILL,37462857756900,675000,PITCH,0.02,-0.17,-0.2,0.0,0.0,0.0,0.0,0,1500,0,1,PID_ATTITUDE
587.317264,480-600_STILL,37462965937200,675100,PITCH,0.02,-0.17,-0.2,0.0,0.0,0.0,0.0,0,1500,0,1,PID_ATTITUDE
587.409546,480-600_STILL,37463058219100,675200,PITCH,0.02,-0.17,-0.2,0.0,0.0,0.0,0.0,0,1500,0,1,PID_ATTITUDE
587.517772,480-600_STILL,37463166444500,675300,PITCH,0.03,-0.18,-0.21,0.0,0.0,0.0,0.0,0,1500,0,1,PID_ATTITUDE
587.609333,480-600_STILL,37463258006100,675400,PITCH,0.04,-0.17,-0.21,0.0,0.0,0.0,0.0,0,1500,0,1,PID_ATTITUDE
587.719044,480-600_STILL,37463367716700,675500,PITCH,0.04,-0.18,-0.21,0.0,0.0,0.0,0.0,0,1500,0,1,PID_ATTITUDE
587.813038,480-600_STILL,37463461710600,675600,PITCH,0.04,-0.19,-0.22,0.0,0.0,0.0,0.0,0,1500,0,1,PID_ATTITUDE
587.858320,480-600_STILL,37463506992800,675700,PITCH,0.05,-0.19,-0.22,0.0,0.0,0.0,0.0,0,1500,0,1,PID_ATTITUDE
588.013848,480-600_STILL,37463662521400,675800,PITCH,0.05,-0.19,-0.22,0.0,0.0,0.0,0.0,0,1500,0,1,PID_ATTITUDE
588.107603,480-600_STILL,37463756276300,675900,PITCH,0.05,-0.18,-0.21,0.0,0.0,0.0,0.0,0,1500,0,1,PID_ATTITUDE
588.216324,480-600_STILL,37463864997200,676000,PITCH,0.04,-0.18,-0.21,0.0,0.0,0.0,0.0,0,1500,0,1,PID_ATTITUDE
588.309744,480-600_STILL,37463958416600,676100,PITCH,0.04,-0.18,-0.21,0.0,0.0,0.0,0.0,0,1500,0,1,PID_ATTITUDE
588.419014,480-600_STILL,37464067687100,676200,PITCH,0.05,-0.18,-0.21,0.0,0.0,0.0,0.0,0,1500,0,1,PID_ATTITUDE
588.512912,480-600_STILL,37464161584600,676300,PITCH,0.05,-0.18,-0.21,0.0,0.0,0.0,0.0,0,1500,0,1,PID_ATTITUDE
588.608050,480-600_STILL,37464256723100,676400,PITCH,0.05,-0.18,-0.21,0.0,0.0,0.0,0.0,0,1500,0,1,PID_ATTITUDE
588.716646,480-600_STILL,37464365319300,676500,PITCH,0.06,-0.18,-0.21,0.0,0.0,0.0,0.0,0,1500,0,1,PID_ATTITUDE
588.809738,480-600_STILL,37464458410700,676600,PITCH,0.05,-0.17,-0.2,0.0,0.0,0.0,0.0,0,1500,0,1,PID_ATTITUDE
588.858158,480-600_STILL,37464506831400,676700,PITCH,0.05,-0.17,-0.2,0.0,0.0,0.0,0.0,0,1500,0,1,PID_ATTITUDE
589.010302,480-600_STILL,37464658975300,676800,PITCH,0.05,-0.17,-0.2,0.0,0.0,0.0,0.0,0,1500,0,1,PID_ATTITUDE
589.104620,480-600_STILL,37464753292900,676900,PITCH,0.06,-0.17,-0.2,0.0,0.0,0.0,0.0,0,1500,0,1,PID_ATTITUDE
589.212560,480-600_STILL,37464861233200,677000,PITCH,0.05,-0.17,-0.2,0.0,0.0,0.0,0.0,0,1500,0,1,PID_ATTITUDE
589.306091,480-600_STILL,37464954763700,677100,PITCH,0.06,-0.17,-0.19,0.0,0.0,0.0,0.0,0,1500,0,1,PID_ATTITUDE
589.414441,480-600_STILL,37465063114300,677200,PITCH,0.06,-0.16,-0.19,0.0,0.0,0.0,0.0,0,1500,0,1,PID_ATTITUDE
589.508442,480-600_STILL,37465157115200,677300,PITCH,0.05,-0.16,-0.19,0.0,0.0,0.0,0.0,0,1500,0,1,PID_ATTITUDE
589.616360,480-600_STILL,37465265032600,677400,PITCH,0.06,-0.16,-0.19,0.0,0.0,0.0,0.0,0,1500,0,1,PID_ATTITUDE
589.709101,480-600_STILL,37465357774100,677500,PITCH,0.06,-0.16,-0.19,0.0,0.0,0.0,0.0,0,1500,0,1,PID_ATTITUDE
589.816829,480-600_STILL,37465465501800,677600,PITCH,0.05,-0.16,-0.19,0.0,0.0,0.0,0.0,0,1500,0,1,PID_ATTITUDE
589.857964,480-600_STILL,37465506636600,677700,PITCH,0.05,-0.16,-0.19,0.0,0.0,0.0,0.0,0,1500,0,1,PID_ATTITUDE
590.003399,480-600_STILL,37465652071500,677800,PITCH,0.04,-0.16,-0.19,0.0,0.0,0.0,0.0,0,1500,0,1,PID_ATTITUDE
590.111415,480-600_STILL,37465760087600,677900,PITCH,0.03,-0.16,-0.19,0.0,0.0,0.0,0.0,0,1500,0,1,PID_ATTITUDE
590.205018,480-600_STILL,37465853690600,678000,PITCH,0.04,-0.16,-0.19,0.0,0.0,0.0,0.0,0,1500,0,1,PID_ATTITUDE
590.314003,480-600_STILL,37465962675500,678100,PITCH,0.06,-0.16,-0.19,0.0,0.0,0.0,0.0,0,1500,0,1,PID_ATTITUDE
590.408221,480-600_STILL,37466056894100,678200,PITCH,0.06,-0.16,-0.19,0.0,0.0,0.0,0.0,0,1500,0,1,PID_ATTITUDE
590.516922,480-600_STILL,37466165595400,678300,PITCH,0.06,-0.17,-0.2,0.0,0.0,0.0,0.0,0,1500,0,1,PID_ATTITUDE
590.609415,480-600_STILL,37466258087600,678400,PITCH,0.07,-0.19,-0.22,0.0,0.0,0.0,0.0,0,1500,0,1,PID_ATTITUDE
590.719467,480-600_STILL,37466368140300,678500,PITCH,0.07,-0.19,-0.22,0.0,0.0,0.0,0.0,0,1500,0,1,PID_ATTITUDE
590.812698,480-600_STILL,37466461370600,678600,PITCH,0.07,-0.2,-0.23,0.0,0.0,0.0,0.0,0,1500,0,1,PID_ATTITUDE
590.857855,480-600_STILL,37466506528200,678700,PITCH,0.06,-0.19,-0.23,0.0,0.0,0.0,0.0,0,1500,0,1,PID_ATTITUDE
591.015615,480-600_STILL,37466664287700,678800,PITCH,0.06,-0.2,-0.23,0.0,0.0,0.0,0.0,0,1500,0,1,PID_ATTITUDE
591.110114,480-600_STILL,37466758786600,678900,PITCH,0.05,-0.2,-0.23,0.0,0.0,0.0,0.0,0,1500,0,1,PID_ATTITUDE
591.204104,480-600_STILL,37466852776900,679000,PITCH,0.04,-0.2,-0.22,0.0,0.0,0.0,0.0,0,1500,0,1,PID_ATTITUDE
591.310805,480-600_STILL,37466959477800,679100,PITCH,0.06,-0.19,-0.22,0.0,0.0,0.0,0.0,0,1500,0,1,PID_ATTITUDE
591.404409,480-600_STILL,37467053081500,679200,PITCH,0.05,-0.18,-0.21,0.0,0.0,0.0,0.0,0,1500,0,1,PID_ATTITUDE
591.513562,480-600_STILL,37467162235200,679300,PITCH,0.05,-0.17,-0.2,0.0,0.0,0.0,0.0,0,1500,0,1,PID_ATTITUDE
591.608117,480-600_STILL,37467256789900,679400,PITCH,0.04,-0.17,-0.2,0.0,0.0,0.0,0.0,0,1500,0,1,PID_ATTITUDE
591.716393,480-600_STILL,37467365066100,679500,PITCH,0.03,-0.18,-0.21,0.0,0.0,0.0,0.0,0,1500,0,1,PID_ATTITUDE
591.809857,480-600_STILL,37467458529400,679600,PITCH,0.03,-0.18,-0.21,0.0,0.0,0.0,0.0,0,1500,0,1,PID_ATTITUDE
591.857497,480-600_STILL,37467506169800,679700,PITCH,0.04,-0.18,-0.21,0.0,0.0,0.0,0.0,0,1500,0,1,PID_ATTITUDE
592.012158,480-600_STILL,37467660830700,679800,PITCH,0.04,-0.18,-0.21,0.0,0.0,0.0,0.0,0,1500,0,1,PID_ATTITUDE
592.105337,480-600_STILL,37467754009400,679900,PITCH,0.04,-0.18,-0.21,0.0,0.0,0.0,0.0,0,1500,0,1,PID_ATTITUDE
592.213346,480-600_STILL,37467862018800,680000,PITCH,0.04,-0.18,-0.21,0.0,0.0,0.0,0.0,0,1500,0,1,PID_ATTITUDE
592.308303,480-600_STILL,37467956976100,680100,PITCH,0.05,-0.17,-0.2,0.0,0.0,0.0,0.0,0,1500,0,1,PID_ATTITUDE
592.416566,480-600_STILL,37468065238800,680200,PITCH,0.04,-0.18,-0.21,0.0,0.0,0.0,0.0,0,1500,0,1,PID_ATTITUDE
592.509688,480-600_STILL,37468158361000,680300,PITCH,0.05,-0.18,-0.21,0.0,0.0,0.0,0.0,0,1500,0,1,PID_ATTITUDE
592.618855,480-600_STILL,37468267528300,680400,PITCH,0.04,-0.18,-0.21,0.0,0.0,0.0,0.0,0,1500,0,1,PID_ATTITUDE
592.712304,480-600_STILL,37468360977000,680500,PITCH,0.04,-0.18,-0.21,0.0,0.0,0.0,0.0,0,1500,0,1,PID_ATTITUDE
592.804794,480-600_STILL,37468453467400,680600,PITCH,0.05,-0.17,-0.2,0.0,0.0,0.0,0.0,0,1500,0,1,PID_ATTITUDE
592.857539,480-600_STILL,37468506212300,680700,PITCH,0.05,-0.18,-0.21,0.0,0.0,0.0,0.0,0,1500,0,1,PID_ATTITUDE
593.005833,480-600_STILL,37468654506400,680800,PITCH,0.04,-0.18,-0.21,0.0,0.0,0.0,0.0,0,1500,0,1,PID_ATTITUDE
593.115739,480-600_STILL,37468764412200,680900,PITCH,0.05,-0.17,-0.2,0.0,0.0,0.0,0.0,0,1500,0,1,PID_ATTITUDE
593.207466,480-600_STILL,37468856138700,681000,PITCH,0.05,-0.17,-0.2,0.0,0.0,0.0,0.0,0,1500,0,1,PID_ATTITUDE
593.318877,480-600_STILL,37468967550100,681100,PITCH,0.05,-0.17,-0.2,0.0,0.0,0.0,0.0,0,1500,0,1,PID_ATTITUDE
593.413385,480-600_STILL,37469062058000,681200,PITCH,0.05,-0.18,-0.21,0.0,0.0,0.0,0.0,0,1500,0,1,PID_ATTITUDE
593.507391,480-600_STILL,37469156063800,681300,PITCH,0.05,-0.17,-0.2,0.0,0.0,0.0,0.0,0,1500,0,1,PID_ATTITUDE
593.614916,480-600_STILL,37469263588900,681400,PITCH,0.04,-0.18,-0.2,0.0,0.0,0.0,0.0,0,1500,0,1,PID_ATTITUDE
593.708038,480-600_STILL,37469356711300,681500,PITCH,0.03,-0.19,-0.22,0.0,0.0,0.0,0.0,0,1500,0,1,PID_ATTITUDE
593.817144,480-600_STILL,37469465817000,681600,PITCH,0.03,-0.19,-0.22,0.0,0.0,0.0,0.0,0,1500,0,1,PID_ATTITUDE
593.857355,480-600_STILL,37469506027600,681700,PITCH,0.03,-0.19,-0.22,0.0,0.0,0.0,0.0,0,1500,0,1,PID_ATTITUDE
594.004775,480-600_STILL,37469653447600,681800,PITCH,0.02,-0.18,-0.21,0.0,0.0,0.0,0.0,0,1500,0,1,PID_ATTITUDE
594.114326,480-600_STILL,37469762999400,681900,PITCH,0.02,-0.17,-0.2,0.0,0.0,0.0,0.0,0,1500,0,1,PID_ATTITUDE
594.207431,480-600_STILL,37469856104400,682000,PITCH,0.03,-0.16,-0.19,0.0,0.0,0.0,0.0,0,1500,0,1,PID_ATTITUDE
594.317247,480-600_STILL,37469965919500,682100,PITCH,0.04,-0.17,-0.2,0.0,0.0,0.0,0.0,0,1500,0,1,PID_ATTITUDE
594.410035,480-600_STILL,37470058708000,682200,PITCH,0.05,-0.17,-0.2,0.0,0.0,0.0,0.0,0,1500,0,1,PID_ATTITUDE
594.503613,480-600_STILL,37470152286200,682300,PITCH,0.05,-0.17,-0.2,0.0,0.0,0.0,0.0,0,1500,0,1,PID_ATTITUDE
594.612998,480-600_STILL,37470261671200,682400,PITCH,0.06,-0.17,-0.19,0.0,0.0,0.0,0.0,0,1500,0,1,PID_ATTITUDE
594.706911,480-600_STILL,37470355583800,682500,PITCH,0.06,-0.15,-0.18,0.0,0.0,0.0,0.0,0,1500,0,1,PID_ATTITUDE
594.814170,480-600_STILL,37470462843300,682600,PITCH,0.05,-0.15,-0.18,0.0,0.0,0.0,0.0,0,1500,0,1,PID_ATTITUDE
594.857234,480-600_STILL,37470505907200,682700,PITCH,0.04,-0.16,-0.19,0.0,0.0,0.0,0.0,0,1500,0,1,PID_ATTITUDE
595.003567,480-600_STILL,37470652239500,682800,PITCH,0.03,-0.16,-0.19,0.0,0.0,0.0,0.0,0,1500,0,1,PID_ATTITUDE
595.113077,480-600_STILL,37470761749700,682900,PITCH,0.03,-0.15,-0.18,0.0,0.0,0.0,0.0,0,1500,0,1,PID_ATTITUDE
595.204400,480-600_STILL,37470853072800,683000,PITCH,0.04,-0.14,-0.17,0.0,0.0,0.0,0.0,0,1500,0,1,PID_ATTITUDE
595.313713,480-600_STILL,37470962386100,683100,PITCH,0.03,-0.15,-0.18,0.0,0.0,0.0,0.0,0,1500,0,1,PID_ATTITUDE
595.407584,480-600_STILL,37471056256700,683200,PITCH,0.03,-0.15,-0.18,0.0,0.0,0.0,0.0,0,1500,0,1,PID_ATTITUDE
595.515754,480-600_STILL,37471164427400,683300,PITCH,0.03,-0.16,-0.19,0.0,0.0,0.0,0.0,0,1500,0,1,PID_ATTITUDE
595.609725,480-600_STILL,37471258397900,683400,PITCH,0.03,-0.17,-0.2,0.0,0.0,0.0,0.0,0,1500,0,1,PID_ATTITUDE
595.702378,480-600_STILL,37471351051000,683500,PITCH,0.03,-0.17,-0.2,0.0,0.0,0.0,0.0,0,1500,0,1,PID_ATTITUDE
595.811498,480-600_STILL,37471460170700,683600,PITCH,0.04,-0.16,-0.19,0.0,0.0,0.0,0.0,0,1500,0,1,PID_ATTITUDE
595.857097,480-600_STILL,37471505769800,683700,PITCH,0.05,-0.16,-0.19,0.0,0.0,0.0,0.0,0,1500,0,1,PID_ATTITUDE
596.013801,480-600_STILL,37471662473800,683800,PITCH,0.06,-0.2,-0.23,0.0,0.0,0.0,0.0,0,1500,0,1,PID_ATTITUDE
596.106510,480-600_STILL,37471755182800,683900,PITCH,0.03,-0.22,-0.25,0.0,0.0,0.0,0.0,0,1500,0,1,PID_ATTITUDE
596.214744,480-600_STILL,37471863416500,684000,PITCH,0.04,-0.22,-0.25,0.0,0.0,0.0,0.0,0,1500,0,1,PID_ATTITUDE
596.308109,480-600_STILL,37471956782100,684100,PITCH,0.04,-0.22,-0.25,0.0,0.0,0.0,0.0,0,1500,0,1,PID_ATTITUDE
596.416887,480-600_STILL,37472065560200,684200,PITCH,0.03,-0.22,-0.25,0.0,0.0,0.0,0.0,0,1500,0,1,PID_ATTITUDE
596.510209,480-600_STILL,37472158881900,684300,PITCH,0.03,-0.22,-0.25,0.0,0.0,0.0,0.0,0,1500,0,1,PID_ATTITUDE
596.604402,480-600_STILL,37472253074800,684400,PITCH,0.04,-0.22,-0.25,0.0,0.0,0.0,0.0,0,1500,0,1,PID_ATTITUDE
596.713465,480-600_STILL,37472362137800,684500,PITCH,0.04,-0.22,-0.26,0.0,0.0,0.0,0.0,0,1500,0,1,PID_ATTITUDE
596.807134,480-600_STILL,37472455806700,684600,PITCH,0.04,-0.22,-0.25,0.0,0.0,0.0,0.0,0,1500,0,1,PID_ATTITUDE
596.856626,480-600_STILL,37472505299400,684700,PITCH,0.05,-0.22,-0.25,0.0,0.0,0.0,0.0,0,1500,0,1,PID_ATTITUDE
597.008782,480-600_STILL,37472657454900,684800,PITCH,0.05,-0.22,-0.25,0.0,0.0,0.0,0.0,0,1500,0,1,PID_ATTITUDE
597.102824,480-600_STILL,37472751496900,684900,PITCH,0.04,-0.22,-0.25,0.0,0.0,0.0,0.0,0,1500,0,1,PID_ATTITUDE
597.211054,480-600_STILL,37472859727100,685000,PITCH,0.05,-0.22,-0.25,0.0,0.0,0.0,0.0,0,1500,0,1,PID_ATTITUDE
597.304702,480-600_STILL,37472953374600,685100,PITCH,0.05,-0.22,-0.25,0.0,0.0,0.0,0.0,0,1500,0,1,PID_ATTITUDE
597.414083,480-600_STILL,37473062755500,685200,PITCH,0.05,-0.2,-0.23,0.0,0.0,0.0,0.0,0,1500,0,1,PID_ATTITUDE
597.506923,480-600_STILL,37473155595500,685300,PITCH,0.04,-0.19,-0.22,0.0,0.0,0.0,0.0,0,1500,0,1,PID_ATTITUDE
597.616305,480-600_STILL,37473264977800,685400,PITCH,0.05,-0.18,-0.2,0.0,0.0,0.0,0.0,0,1500,0,1,PID_ATTITUDE
597.709875,480-600_STILL,37473358548000,685500,PITCH,0.06,-0.17,-0.2,0.0,0.0,0.0,0.0,0,1500,0,1,PID_ATTITUDE
597.803229,480-600_STILL,37473451901900,685600,PITCH,0.05,-0.16,-0.19,0.0,0.0,0.0,0.0,0,1500,0,1,PID_ATTITUDE
597.856772,480-600_STILL,37473505445000,685700,PITCH,0.05,-0.15,-0.18,0.0,0.0,0.0,0.0,0,1500,0,1,PID_ATTITUDE
598.008099,480-600_STILL,37473656772000,685800,PITCH,0.05,-0.15,-0.18,0.0,0.0,0.0,0.0,0,1500,0,1,PID_ATTITUDE
598.118136,480-600_STILL,37473766808900,685900,PITCH,0.06,-0.15,-0.18,0.0,0.0,0.0,0.0,0,1500,0,1,PID_ATTITUDE
598.212127,480-600_STILL,37473860799900,686000,PITCH,0.06,-0.15,-0.18,0.0,0.0,0.0,0.0,0,1500,0,1,PID_ATTITUDE
598.305231,480-600_STILL,37473953904400,686100,PITCH,0.05,-0.15,-0.18,0.0,0.0,0.0,0.0,0,1500,0,1,PID_ATTITUDE
598.413602,480-600_STILL,37474062274400,686200,PITCH,0.05,-0.16,-0.19,0.0,0.0,0.0,0.0,0,1500,0,1,PID_ATTITUDE
598.506362,480-600_STILL,37474155035300,686300,PITCH,0.04,-0.16,-0.2,0.0,0.0,0.0,0.0,0,1500,0,1,PID_ATTITUDE
598.615610,480-600_STILL,37474264282700,686400,PITCH,0.04,-0.17,-0.2,0.0,0.0,0.0,0.0,0,1500,0,1,PID_ATTITUDE
598.707883,480-600_STILL,37474356556300,686500,PITCH,0.04,-0.17,-0.2,0.0,0.0,0.0,0.0,0,1500,0,1,PID_ATTITUDE
598.817124,480-600_STILL,37474465796600,686600,PITCH,0.04,-0.17,-0.2,0.0,0.0,0.0,0.0,0,1500,0,1,PID_ATTITUDE
598.856625,480-600_STILL,37474505298300,686700,PITCH,0.03,-0.18,-0.21,0.0,0.0,0.0,0.0,0,1500,0,1,PID_ATTITUDE
599.003103,480-600_STILL,37474651775900,686800,PITCH,0.03,-0.19,-0.22,0.0,0.0,0.0,0.0,0,1500,0,1,PID_ATTITUDE
599.111483,480-600_STILL,37474760155900,686900,PITCH,0.03,-0.19,-0.22,0.0,0.0,0.0,0.0,0,1500,0,1,PID_ATTITUDE
599.204548,480-600_STILL,37474853221300,687000,PITCH,0.04,-0.19,-0.22,0.0,0.0,0.0,0.0,0,1500,0,1,PID_ATTITUDE
599.312938,480-600_STILL,37474961610900,687100,PITCH,0.04,-0.19,-0.22,0.0,0.0,0.0,0.0,0,1500,0,1,PID_ATTITUDE
599.405783,480-600_STILL,37475054455500,687200,PITCH,0.05,-0.19,-0.22,0.0,0.0,0.0,0.0,0,1500,0,1,PID_ATTITUDE
599.513911,480-600_STILL,37475162583700,687300,PITCH,0.05,-0.19,-0.22,0.0,0.0,0.0,0.0,0,1500,0,1,PID_ATTITUDE
599.607209,480-600_STILL,37475255882400,687400,PITCH,0.05,-0.19,-0.23,0.0,0.0,0.0,0.0,0,1500,0,1,PID_ATTITUDE
599.716618,480-600_STILL,37475365291300,687500,PITCH,0.05,-0.2,-0.23,0.0,0.0,0.0,0.0,0,1500,0,1,PID_ATTITUDE
599.810375,480-600_STILL,37475459048000,687600,PITCH,0.05,-0.18,-0.22,0.0,0.0,0.0,0.0,0,1500,0,1,PID_ATTITUDE
599.856370,480-600_STILL,37475505042400,687700,PITCH,0.05,-0.19,-0.22,0.0,0.0,0.0,0.0,0,1500,0,1,PID_ATTITUDE
